id,system,sector,region,grid,grid_col,grid_row
sw-00000,23 Mere,,Colonies,M-13,M,13
sw-00001,2GS-91E20,,Core Worlds,M-11,M,11
sw-00002,5251977,Quence,Outer Rim Territories,P-18,P,18
sw-00003,A-Foroon,Arkanis,Outer Rim Territories,R-16,R,16
sw-00004,Aaeton,,Core Worlds,K-9,K,9
sw-00005,Aakaash,Oplovis,Outer Rim Territories,M-5,M,5
sw-00006,Aaloth,Gaulus,Outer Rim Territories,S-17,S,17
sw-00007,Aar,Nijune,Outer Rim Territories,N-5,N,5
sw-00008,Aargau,,Core Worlds,L-10,L,10
sw-00009,Aargonar,Perkell,Mid Rim,Q-7,Q,7
sw-00010,Aaris,Kathol,Outer Rim Territories,M-21,M,21
sw-00011,Aaron,Tharin,Outer Rim Territories,S-8,S,8
sw-00012,Ab Dalis,Gaulus,Outer Rim Territories,R-17,R,17
sw-00013,Ab'Bshingh,Sujimis,Outer Rim Territories,O-19,O,19
sw-00014,Abaarian,Abaar,Mid Rim,K-7,K,7
sw-00015,Abafar,Quelii,Outer Rim Territories,O-6,O,6
sw-00016,Abar,Tragan Cluster,Outer Rim Territories,N-5,N,5
sw-00017,Abbaji,Zuma (Spar),Outer Rim Territories,H-16,H,16
sw-00018,Abecederia,Noolian,Mid Rim,Q-13,Q,13
sw-00019,Abednedo,,Colonies,N-12,N,12
sw-00020,Abelor,Yushan,Mid Rim,K-17,K,17
sw-00021,Abersyn,Cyrillian Protectorate,Expansion Region,O-12,O,12
sw-00022,Abhean,Maldrood,Mid Rim,R-7,R,7
sw-00023,Abo Dreth,Corporate Sector,Outer Rim Territories,S-3,S,3
sw-00024,Abonshee,Fakir,Colonies,K-9,K,9
sw-00025,Abraxas,Yushan,Mid Rim,K-17,K,17
sw-00026,Abraxin,Tion Hegemony,Outer Rim Territories,S-6,S,6
sw-00027,Abregado,,Core Worlds,K-13,K,13
sw-00028,Abridon,Koradin,Outer Rim Territories,J-18,J,18
sw-00029,Abrihom,Rayter,Outer Rim Territories,J-19,J,19
sw-00030,Abrion Major,Abrion,Outer Rim Territories,S-15,S,15
sw-00031,Absanz,Allied Tion,Outer Rim Territories,S-6,S,6
sw-00032,Absit,Tunka,Outer Rim Territories,I-19,I,19
sw-00033,Abyss,Ash Worlds,Outer Rim Territories,S-7,S,7
sw-00034,Ac'fren,Calaron,Outer Rim Territories,T-9,T,9
sw-00035,Acachla,,Colonies,N-10,N,10
sw-00036,Achillea,Tapani,Colonies,L-13,L,13
sw-00037,Acomber,,Colonies,M-9,M,9
sw-00038,Actlyon,Jjannex,Outer Rim Territories,K-19,K,19
sw-00039,Adalog,Mytaranor,Mid Rim,Q-10,Q,10
sw-00040,Adamastor,,Core Worlds,L-9,L,9
sw-00041,Adana,,Deep Core,L-10,L,10
sw-00042,Adari,Adari,Inner Rim,M-9,M,9
sw-00043,Adarlon,Minos Cluster,Outer Rim Territories,M-20,M,20
sw-00044,Adelphi,Kibilini,Outer Rim Territories,P-17,P,17
sw-00045,Adikaria,,Core Worlds,K-12,K,12
sw-00046,Adim,Adari,Inner Rim,M-9,M,9
sw-00047,Adin,Lostar,Expansion Region,M-7,M,7
sw-00048,Adinax Nebula,Semagi,Mid Rim,I-16,I,16
sw-00049,Adner,Yataga,Expansion Region,N-16,N,16
sw-00050,Adoris,Senex,Mid Rim,L-17,L,17
sw-00051,Adras,Seswenna,Outer Rim Territories,M-17,M,17
sw-00052,Adratharpe,,Mid Rim,H-15,H,15
sw-00053,Adrathorpe,,Wild Space,I-11,I,11
sw-00054,Aduba,Bheriz,Outer Rim Territories,U-11,U,11
sw-00055,Adumar,,Wild Space,J-6,J,6
sw-00056,Aefao,Corosi,Outer Rim Territories,N-5,N,5
sw-00057,Aeneid,Kessel,Outer Rim Territories,T-10,T,10
sw-00058,Aeos,Chopani,Outer Rim Territories,M-3,M,3
sw-00059,Aesolian,,Wild Space,I-15,I,15
sw-00060,Aestilan,Demetras,Outer Rim Territories,P-7,P,7
sw-00061,Aeten,,Wild Space,J-6,J,6
sw-00062,Affa,,Inner Rim,M-13,M,13
sw-00063,Affadar,Fellwe,Expansion Region,L-8,L,8
sw-00064,Affavan,,Hutt Space,S-12,S,12
sw-00065,Agamar,Lahara,Outer Rim Territories,M-5,M,5
sw-00066,Agaris,,Wild Space,G-14,G,14
sw-00067,Agash,Great Agash,Expansion Region,K-15,K,15
sw-00068,Agoliba-Tu,Veragi,Outer Rim Territories,K-3,K,3
sw-00069,Agomar,Seswenna,Outer Rim Territories,M-18,M,18
sw-00070,Agon,Ash Worlds,Outer Rim Territories,T-7,T,7
sw-00071,Agora,Sluis,Outer Rim Territories,M-19,M,19
sw-00072,Agridorn,,Colonies,N-12,N,12
sw-00073,Agriworld-2079,M'shinni,Mid Rim,L-7,L,7
sw-00074,Aguarl,Mbandamonte,Expansion Region,N-15,N,15
sw-00075,Ahakista,Myto,Outer Rim Territories,K-3,K,3
sw-00076,Ahch-To,,Unknown Regions,F-13,F,13
sw-00077,Ahn Krantarium,Esuain,Mid Rim,P-7,P,7
sw-00078,Ai'ken Prime,,Inner Rim,O-10,O,10
sw-00079,Aida,Aida,Mid Rim,Q-13,Q,13
sw-00080,Aikhibba,Fei Hu,Mid Rim,P-13,P,13
sw-00081,Ailon,,Inner Rim,N-12,N,12
sw-00082,Aiqin,Airam,Outer Rim Territories,L-20,L,20
sw-00083,Ajan Kloss,Cademimu,Outer Rim Territories,L-5,L,5
sw-00084,Ak-Hurst,Tarabba,Outer Rim Territories,M-19,M,19
sw-00085,Akiva,Meerian,Outer Rim Territories,O-6,O,6
sw-00086,Akkadese Maelstrom,Kessel,Outer Rim Territories,T-10,T,10
sw-00087,Akrit'tar,Calaron,Outer Rim Territories,T-9,T,9
sw-00088,Akuria,Oplovis,Outer Rim Territories,M-5,M,5
sw-00089,Al'doleem,Hune,Mid Rim,Q-12,Q,12
sw-00090,Alabash,Fakir,Colonies,K-9,K,9
sw-00091,Alagon,Tennuutta,Mid Rim,Q-7,Q,7
sw-00092,Alakatha,Var Hagen,Mid Rim,M-16,M,16
sw-00093,Alamass,Calaron,Outer Rim Territories,T-9,T,9
sw-00094,Alarevi,Gaulus,Outer Rim Territories,S-17,S,17
sw-00095,Alashan,,Wild Space,J-5,J,5
sw-00096,Alaspin,Suolriep,Outer Rim Territories,S-8,S,8
sw-00097,Alassa Major,Vilonis,Mid Rim,O-16,O,16
sw-00098,Alba,Belsmuth,Outer Rim Territories,O-6,O,6
sw-00099,Albarrio,Albarrio,Outer Rim Territories,K-5,K,5
sw-00100,Albecus,,Core Worlds,L-9,L,9
sw-00101,Albrae-Don,Sern,Colonies,L-13,L,13
sw-00102,Alchenaut,Alchenaut,Expansion Region,L-16,L,16
sw-00103,Alderaan,Alderaan,Core Worlds,M-10,M,10
sw-00104,Alderath,Alderath,Mid Rim,L-7,L,7
sw-00105,Alderbathe,Churnis,Mid Rim,J-6,J,6
sw-00106,Aldereen,,Inner Rim,M-14,M,14
sw-00107,Aldhani,Cademimu,Outer Rim Territories,M-6,M,6
sw-00108,Aldin,Aldino,Mid Rim,J-17,J,17
sw-00109,Aldivy,Illisurevimurasi,Outer Rim Territories,Q-4,Q,4
sw-00110,Aldo Spach,Jospro,Outer Rim Territories,S-7,S,7
sw-00111,Aldraig,,Core Worlds,M-10,M,10
sw-00112,Alee,,Hutt Space,R-9,R,9
sw-00113,Aleen,Bright Jewel,Mid Rim,L-7,L,7
sw-00114,Aleen Minor,,Inner Rim,M-13,M,13
sw-00115,Aleron,Tapani,Colonies,L-13,L,13
sw-00116,Alfestril,,Inner Rim,N-12,N,12
sw-00117,Algara,Lambda,Mid Rim,P-15,P,15
sw-00118,Algarian,Dufilvian,Mid Rim,Q-15,Q,15
sw-00119,Algarra,Thrasybule,Outer Rim Territories,P-6,P,6
sw-00120,Algnadesh,Hapes Cluster,Inner Rim,O-9,O,9
sw-00121,Algor,Cronese Mandate,Outer Rim Territories,S-6,S,6
sw-00122,Algunnis,Trax,Mid Rim,Q-10,Q,10
sw-00123,Alion,,Inner Rim,L-14,L,14
sw-00124,Alios,Rachuk,Colonies,N-11,N,11
sw-00125,Alis Point,Tamarin,Outer Rim Territories,N-18,N,18
sw-00126,Alisandor,Tapani,Colonies,L-13,L,13
sw-00127,Alk'Lellish,Sumitra,Expansion Region,N-7,N,7
sw-00128,Alkenak,,Core Worlds,M-12,M,12
sw-00129,Alland,,Core Worlds,K-10,K,10
sw-00130,Allandor,Tapani,Colonies,L-13,L,13
sw-00131,Allanteen,Tynna,Expansion Region,O-14,O,14
sw-00132,Alliga,Phelleem,Outer Rim Territories,S-7,S,7
sw-00133,Allst Prime,Taldot,Mid Rim,Q-8,Q,8
sw-00134,Alluuvia,Elrood,Outer Rim Territories,M-19,M,19
sw-00135,Allyuen,Javin (Anoat),Outer Rim Territories,K-18,K,18
sw-00136,"Almagest, The",,Inner Rim,J-13,J,13
sw-00137,Almak,Almak,Mid Rim,J-17,J,17
sw-00138,Almakar,,Inner Rim,N-9,N,9
sw-00139,Almania,Mortex (Almanian),Outer Rim Territories,S-5,S,5
sw-00140,Almar,Elrood,Outer Rim Territories,M-19,M,19
sw-00141,Almera,,Inner Rim,M-8,M,8
sw-00142,Aloxl,,Deep Core,L-10,L,10
sw-00143,Aloxor,Kontahr,Mid Rim,R-11,R,11
sw-00144,Alpheridies,Farstey,Expansion Region,O-8,O,8
sw-00145,Alphoresis,Grumani,Outer Rim Territories,M-17,M,17
sw-00146,Alpinn,Kanz,Outer Rim Territories,N-4,N,4
sw-00147,Alsakan,Alsaka,Core Worlds,L-9,L,9
sw-00148,Altair,Thrasybule,Outer Rim Territories,P-6,P,6
sw-00149,Altano,Piryn Shar,Expansion Region,K-16,K,16
sw-00150,Altarrn,Glythe,Mid Rim,J-7,J,7
sw-00151,Altawar,Corellian,Core Worlds,M-11,M,11
sw-00152,Althir,Rolion,Outer Rim Territories,P-6,P,6
sw-00153,Altier,Altier,Expansion Region,O-13,O,13
sw-00154,Altikar,Toblain,Outer Rim Territories,O-18,O,18
sw-00155,Altooni,Corellian,Core Worlds,M-11,M,11
sw-00156,Altor,Zoraster,Outer Rim Territories,U-13,U,13
sw-00157,Altora,Dalonbian,Outer Rim Territories,L-3,L,3
sw-00158,Altratonne,Ash Worlds,Outer Rim Territories,S-7,S,7
sw-00159,Altunna,Cassander,Outer Rim Territories,K-5,K,5
sw-00160,Altyr,Morshdine,Outer Rim Territories,O-5,O,5
sw-00161,Aludia,Trilon,Outer Rim Territories,H-16,H,16
sw-00162,Alui,Alui,Mid Rim,O-17,O,17
sw-00163,Alun,Oriolan,Mid Rim,J-16,J,16
sw-00164,Alurion,Raioballo,Outer Rim Territories,L-4,L,4
sw-00165,Alvorine,Yminis,Outer Rim Territories,S-14,S,14
sw-00166,Alzar,Thanium,Outer Rim Territories,R-6,R,6
sw-00167,Alzoc,Sujimis,Outer Rim Territories,P-19,P,19
sw-00168,Amaltanna,Kanz,Outer Rim Territories,N-4,N,4
sw-00169,Amar,Airon,Inner Rim,O-10,O,10
sw-00170,Amarin,Allied Tion,Outer Rim Territories,S-6,S,6
sw-00171,Amaxine Station,Tunka,Outer Rim Territories,J-19,J,19
sw-00172,Ambria,Airon,Inner Rim,O-10,O,10
sw-00173,Amethia Prime,,Inner Rim,L-14,L,14
sw-00174,Amfar,,Inner Rim,O-8,O,8
sw-00175,Ammon,Ciutric,Outer Rim Territories,N-5,N,5
sw-00176,Ammuud,Corporate Sector,Outer Rim Territories,S-4,S,4
sw-00177,Amorphiia,Eidoloni,Mid Rim,L-16,L,16
sw-00178,Amorris,Quelii,Outer Rim Territories,O-6,O,6
sw-00179,Ampliquen,Meridian,Outer Rim Territories,R-7,R,7
sw-00180,Anadeen,,Inner Rim,O-9,O,9
sw-00181,Anantapar,Javin (Yarith),Outer Rim Territories,K-18,K,18
sw-00182,Anarak,Wyl,Outer Rim Territories,R-4,R,4
sw-00183,Anaxes,Antemeridian,Outer Rim Territories,R-7,R,7
sw-00184,Ancathia,Albarrio,Outer Rim Territories,K-5,K,5
sw-00185,Anchoron,Mayagil,Outer Rim Territories,M-18,M,18
sw-00186,Andalia,Hapes Cluster,Inner Rim,O-9,O,9
sw-00187,Andara,,Core Worlds,L-13,L,13
sw-00188,Andasala,Cor'ric,Outer Rim Territories,P-18,P,18
sw-00189,Andelm,Svivreni,Outer Rim Territories,O-19,O,19
sw-00190,Ando,Lambda,Mid Rim,Q-15,Q,15
sw-00191,Andooweel,Arkanis,Outer Rim Territories,R-16,R,16
sw-00192,Andosha,Lambda,Mid Rim,P-15,P,15
sw-00193,Andraven,Wazta,Outer Rim Territories,J-18,J,18
sw-00194,Andulia,Doldur,Mid Rim,P-15,P,15
sw-00195,Andurkoss,Nouane,Inner Rim,N-8,N,8
sw-00196,Anduvia,Immalia,Expansion Region,K-8,K,8
sw-00197,Anelsana,Farstey,Expansion Region,O-8,O,8
sw-00198,Anemcoro,Albarrio,Outer Rim Territories,K-5,K,5
sw-00199,Anga,Sarka,Mid Rim,Q-8,Q,8
sw-00200,Angeria,Venaarian,Mid Rim,O-8,O,8
sw-00201,Angor,Myto,Outer Rim Territories,K-4,K,4
sw-00202,Angrallia,Fath,Outer Rim Territories,K-6,K,6
sw-00203,Angratha,Senex,Mid Rim,L-18,L,18
sw-00204,Anic,Xan,Mid Rim,Q-15,Q,15
sw-00205,Ank Ki'Shor,Indrexu,Outer Rim Territories,S-5,S,5
sw-00206,Ank Kit'aar,Druess,Mid Rim,O-15,O,15
sw-00207,Ankhural,,Hutt Space,R-9,R,9
sw-00208,Ankori,Kossa,Expansion Region,P-10,P,10
sw-00209,Ankot Station,Brema,Outer Rim Territories,M-17,M,17
sw-00210,Ankus,,Mid Rim,I-7,I,7
sw-00211,Annaj,Zuma (Moddell),Outer Rim Territories,H-16,H,16
sw-00212,Annamar,Bes Ber Bikade,Expansion Region,L-15,L,15
sw-00213,Annoo,Tharin,Outer Rim Territories,S-8,S,8
sw-00214,Anoat,Javin (Anoat),Outer Rim Territories,K-18,K,18
sw-00215,Anobis,Bright Jewel,Mid Rim,L-7,L,7
sw-00216,Anorelga,Braxant,Outer Rim Territories,K-3,K,3
sw-00217,Anoth,,Wild Space,J-20,J,20
sw-00218,Ansarra,Iskin,Mid Rim,O-16,O,16
sw-00219,Ansata,,Core Worlds,M-11,M,11
sw-00220,Ansek,Eidoloni,Mid Rim,M-17,M,17
sw-00221,Ansett,Ciutric,Outer Rim Territories,N-5,N,5
sw-00222,Ansillivog,Majoor,Expansion Region,N-15,N,15
sw-00223,Ansion,Churnis,Mid Rim,I-6,I,6
sw-00224,Anstares,Juvex,Mid Rim,L-17,L,17
sw-00225,Antakaria,Bothan,Mid Rim,R-14,R,14
sw-00226,Antamont,Meridian,Outer Rim Territories,R-6,R,6
sw-00227,Antar,,Inner Rim,N-12,N,12
sw-00228,Antared,Esstran,Outer Rim Territories,Q-4,Q,4
sw-00229,Antares,,Inner Rim,N-12,N,12
sw-00230,Anteevy,Esuain,Mid Rim,P-7,P,7
sw-00231,Antemeridias,Antemeridian,Outer Rim Territories,R-7,R,7
sw-00232,Anthan,Braxant,Outer Rim Territories,K-3,K,3
sw-00233,Anthus,Brema,Outer Rim Territories,M-17,M,17
sw-00234,Antillion,D'Astan,Outer Rim Territories,O-6,O,6
sw-00235,Antine,,Outer Rim Territories,I-19,I,19
sw-00236,Antipose,Centrality,Outer Rim Territories,U-8,U,8
sw-00237,Antiquity,Senex,Mid Rim,L-18,L,18
sw-00238,Antmuel,Chopani,Outer Rim Territories,M-3,M,3
sw-00239,Anto's Star,Saijo,Outer Rim Territories,K-20,K,20
sw-00240,Antolus,Sarka,Mid Rim,Q-8,Q,8
sw-00241,Anturus,Senex,Mid Rim,L-18,L,18
sw-00242,Anukara,Prackla,Expansion Region,O-8,O,8
sw-00243,Anx Minor,Raioballo,Outer Rim Territories,L-4,L,4
sw-00244,Anzat,Bryx,Mid Rim,R-7,R,7
sw-00245,Anzell,Bryx,Mid Rim,R-7,R,7
sw-00246,Aostai,,Wild Space,I-13,I,13
sw-00247,Apatros,Savareen,Outer Rim Territories,Q-16,Q,16
sw-00248,Apgar,Hilo,Expansion Region,O-13,O,13
sw-00249,Aphran,,Inner Rim,K-8,K,8
sw-00250,Apiliria,,Wild Space,T-5,T,5
sw-00251,Aplooine,Grumani,Outer Rim Territories,N-17,N,17
sw-00252,Apoka,Dohlbani,Mid Rim,R-14,R,14
sw-00253,Aq Vetina,Relgim,Outer Rim Territories,M-4,M,4
sw-00254,Aquaris,Sumitra,Expansion Region,N-7,N,7
sw-00255,Aquella,Senex,Mid Rim,L-17,L,17
sw-00256,Aquilae,,Colonies,N-12,N,12
sw-00257,Aquilaris,Sanbra,Outer Rim Territories,O-17,O,17
sw-00258,Aquilaris Minor,Grumani,Outer Rim Territories,M-17,M,17
sw-00259,Arabanth,Hapes Cluster,Inner Rim,O-9,O,9
sw-00260,Aradia,,Core Worlds,K-10,K,10
sw-00261,Arah,Dantus,Outer Rim Territories,J-6,J,6
sw-00262,Arakein,,Inner Rim,N-8,N,8
sw-00263,Aralia,Antemeridian,Outer Rim Territories,R-7,R,7
sw-00264,Aramal,Ryborean,Expansion Region,J-8,J,8
sw-00265,Aramand,Brak,Expansion Region,O-14,O,14
sw-00266,Aramanoo,Bheriz,Outer Rim Territories,U-10,U,10
sw-00267,Arami,Galov,Outer Rim Territories,T-13,T,13
sw-00268,Arantara,Dalmar,Mid Rim,Q-16,Q,16
sw-00269,Arapia,Dalchon,Outer Rim Territories,R-18,R,18
sw-00270,Arashar,,Inner Rim,J-8,J,8
sw-00271,Arat Fraca,,Colonies,M-12,M,12
sw-00272,Arath,Tunka,Outer Rim Territories,J-19,J,19
sw-00273,Arbiflux,Dalonbian,Outer Rim Territories,L-3,L,3
sw-00274,Arbooine,(Arboo),Outer Rim Territories,T-17,T,17
sw-00275,Arbra,Bon'nyuw-Luq,Outer Rim Territories,N-17,N,17
sw-00276,Arbular,Lambda,Mid Rim,Q-15,Q,15
sw-00277,Arc of Eden,Immalia,Expansion Region,K-8,K,8
sw-00278,Arcadi,,Inner Rim,N-10,N,10
sw-00279,Arcan,Cronese Mandate,Outer Rim Territories,S-6,S,6
sw-00280,Arcana,Lahara,Outer Rim Territories,M-5,M,5
sw-00281,Archae Teuthis,Brevost,Expansion Region,O-14,O,14
sw-00282,Archais,Hapes Cluster,Inner Rim,O-9,O,9
sw-00283,Archenar,Metatessu,Mid Rim,R-10,R,10
sw-00284,Archeon Nebula,Lothal,Outer Rim Territories,T-7,T,7
sw-00285,Arcopola,Spadja,Outer Rim Territories,Q-5,Q,5
sw-00286,Arcura,,Inner Rim,L-8,L,8
sw-00287,Arda,Gordian Reach,Outer Rim Territories,Q-6,Q,6
sw-00288,Ardennia,Fath,Outer Rim Territories,K-6,K,6
sw-00289,Ardis,,Unknown Regions,G-3,G,3
sw-00290,Ardroxia,Elochar,Mid Rim,R-9,R,9
sw-00291,Ardru,Iseno,Inner Rim,N-13,N,13
sw-00292,Argai,Cronese Mandate,Outer Rim Territories,S-6,S,6
sw-00293,Argai Minor,Haldeen,Colonies,M-9,M,9
sw-00294,Argavat,,Colonies,J-13,J,13
sw-00295,Argazda,Kanz,Outer Rim Territories,N-4,N,4
sw-00296,Argo,Tragan Cluster,Outer Rim Territories,N-5,N,5
sw-00297,Argoba,Trilon,Outer Rim Territories,H-15,H,15
sw-00298,Argoon,Tion Hegemony,Outer Rim Territories,S-6,S,6
sw-00299,Argovia,Endocray,Mid Rim,S-14,S,14
sw-00300,Argul,D'Aelgoth,Mid Rim,L-17,L,17
sw-00301,Argus,Lambda,Mid Rim,P-16,P,16
sw-00302,Aria Prime,,Inner Rim,O-9,O,9
sw-00303,Ariarch-17,Ariarch,Mid Rim,J-6,J,6
sw-00304,Aridinia,,Inner Rim,M-13,M,13
sw-00305,Aridka,Hertae,Mid Rim,Q-14,Q,14
sw-00306,Aridus,Narvath,Expansion Region,O-14,O,14
sw-00307,Arieli,Authala,Expansion Region,P-12,P,12
sw-00308,Aris,Albarrio,Outer Rim Territories,K-5,K,5
sw-00309,Aris Minor,Parmel,Outer Rim Territories,O-18,O,18
sw-00310,Arkam,,Inner Rim,M-14,M,14
sw-00311,Arkania,,Colonies,M-8,M,8
sw-00312,Arkanis,Arkanis,Outer Rim Territories,R-17,R,17
sw-00313,Arkax Station,,Inner Rim,M-14,M,14
sw-00314,Arkinnea,Axion,Expansion Region,P-10,P,10
sw-00315,Arkonne,Tarabba,Outer Rim Territories,M-19,M,19
sw-00316,Arkuda,Gordian Reach,Outer Rim Territories,Q-6,Q,6
sw-00317,Arleen,Centrality,Outer Rim Territories,T-8,T,8
sw-00318,Armath,Mikaster,Expansion Region,N-15,N,15
sw-00319,Arnot Station,Far Xandil,Mid Rim,P-16,P,16
sw-00320,Arorua,Sertar,Outer Rim Territories,R-5,R,5
sw-00321,Arporatal-Lanin,Juvex,Mid Rim,K-18,K,18
sw-00322,Arquata Station,Bes Ber Bikade,Expansion Region,L-15,L,15
sw-00323,Arrakan,Kalamith,Outer Rim Territories,P-5,P,5
sw-00324,Arramanx,Cronese Mandate,Outer Rim Territories,S-6,S,6
sw-00325,Arreyel,,Inner Rim,M-14,M,14
sw-00326,Arrgaw,Kira,Expansion Region,N-16,N,16
sw-00327,Arrochar,,Hutt Space,S-8,S,8
sw-00328,Arron Prime,Cassander,Outer Rim Territories,L-5,L,5
sw-00329,Arsteni,,Colonies,L-8,L,8
sw-00330,Artemesium,Lifh,Mid Rim,R-8,R,8
sw-00331,Artesia,Hangshan,Expansion Region,P-11,P,11
sw-00332,Arthon,Ottega,Mid Rim,L-6,L,6
sw-00333,Arthuria,Merthian,Expansion Region,N-14,N,14
sw-00334,Artiod Minor,Morellian CW*,Wild Space,S-3,S,3
sw-00335,Artom,Nuon e Safyd,Expansion Region,P-12,P,12
sw-00336,Artorias,Myto,Outer Rim Territories,K-3,K,3
sw-00337,Artus Prime,Kwymar,Outer Rim Territories,Q-4,Q,4
sw-00338,Aruza,,Expansion Region,I-14,I,14
sw-00339,Arvaka Prime,,Inner Rim,N-9,N,9
sw-00340,Arvala,Sevetta,Outer Rim Territories,S-15,S,15
sw-00341,Arveesh Station,Eclorar,Mid Rim,Q-12,Q,12
sw-00342,Arvina,Quiberon,Outer Rim Territories,S-15,S,15
sw-00343,Arzid,Calaron,Outer Rim Territories,T-9,T,9
sw-00344,Asamin,Strabin,Mid Rim,M-7,M,7
sw-00345,Asation,Veragi (Gree Enclave),Outer Rim Territories,K-3,K,3
sw-00346,Ash Moon 1,Jubilar (Kartovian),Outer Rim Territories,T-7,T,7
sw-00347,Ashas Ree,Esstran (Sith Worlds),Outer Rim Territories,R-5,R,5
sw-00348,Ashas Rine,Mortex,Outer Rim Territories,R-5,R,5
sw-00349,Ashash,Zarracina,Expansion Region,N-14,N,14
sw-00350,Asher,Sprizen,Outer Rim Territories,N-5,N,5
sw-00351,Ashkas-kov,Shelsha,Colonies,M-9,M,9
sw-00352,Ashteri's Cloud,Kessel,Outer Rim Territories,T-10,T,10
sw-00353,Askaj,Cegul,Outer Rim Territories,M-20,M,20
sw-00354,Askaria,Askarian,Expansion Region,P-12,P,12
sw-00355,Askkto-Fen,,Wild Space,P-19,P,19
sw-00356,Asmall,Ara Dyelle,Inner Rim,O-9,O,9
sw-00357,Asmeru,Senex,Mid Rim,L-17,L,17
sw-00358,Asog,Esstran,Outer Rim Territories,Q-4,Q,4
sw-00359,Asran,Brak,Expansion Region,O-14,O,14
sw-00360,Asrat,,Inner Rim,N-8,N,8
sw-00361,Ast Kikorie,Zuma (Moddell),Outer Rim Territories,H-16,H,16
sw-00362,Asteph'skaff,,Wild Space,I-6,I,6
sw-00363,Asterios,Narrant,Mid Rim,I-16,I,16
sw-00364,Asturias,Epsi Collective,Expansion Region,M-16,M,16
sw-00365,Asuin,,Hutt Space,S-11,S,11
sw-00366,Asusto,Gordian Reach,Outer Rim Territories,P-5,P,5
sw-00367,Asyrphus,Perkell,Mid Rim,Q-7,Q,7
sw-00368,At Attin,Quelii,Outer Rim Territories,N-6,N,6
sw-00369,Atanu,Alderath,Mid Rim,L-7,L,7
sw-00370,Atapap,,Inner Rim,N-12,N,12
sw-00371,Atchorb,Corporate Sector,Outer Rim Territories,S-3,S,3
sw-00372,Athallia,Athallia,Expansion Region,M-15,M,15
sw-00373,Athamar,Hewett,Mid Rim,M-7,M,7
sw-00374,Ather,Atravis,Outer Rim Territories,L-20,L,20
sw-00375,Athio,Mayagil,Outer Rim Territories,N-18,N,18
sw-00376,Athiss,Esstran (Sith Worlds),Outer Rim Territories,R-4,R,4
sw-00377,Athus Klee,Kalamith,Outer Rim Territories,P-5,P,5
sw-00378,Atoa,Ghost Nebula,Expansion Region,P-10,P,10
sw-00379,Atollon,Lothal,Outer Rim Territories,T-7,T,7
sw-00380,Ator,,Core Worlds,M-10,M,10
sw-00381,Atorra,Gordian Reach,Outer Rim Territories,Q-5,Q,5
sw-00382,Atraken,Rolion,Outer Rim Territories,Q-7,Q,7
sw-00383,Atrakus,Mikaster,Expansion Region,M-15,M,15
sw-00384,Atravis,Atravis,Outer Rim Territories,L-19,L,19
sw-00385,Atron,Senex,Mid Rim,L-18,L,18
sw-00386,Attahox,Hocatar,Expansion Region,P-12,P,12
sw-00387,Atterol,Atravis,Outer Rim Territories,L-19,L,19
sw-00388,Atterra,Kanz,Outer Rim Territories,N-4,N,4
sw-00389,Aturi Cluster,Hook Nebula,Outer Rim Territories,O-18,O,18
sw-00390,Atzerri,,Inner Rim,M-13,M,13
sw-00391,Aur,,Colonies,J-13,J,13
sw-00392,Auratera,Vorzyd,Outer Rim Territories,R-6,R,6
sw-00393,Aurea,Corellian,Core Worlds,M-11,M,11
sw-00394,Auril,Auril,Outer Rim Territories,R-6,R,6
sw-00395,Aurimaus,,Wild Space,I-16,I,16
sw-00396,Austan,Arkanis,Outer Rim Territories,R-16,R,16
sw-00397,Avedot,,Colonies,L-8,L,8
sw-00398,Avenel,,Inner Rim,O-8,O,8
sw-00399,Avenelle,Lantillian,Mid Rim,P-9,P,9
sw-00400,Averam,Seswenna,Outer Rim Territories,M-18,M,18
sw-00401,Averill,Teraab,Mid Rim,P-11,P,11
sw-00402,Avernio,,Unknown Regions,G-5,G,5
sw-00403,Avery,Belderone,Outer Rim Territories,R-6,R,6
sw-00404,Avidich,Chiss Space*,Unknown Regions,E-8,E,8
sw-00405,Aviles Prime,Hythrope,Expansion Region,M-15,M,15
sw-00406,Awalia,Raioballo,Outer Rim Territories,L-4,L,4
sw-00407,AX-456,Barma,Colonies,M-9,M,9
sw-00408,Axion,Axion,Expansion Region,P-10,P,10
sw-00409,Axtria,,Core Worlds,L-9,L,9
sw-00410,Axxila,D'Astan,Outer Rim Territories,O-5,O,5
sw-00411,Aybaria,Steniplis,Outer Rim Territories,L-19,L,19
sw-00412,Ayceezee,Kanz,Outer Rim Territories,N-4,N,4
sw-00413,Aylayl,,Hutt Space,S-12,S,12
sw-00414,Aynaboni,,Outer Rim Territories,J-5,J,5
sw-00415,Azbrian,,Core Worlds,L-12,L,12
sw-00416,Azna,Demetras,Outer Rim Territories,P-6,P,6
sw-00417,Aztubek,Javin,Outer Rim Territories,K-18,K,18
sw-00418,Azum,Itopol,Expansion Region,K-15,K,15
sw-00419,Azura,Oricho,Outer Rim Territories,M-6,M,6
sw-00420,Azure,Truum,Mid Rim,P-8,P,8
sw-00421,Azzameen Station,Garis,Outer Rim Territories,N-17,N,17
sw-00422,B'Knos,,Wild Space,G-16,G,16
sw-00423,B'nish,Tharin,Outer Rim Territories,S-8,S,8
sw-00424,B'trilla,Gordian Reach,Outer Rim Territories,Q-5,Q,5
sw-00425,B-Foroon,Arkanis,Outer Rim Territories,R-16,R,16
sw-00426,Baarstal,Sanbra,Outer Rim Territories,N-17,N,17
sw-00427,Babali,Corva,Outer Rim Territories,P-3,P,3
sw-00428,Babbadod,,Inner Rim,N-14,N,14
sw-00429,Bacia,,Inner Rim,M-14,M,14
sw-00430,Bacrana,Brak,Expansion Region,O-14,O,14
sw-00431,Bactriasa,,Inner Rim,O-10,O,10
sw-00432,Badfellow Station,,Core Worlds,M-10,M,10
sw-00433,Badtibira,,Core Worlds,K-12,K,12
sw-00434,Baes Logia,Quence,Outer Rim Territories,O-18,O,18
sw-00435,Baffia,,Deep Core,L-12,L,12
sw-00436,Baffop,Tamarin,Outer Rim Territories,O-19,O,19
sw-00437,Bahalian,Astal,Outer Rim Territories,P-18,P,18
sw-00438,Bahlah,Thesme,Outer Rim Territories,O-6,O,6
sw-00439,Bajic,Bajic,Outer Rim Territories,P-18,P,18
sw-00440,Bakisian Drift,Tragan Cluster,Outer Rim Territories,N-5,N,5
sw-00441,Bakkah,Thrasybule,Outer Rim Territories,P-6,P,6
sw-00442,Baklek,,Inner Rim,N-12,N,12
sw-00443,Bakura,,Wild Space,G-16,G,16
sw-00444,Bal'demnic,Auril,Outer Rim Territories,R-7,R,7
sw-00445,Balaidas,,Colonies,L-8,L,8
sw-00446,Balamak,Taldot,Mid Rim,Q-9,Q,9
sw-00447,Balanor,Noonian,Outer Rim Territories,M-6,M,6
sw-00448,Baldavia,Hapes Cluster,Inner Rim,O-9,O,9
sw-00449,Baldur,Nojic,Expansion Region,P-9,P,9
sw-00450,Balfron,Dolomar,Core Worlds,K-9,K,9
sw-00451,Balis-Baurgh,Sombure,Mid Rim,K-16,K,16
sw-00452,Balith,,Inner Rim,N-7,N,7
sw-00453,Balmorra,,Colonies,M-10,M,10
sw-00454,Balnab,Bright Jewel,Mid Rim,L-7,L,7
sw-00455,Balosar,,Core Worlds,L-12,L,12
sw-00456,Balowa,Daalang,Mid Rim,Q-12,Q,12
sw-00457,Baltimn,Chorlian,Outer Rim Territories,S-4,S,4
sw-00458,Baltizaar,Corthenia,Mid Rim,K-7,K,7
sw-00459,Baltro,Onatos,Mid Rim,R-15,R,15
sw-00460,Bamasia,,Inner Rim,N-9,N,9
sw-00461,Bamayar,Maldrood,Mid Rim,R-7,R,7
sw-00462,Bampa'k,Prefsbelt,Outer Rim Territories,K-5,K,5
sw-00463,Ban-Satir,Corporate Sector,Outer Rim Territories,S-4,S,4
sw-00464,Banas,Sanbra,Outer Rim Territories,O-17,O,17
sw-00465,Banasthau,,Inner Rim,O-11,O,11
sw-00466,Bancar,Rayter,Outer Rim Territories,J-19,J,19
sw-00467,Banchii,Jjannex,Outer Rim Territories,K-19,K,19
sw-00468,Bandomeer,Meerian,Outer Rim Territories,O-6,O,6
sw-00469,Bandonia,,Core Worlds,L-10,L,10
sw-00470,Bannistar Station,Hevvrol,Mid Rim,O-15,O,15
sw-00471,Bantu,Emmo,Core Worlds,M-12,M,12
sw-00472,Banvhar Station,Kriz,Outer Rim Territories,J-18,J,18
sw-00473,Bar Neth,Albarrio,Outer Rim Territories,K-5,K,5
sw-00474,Bar'leth,,Core Worlds,M-10,M,10
sw-00475,Baraan-Fa,Grumani,Outer Rim Territories,N-17,N,17
sw-00476,Barab,Albanin,Outer Rim Territories,U-12,U,12
sw-00477,Barabaras,,Mid Rim,J-15,J,15
sw-00478,Barabesh,,Mid Rim,I-16,I,16
sw-00479,Baraboo,,Core Worlds,M-11,M,11
sw-00480,Baradas,,Colonies,L-8,L,8
sw-00481,Baralou,Varada,Outer Rim Territories,H-20,H,20
sw-00482,Baramorra,Carrion,Outer Rim Territories,J-4,J,4
sw-00483,Barancar,Cronese Mandate,Outer Rim Territories,S-6,S,6
sw-00484,Barbadel,,Core Worlds,K-13,K,13
sw-00485,Barbeen,,Deep Core,L-10,L,10
sw-00486,Barcaria,Sombure,Mid Rim,K-16,K,16
sw-00487,Barcola,,Colonies,N-10,N,10
sw-00488,Bardelberan,Churnis,Mid Rim,J-6,J,6
sw-00489,Bardotta,Shasos,Colonies,K-13,K,13
sw-00490,Bardram Scoft,,Unknown Regions,D-7,D,7
sw-00491,Barenth,Drannik,Expansion Region,K-8,K,8
sw-00492,Barison,Gordian Reach,Outer Rim Territories,Q-6,Q,6
sw-00493,Barkhesh,Seitia,Outer Rim Territories,K-19,K,19
sw-00494,Barlok,Marcol,Inner Rim,L-8,L,8
sw-00495,Barnaba,Tapani,Colonies,L-13,L,13
sw-00496,Barnahof,Yminis,Outer Rim Territories,S-14,S,14
sw-00497,Baroli,Baroli,Expansion Region,N-14,N,14
sw-00498,Baroonda,Calaron,Outer Rim Territories,T-9,T,9
sw-00499,Baros,Lothal,Outer Rim Territories,U-7,U,7
sw-00500,Barpine,Weneen,Outer Rim Territories,N-6,N,6
sw-00501,Barraken,Varada,Outer Rim Territories,H-19,H,19
sw-00502,Bars Barka,Barsa,Mid Rim,J-6,J,6
sw-00503,Barseg,Allied Tion,Outer Rim Territories,S-6,S,6
sw-00504,Bartokan,Tamarin,Outer Rim Territories,N-19,N,19
sw-00505,Barton,Colundra,Outer Rim Territories,S-5,S,5
sw-00506,Barundi,Thanium,Outer Rim Territories,S-5,S,5
sw-00507,Basan,Churba,Mid Rim,P-15,P,15
sw-00508,Basarais,Kossa,Expansion Region,O-11,O,11
sw-00509,Basath,,Colonies,J-13,J,13
sw-00510,Basilisk,,Core Worlds,L-9,L,9
sw-00511,Baskarn,Noonian,Outer Rim Territories,M-6,M,6
sw-00512,Baskron,Trax,Mid Rim,Q-10,Q,10
sw-00513,Bassadro,,Colonies,L-13,L,13
sw-00514,Bassel,,Inner Rim,N-13,N,13
sw-00515,Basta Core,Wyl,Outer Rim Territories,R-4,R,4
sw-00516,Bastatha,,Inner Rim,N-10,N,10
sw-00517,Basteel,Corva,Outer Rim Territories,P-3,P,3
sw-00518,Bastion,Braxant,Outer Rim Territories,K-3,K,3
sw-00519,Bastooine,Graador,Mid Rim,I-17,I,17
sw-00520,Bathoris,,Inner Rim,N-8,N,8
sw-00521,Batonn,Ash Worlds (Batonn),Outer Rim Territories,T-7,T,7
sw-00522,Bator Bai,Senex,Mid Rim,L-18,L,18
sw-00523,Batorine,,Colonies,J-9,J,9
sw-00524,Batravia,Serathrace,Expansion Region,P-11,P,11
sw-00525,Batuu,Trilon,Outer Rim Territories,G-15,G,15
sw-00526,Batuv,Askarian,Expansion Region,P-12,P,12
sw-00527,Baummu,Shadola,Outer Rim Territories,U-8,U,8
sw-00528,Bavva,Javin (Anoat),Outer Rim Territories,K-18,K,18
sw-00529,Baylagon,,Core Worlds,M-10,M,10
sw-00530,Baylin Cluster,Trans-Nebular,Mid Rim,R-16,R,16
sw-00531,Bayora,Extorin,Expansion Region,J-15,J,15
sw-00532,Bazaar,Halthor,Outer Rim Territories,M-6,M,6
sw-00533,Bazarre,Cademimu,Outer Rim Territories,M-6,M,6
sw-00534,Beauchen,Vensori,Mid Rim,P-8,P,8
sw-00535,Beckoning Call Starr,,Inner Rim,O-10,O,10
sw-00536,Bedlam,Thusa,Mid Rim,O-7,O,7
sw-00537,Bedlam Pulsar,Thusa,Mid Rim,O-7,O,7
sw-00538,Beetle Nebula,Bon'nyuw-Luq,Outer Rim Territories,N-18,N,18
sw-00539,Begali,,Inner Rim,M-8,M,8
sw-00540,Begamor,Lahara,Outer Rim Territories,M-5,M,5
sw-00541,Begeren,Esstran (Sith Worlds),Outer Rim Territories,R-4,R,4
sw-00542,Beheboth,Sanbra,Outer Rim Territories,O-17,O,17
sw-00543,Beixander,,Mid Rim,H-15,H,15
sw-00544,Belasco,Belasco,Expansion Region,O-11,O,11
sw-00545,Belassar,Sarla,Expansion Region,J-8,J,8
sw-00546,Belat,Vilonis,Mid Rim,O-16,O,16
sw-00547,Belazura,,Colonies,M-13,M,13
sw-00548,Belderone,Belderone,Outer Rim Territories,R-6,R,6
sw-00549,Beledeen,,Colonies,K-13,K,13
sw-00550,Belgaroth,,Core Worlds,K-13,K,13
sw-00551,Belial,Sanbra,Outer Rim Territories,N-17,N,17
sw-00552,Belkadan,Dalonbian,Outer Rim Territories,L-1,L,1
sw-00553,Belladoon,Myto,Outer Rim Territories,K-3,K,3
sw-00554,Bellassa,,Core Worlds,M-11,M,11
sw-00555,Bellis,Demetras,Outer Rim Territories,P-7,P,7
sw-00556,Belloria,Seswenna,Outer Rim Territories,M-18,M,18
sw-00557,Belnar,Belnar,Colonies,M-9,M,9
sw-00558,Belovia,Ombakond,Expansion Region,P-12,P,12
sw-00559,Belsavis,Bozhnee,Outer Rim Territories,L-18,L,18
sw-00560,Belshar Othacuu,Belshar,Mid Rim,J-7,J,7
sw-00561,Belsmuth,Belsmuth,Outer Rim Territories,O-6,O,6
sw-00562,Belthu,Demetras,Outer Rim Territories,O-7,O,7
sw-00563,Beltire,Narrant,Mid Rim,J-17,J,17
sw-00564,Beltrix,,Inner Rim,M-14,M,14
sw-00565,Belukat,Corpheli,Expansion Region,M-7,M,7
sw-00566,Belvaria,Corweillian,Mid Rim,P-15,P,15
sw-00567,Benath,,Wild Space,I-7,I,7
sw-00568,Bendeluum,Javin (Anoat),Outer Rim Territories,K-18,K,18
sw-00569,Bendii,Seitia,Outer Rim Territories,K-19,K,19
sw-00570,Bendone,Bosph,Outer Rim Territories,R-3,R,3
sw-00571,Benetage,Thanium,Outer Rim Territories,R-6,R,6
sw-00572,Bengat,,Inner Rim,J-8,J,8
sw-00573,Bengely,Tamarin,Outer Rim Territories,N-19,N,19
sw-00574,Benglor,Onatos,Mid Rim,R-15,R,15
sw-00575,Benja-Rihn,Sevastol,Mid Rim,Q-14,Q,14
sw-00576,Benkal,,Wild Space,H-17,H,17
sw-00577,Bentora,Samix,Outer Rim Territories,Q-19,Q,19
sw-00578,Benwabula,Shadola,Outer Rim Territories,U-7,U,7
sw-00579,Ber de Val,,Colonies,M-9,M,9
sw-00580,Berason,Eclorar,Mid Rim,Q-12,Q,12
sw-00581,Berchest,Anthos,Inner Rim,N-8,N,8
sw-00582,Berea,Elrood,Outer Rim Territories,M-19,M,19
sw-00583,Beris,Fei Hu,Mid Rim,Q-13,Q,13
sw-00584,Bernilla,,Inner Rim,L-14,L,14
sw-00585,Beroq,Baroli,Expansion Region,N-14,N,14
sw-00586,Berri,,Inner Rim,N-9,N,9
sw-00587,Berrol's Donn,Kriz,Outer Rim Territories,K-19,K,19
sw-00588,Berrun,,Colonies,M-10,M,10
sw-00589,Berullia,Quence,Outer Rim Territories,O-18,O,18
sw-00590,Berzite,,Wild Space,U-8,U,8
sw-00591,Bes,Airam,Outer Rim Territories,M-20,M,20
sw-00592,Besberra,Cegul,Outer Rim Territories,L-20,L,20
sw-00593,Bescane,Obtrexta,Outer Rim Territories,K-3,K,3
sw-00594,Besero,,Deep Core,L-10,L,10
sw-00595,Beshka,Aparo,Outer Rim Territories,R-3,R,3
sw-00596,Besn,Mayagil,Outer Rim Territories,N-18,N,18
sw-00597,Besnia,,Colonies,N-12,N,12
sw-00598,Bespin,Javin (Anoat),Outer Rim Territories,K-18,K,18
sw-00599,Bessimir,,Core Worlds,L-9,L,9
sw-00600,Bestal,Varada,Outer Rim Territories,I-19,I,19
sw-00601,Bestine,,Inner Rim,M-14,M,14
sw-00602,Bestoon,,Colonies,J-9,J,9
sw-00603,Beta Olikark,Wyl,Outer Rim Territories,S-4,S,4
sw-00604,Beta Rhama,Dalchon,Outer Rim Territories,R-17,R,17
sw-00605,Betal,,Wild Space,J-5,J,5
sw-00606,Betha,Corva,Outer Rim Territories,P-4,P,4
sw-00607,Bethal,Tapani,Colonies,L-13,L,13
sw-00608,Bethars,Emmo,Core Worlds,M-12,M,12
sw-00609,Betolio,Tapani,Colonies,L-13,L,13
sw-00610,Betshish,Gordian Reach,Outer Rim Territories,P-5,P,5
sw-00611,Bettel,Javin (Yarith),Outer Rim Territories,K-18,K,18
sw-00612,Betthanie,Wornal,Mid Rim,K-16,K,16
sw-00613,Bettok,Velcar,Outer Rim Territories,J-4,J,4
sw-00614,Bevell,,Inner Rim,L-8,L,8
sw-00615,Bextar,Velcar,Outer Rim Territories,J-4,J,4
sw-00616,Bezha,,Colonies,N-10,N,10
sw-00617,Bezim,Vorc,Mid Rim,J-7,J,7
sw-00618,Beznaz,Quiberon,Outer Rim Territories,T-15,T,15
sw-00619,Bhargebba,Esstran (Sith Worlds),Outer Rim Territories,R-4,R,4
sw-00620,Bheriz,Bheriz,Outer Rim Territories,U-10,U,10
sw-00621,Bhuna Sound,Yushan,Mid Rim,K-17,K,17
sw-00622,Bianas,Tapani,Colonies,L-13,L,13
sw-00623,Bid'jerma,Prefsbelt,Outer Rim Territories,J-5,J,5
sw-00624,Biewa,Corporate Sector,Outer Rim Territories,S-4,S,4
sw-00625,Biitu,Cassander (Tadrin),Outer Rim Territories,K-5,K,5
sw-00626,Biivren,Biivren,Expansion Region,P-9,P,9
sw-00627,Bilbringi,,Inner Rim,J-8,J,8
sw-00628,Bilios,Tapani,Colonies,L-13,L,13
sw-00629,Billaron,Chitargarh,Expansion Region,K-15,K,15
sw-00630,Bilzen,,Wild Space,U-12,U,12
sw-00631,Bimin Three,Majoor,Expansion Region,N-15,N,15
sw-00632,Bimmiel,Kanz,Outer Rim Territories,N-4,N,4
sw-00633,Bimmisaari,Halla,Mid Rim,R-9,R,9
sw-00634,Binaros,Kathol (Outback),Outer Rim Territories,M-21,M,21
sw-00635,Binquaros,Ciutric,Outer Rim Territories,N-5,N,5
sw-00636,Biravia,Venaarian,Mid Rim,O-7,O,7
sw-00637,Birba,,Deep Core,M-10,M,10
sw-00638,Birgis,Dalonbian,Outer Rim Territories,M-3,M,3
sw-00639,Birix,Bryx,Mid Rim,R-8,R,8
sw-00640,Birjis,Dalchon,Outer Rim Territories,R-17,R,17
sw-00641,Birren,,Inner Rim,O-10,O,10
sw-00642,Birsingrial,,Core Worlds,L-10,L,10
sw-00643,Birukay,(Gardaji),Outer Rim Territories,M-1,M,1
sw-00644,Bisellia,Clacis,Outer Rim Territories,K-4,K,4
sw-00645,Biskar,,Inner Rim,K-14,K,14
sw-00646,Bissillirus,Trax,Mid Rim,Q-10,Q,10
sw-00647,Bith,,Core Worlds,L-13,L,13
sw-00648,Bitmus Cloud,Wazta,Outer Rim Territories,J-18,J,18
sw-00649,Bittelari Cluster,Fath,Outer Rim Territories,K-6,K,6
sw-00650,Bivoli,,Inner Rim,L-15,L,15
sw-00651,Bizikia,Kwymar,Outer Rim Territories,P-4,P,4
sw-00652,Black Bantha,,Inner Rim,K-8,K,8
sw-00653,"Black Delve, The",Har Worlds,Expansion Region,J-16,J,16
sw-00654,Black Hole of Nakat,,Inner Rim,N-7,N,7
sw-00655,Black Hole of Quintas,Kriz,Outer Rim Territories,J-19,J,19
sw-00656,Black Nebula,,Colonies,M-12,M,12
sw-00657,Black Widow Nebula,Calaron,Outer Rim Territories,T-9,T,9
sw-00658,Blackfel,Greater Plooriod,Expansion Region,M-7,M,7
sw-00659,Blacktar Cyst,Oktos,Mid Rim,R-12,R,12
sw-00660,Blair Cluster,Airam,Outer Rim Territories,L-20,L,20
sw-00661,Blarrum,Mayagil,Outer Rim Territories,N-18,N,18
sw-00662,Blathar,Yucrales,Mid Rim,R-15,R,15
sw-00663,Blenjeel,Dufilvian,Mid Rim,Q-15,Q,15
sw-00664,Bleuf,,Core Worlds,L-13,L,13
sw-00665,Blimph,Kastolar,Mid Rim,Q-10,Q,10
sw-00666,Blood Nest,Halori,Mid Rim,P-7,P,7
sw-00667,Bloxia,,Wild Space,I-7,I,7
sw-00668,Blutopia,Vensensor,Expansion Region,K-16,K,16
sw-00669,Blyte,Tapani,Colonies,L-13,L,13
sw-00670,Bnach,Calaron,Outer Rim Territories,T-9,T,9
sw-00671,Bnar,Braxant,Outer Rim Territories,K-3,K,3
sw-00672,Boden,Videnda,Outer Rim Territories,M-18,M,18
sw-00673,Bodoria,Andirma,Expansion Region,L-15,L,15
sw-00674,Bodrin,Elrood,Outer Rim Territories,M-20,M,20
sw-00675,Bofa,Steniplis,Outer Rim Territories,M-18,M,18
sw-00676,Bogano,Mieru'kar,Outer Rim Territories,N-3,N,3
sw-00677,Bogden,,Inner Rim,M-8,M,8
sw-00678,Bogo Rai,,Unknown Regions,E-8,E,8
sw-00679,Bogoa,Immerian Outback,Expansion Region,N-14,N,14
sw-00680,Boiyuh,,Colonies,J-9,J,9
sw-00681,Bolad,Tharin,Outer Rim Territories,S-8,S,8
sw-00682,Bolbotarp,Corellian,Core Worlds,M-11,M,11
sw-00683,Boledge,,Inner Rim,N-12,N,12
sw-00684,Bolenia,,Core Worlds,K-9,K,9
sw-00685,Boltrunia,Baxel,Outer Rim Territories,U-11,U,11
sw-00686,Bomis Koori,Wornal,Mid Rim,K-16,K,16
sw-00687,Bomodon,Churba,Mid Rim,O-15,O,15
sw-00688,Bompreil,Demetras,Outer Rim Territories,P-7,P,7
sw-00689,Bonadan,Corporate Sector,Outer Rim Territories,S-3,S,3
sw-00690,Bontormia,Bortele,Mid Rim,R-8,R,8
sw-00691,Boonta,Suolriep,Outer Rim Territories,S-8,S,8
sw-00692,Boordii,Sumitra,Expansion Region,N-7,N,7
sw-00693,Boosodia,,Inner Rim,N-8,N,8
sw-00694,Bootana Shagplan,,Hutt Space,S-10,S,10
sw-00695,Boothi,Abrion,Outer Rim Territories,S-15,S,15
sw-00696,Boranall,Doldur,Mid Rim,P-15,P,15
sw-00697,Boranda,Manda,Mid Rim,R-14,R,14
sw-00698,Borao,,Inner Rim,M-14,M,14
sw-00699,Borcorash,Weneen,Outer Rim Territories,N-6,N,6
sw-00700,Borga,Yminis,Outer Rim Territories,S-14,S,14
sw-00701,Boriin,,Inner Rim,N-14,N,14
sw-00702,Borkeen,Belsmuth,Outer Rim Territories,O-6,O,6
sw-00703,Borkyne,Bes Ber Bikade,Expansion Region,L-15,L,15
sw-00704,Borleias,,Colonies,K-9,K,9
sw-00705,Borloria,Dentari,Expansion Region,O-8,O,8
sw-00706,Borlov,Tunka,Outer Rim Territories,J-19,J,19
sw-00707,Bormea,Bormea,Core Worlds,L-9,L,9
sw-00708,Bormter,,Wild Space,H-14,H,14
sw-00709,Bormus,Dustig,Mid Rim,N-16,N,16
sw-00710,Boro-borosa,Senex,Mid Rim,L-18,L,18
sw-00711,Borosk,Prefsbelt,Outer Rim Territories,K-5,K,5
sw-00712,Bortele Cluster,Bortele,Mid Rim,R-8,R,8
sw-00713,Bortras,Brema (Reithcas),Outer Rim Territories,M-18,M,18
sw-00714,Boruga,,Core Worlds,L-10,L,10
sw-00715,Bos-Una,,Inner Rim,J-14,J,14
sw-00716,Bosch,,Core Worlds,K-10,K,10
sw-00717,Bosph,Bosph,Outer Rim Territories,Q-3,Q,3
sw-00718,Bosthirda,Esstran (Sith Worlds),Outer Rim Territories,R-5,R,5
sw-00719,Botajef,Belsmuth,Outer Rim Territories,O-6,O,6
sw-00720,Bothawui,Bothan,Mid Rim,R-14,R,14
sw-00721,Bothsoliman,Hollan,Mid Rim,M-7,M,7
sw-00722,Botor,Botor Enclave,Core Worlds,K-12,K,12
sw-00723,Boudolayz,,Colonies,N-12,N,12
sw-00724,Bovo Yagen,Kailion,Expansion Region,O-13,O,13
sw-00725,Bowane Nebula,Tungra (Fand),Outer Rim Territories,K-18,K,18
sw-00726,Boxer Point Station,Prackla,Expansion Region,O-8,O,8
sw-00727,Boz Pity,Halla,Mid Rim,S-9,S,9
sw-00728,Boztrok,Aparo,Outer Rim Territories,R-3,R,3
sw-00729,Bpfassh,Sluis,Outer Rim Territories,M-19,M,19
sw-00730,Bracca,Lantillian,Mid Rim,P-9,P,9
sw-00731,Braccio,,Wild Space,I-5,I,5
sw-00732,Brachi,Sertar,Outer Rim Territories,R-5,R,5
sw-00733,Brachnis Chorios,Meridian,Outer Rim Territories,R-7,R,7
sw-00734,Bragkis,Belderone,Outer Rim Territories,R-6,R,6
sw-00735,Bramior,,Inner Rim,M-9,M,9
sw-00736,Branteez,Tolonda,Outer Rim Territories,Q-17,Q,17
sw-00737,Brask Oto,,Unknown Regions,H-7,H,7
sw-00738,Bravais,,Inner Rim,O-9,O,9
sw-00739,Bravis,Spadja,Outer Rim Territories,R-5,R,5
sw-00740,Bray,Piryn Shar,Expansion Region,K-16,K,16
sw-00741,Breeka,Cadavine,Outer Rim Territories,P-17,P,17
sw-00742,Brella Temior,Barma,Colonies,M-9,M,9
sw-00743,Brentaal,Bormea,Core Worlds,L-9,L,9
sw-00744,Bresallis,Cadma,Outer Rim Territories,T-8,T,8
sw-00745,Bresan,Kathol (Outback),Outer Rim Territories,M-21,M,21
sw-00746,Breshig,Mandalore,Outer Rim Territories,O-7,O,7
sw-00747,Breshkall,Khuiumin,Outer Rim Territories,O-19,O,19
sw-00748,Bresnia,Tandon,Mid Rim,Q-14,Q,14
sw-00749,Breta Yaga,Mieru'kar,Outer Rim Territories,O-3,O,3
sw-00750,Bretta,Ojoster,Outer Rim Territories,N-7,N,7
sw-00751,Brevost,Brevost,Expansion Region,O-15,O,15
sw-00752,Bri'ahl,Bri'ahl,Outer Rim Territories,I-17,I,17
sw-00753,Bri'n,Lothal,Outer Rim Territories,U-7,U,7
sw-00754,Bridin Anchorage,Portmoak,Outer Rim Territories,P-18,P,18
sw-00755,Brield,,Colonies,M-12,M,12
sw-00756,Brightday,,Inner Rim,K-8,K,8
sw-00757,Brigia,Tion Hegemony,Outer Rim Territories,T-6,T,6
sw-00758,Brink Station,,Wild Space,O-3,O,3
sw-00759,Brint-wo,Koradin,Outer Rim Territories,I-18,I,18
sw-00760,Brintooin,Seswenna,Outer Rim Territories,M-18,M,18
sw-00761,Briston,Shelsha,Colonies,M-9,M,9
sw-00762,Britaxis Minor,,Inner Rim,O-11,O,11
sw-00763,Brix,,Colonies,N-10,N,10
sw-00764,Brochiib,Trianii Space*,Wild Space,S-3,S,3
sw-00765,Brodo Asogi,Perinn,Outer Rim Territories,J-4,J,4
sw-00766,Brodogon,Bozhnee,Outer Rim Territories,L-18,L,18
sw-00767,Broest,,Core Worlds,L-10,L,10
sw-00768,Brolsam,Kathol,Outer Rim Territories,M-21,M,21
sw-00769,Bromlarch,Vish,Mid Rim,O-16,O,16
sw-00770,Bronsoon,Gordian Reach,Outer Rim Territories,P-6,P,6
sw-00771,Bront,Svivreni,Outer Rim Territories,O-19,O,19
sw-00772,Brosi,Corporate Sector,Outer Rim Territories,S-3,S,3
sw-00773,Brunet,Prefsbelt,Outer Rim Territories,J-5,J,5
sw-00774,Bruvia,Harron Marches,Expansion Region,P-11,P,11
sw-00775,Bryexx,Varvenna,Colonies,M-13,M,13
sw-00776,Bryndar,Dalicron,Outer Rim Territories,K-19,K,19
sw-00777,Bryx,Bryx,Mid Rim,R-8,R,8
sw-00778,Bseto,Msst,Mid Rim,P-7,P,7
sw-00779,Buamlon Central,Esstran,Outer Rim Territories,Q-4,Q,4
sw-00780,Bubble of the Lost,,Wild Space,O-3,O,3
sw-00781,Buchich,Calamari,Outer Rim Territories,U-6,U,6
sw-00782,Budpock,Meridian,Outer Rim Territories,R-7,R,7
sw-00783,Bulano,,Core Worlds,M-10,M,10
sw-00784,Bundil,Ferra,Outer Rim Territories,S-16,S,16
sw-00785,Bundim,Trax,Mid Rim,Q-10,Q,10
sw-00786,Bunduki,Pacanth Reach,Outer Rim Territories,H-16,H,16
sw-00787,Bunka,Illisurevimurasi,Outer Rim Territories,Q-4,Q,4
sw-00788,Buoyant,,Inner Rim,J-14,J,14
sw-00789,Burna,Cademimu,Outer Rim Territories,L-6,L,6
sw-00790,Burnin Konn,Javin (Anoat),Outer Rim Territories,K-18,K,18
sw-00791,Burnsi,Dustig,Mid Rim,N-16,N,16
sw-00792,Burska,,Mid Rim,I-7,I,7
sw-00793,Bursoll,,Wild Space,H-17,H,17
sw-00794,Burundang,Harron,Expansion Region,O-11,O,11
sw-00795,Buruunin,Atravis,Outer Rim Territories,L-19,L,19
sw-00796,Byblos,,Colonies,M-12,M,12
sw-00797,Byllura,Grumani,Outer Rim Territories,N-17,N,17
sw-00798,Bynarria,Lantillian,Mid Rim,P-8,P,8
sw-00799,Byrnum Maw,,Inner Rim,L-8,L,8
sw-00800,Byrsym,Paqwepori,Mid Rim,P-15,P,15
sw-00801,Byss,,Deep Core,K-11,K,11
sw-00802,C-Foroon,Arkanis,Outer Rim Territories,R-16,R,16
sw-00803,Caamas,,Core Worlds,M-9,M,9
sw-00804,Caaraz,Stensen,Outer Rim Territories,H-17,H,17
sw-00805,Caarimon,Meridian,Outer Rim Territories,R-7,R,7
sw-00806,Caarsin Station,Lannik Wilds,Mid Rim,R-13,R,13
sw-00807,Cabarria,,Colonies,M-13,M,13
sw-00808,Cadannia,Msst,Mid Rim,P-7,P,7
sw-00809,Cademimu,Cademimu,Outer Rim Territories,M-6,M,6
sw-00810,Cadinth,Allied Tion,Outer Rim Territories,S-6,S,6
sw-00811,Cadma,Centrality,Outer Rim Territories,T-8,T,8
sw-00812,Cadomai,Aparo (Catarlo),Outer Rim Territories,R-3,R,3
sw-00813,Cal-Seti,Torranix,Core Worlds,K-10,K,10
sw-00814,Calabar,,Core Worlds,L-9,L,9
sw-00815,Calabosh,Arc d'Stot,Expansion Region,K-15,K,15
sw-00816,Calast,Grohl,Outer Rim Territories,R-16,R,16
sw-00817,Calcoraan,,Inner Rim,O-10,O,10
sw-00818,Calderos Station,Bryx,Mid Rim,R-8,R,8
sw-00819,Caldoni,,Core Worlds,M-12,M,12
sw-00820,Caldra Prime,Ado,Mid Rim,M-17,M,17
sw-00821,Caldra Tertius,Ado,Mid Rim,M-17,M,17
sw-00822,Calfa,Hapes Cluster,Inner Rim,O-9,O,9
sw-00823,Calgon,Meridian,Outer Rim Territories,R-7,R,7
sw-00824,Caliban,Savareen,Outer Rim Territories,Q-17,Q,17
sw-00825,Calior,Seitia,Outer Rim Territories,K-20,K,20
sw-00826,Calipsa,Tapani,Colonies,L-13,L,13
sw-00827,Calladus,Ojoster,Outer Rim Territories,N-7,N,7
sw-00828,Calline,Dail,Outer Rim Territories,Q-18,Q,18
sw-00829,Callonia,Fakir,Colonies,K-9,K,9
sw-00830,Callos,Brema,Outer Rim Territories,M-17,M,17
sw-00831,Calonica,Vensensor,Expansion Region,K-16,K,16
sw-00832,Caloria,Tapani,Colonies,L-13,L,13
sw-00833,Caltinia,Senex,Mid Rim,L-17,L,17
sw-00834,Caltrop Belt,Elrood,Outer Rim Territories,M-20,M,20
sw-00835,Calumdarian,Immalia,Expansion Region,K-8,K,8
sw-00836,Calus,,Inner Rim,L-15,L,15
sw-00837,Caluula,Tion Hegemony,Outer Rim Territories,T-6,T,6
sw-00838,Camaria,Tarabba,Outer Rim Territories,M-19,M,19
sw-00839,Camblia,,Colonies,L-13,L,13
sw-00840,Cambria,,Deep Core,L-10,L,10
sw-00841,Camden,Morshdine,Outer Rim Territories,O-5,O,5
sw-00842,Camen,Tamarin,Outer Rim Territories,N-18,N,18
sw-00843,Camson,Abrion,Outer Rim Territories,S-15,S,15
sw-00844,Camus,Illisurevimurasi,Outer Rim Territories,Q-4,Q,4
sw-00845,Canastra,,Core Worlds,K-10,K,10
sw-00846,Candoria,,Colonies,J-13,J,13
sw-00847,Candovant,,Colonies,N-12,N,12
sw-00848,Canoliss,Sluis,Outer Rim Territories,M-19,M,19
sw-00849,Canti,Tapani,Colonies,L-13,L,13
sw-00850,Cantonica,Corporate Sector,Outer Rim Territories,S-4,S,4
sw-00851,Cantras Gola,Perinn,Outer Rim Territories,J-4,J,4
sw-00852,Cantros,Saijo,Outer Rim Territories,J-20,J,20
sw-00853,Canyon,Montitian Grant,Expansion Region,J-15,J,15
sw-00854,Capella,Gordian Reach,Outer Rim Territories,Q-6,Q,6
sw-00855,Caphexdis,Homon,Mid Rim,M-7,M,7
sw-00856,Caprioril,Dolomar,Core Worlds,K-9,K,9
sw-00857,Capza,Velcar,Outer Rim Territories,K-4,K,4
sw-00858,Caragon-Viner,,Colonies,N-12,N,12
sw-00859,Carajam,Dalonbian,Outer Rim Territories,M-3,M,3
sw-00860,Caramm,Talcene,Mid Rim,R-8,R,8
sw-00861,Caraxl,Cassander,Outer Rim Territories,K-5,K,5
sw-00862,Carbos,Roche,Mid Rim,Q-8,Q,8
sw-00863,Carcel,Locris,Expansion Region,O-8,O,8
sw-00864,Carconth,,Core Worlds,M-11,M,11
sw-00865,Cardekkia,Corellian,Core Worlds,M-11,M,11
sw-00866,Cardellia,Ojoster,Outer Rim Territories,N-7,N,7
sw-00867,Cardo Minor,Meerian,Outer Rim Territories,O-6,O,6
sw-00868,Cardooine,Jospro,Outer Rim Territories,R-7,R,7
sw-00869,Cardovyte,Oricho,Outer Rim Territories,M-6,M,6
sw-00870,Cardua,,Core Worlds,L-10,L,10
sw-00871,Carest,,Inner Rim,N-8,N,8
sw-00872,Cargamalis,Bruanii,Mid Rim,K-18,K,18
sw-00873,Carida,,Colonies,M-9,M,9
sw-00874,Carlac,Prefsbelt,Outer Rim Territories,K-5,K,5
sw-00875,Carlania,Hapes Cluster,Inner Rim,O-9,O,9
sw-00876,Carlem,,Core Worlds,L-10,L,10
sw-00877,Carlix's Folly,Tharin,Outer Rim Territories,S-8,S,8
sw-00878,Carnelion,,Wild Space,J-5,J,5
sw-00879,Carnovia,,Hutt Space,S-12,S,12
sw-00880,Carnth,M'shinni,Mid Rim,M-7,M,7
sw-00881,Carosi,Nembus,Outer Rim Territories,P-4,P,4
sw-00882,Carpagia,,Colonies,L-9,L,9
sw-00883,Carpastor,Rolion,Outer Rim Territories,Q-7,Q,7
sw-00884,Carrandar Secundus,Portmoak,Outer Rim Territories,P-18,P,18
sw-00885,Carratos,,Inner Rim,K-8,K,8
sw-00886,Carreras,Atravis,Outer Rim Territories,L-19,L,19
sw-00887,Carrivar,,Unknown Regions,G-9,G,9
sw-00888,Carruthia,D'Astan,Outer Rim Territories,O-6,O,6
sw-00889,Carsanza,Juvex,Mid Rim,L-17,L,17
sw-00890,Cartao,Prackla,Expansion Region,O-8,O,8
sw-00891,Carto,Surron,Expansion Region,O-13,O,13
sw-00892,Cartusio,,Core Worlds,J-12,J,12
sw-00893,Carvandir,Carvandir,Expansion Region,J-7,J,7
sw-00894,Carz,Svivreni,Outer Rim Territories,O-20,O,20
sw-00895,Casfield,Tennuutta,Mid Rim,Q-7,Q,7
sw-00896,Caska,,Inner Rim,N-14,N,14
sw-00897,Cassander,Cassander,Outer Rim Territories,K-5,K,5
sw-00898,Cassidode,Aparo,Outer Rim Territories,R-3,R,3
sw-00899,Castell,,Colonies,M-9,M,9
sw-00900,Castilon,Tashtor,Mid Rim,I-16,I,16
sw-00901,Cataalda,Onatos,Mid Rim,R-15,R,15
sw-00902,Cataract of Moons,Tungra (Fand),Outer Rim Territories,K-18,K,18
sw-00903,Cathar,Quelii,Outer Rim Territories,N-6,N,6
sw-00904,Cathis,Jjannex,Outer Rim Territories,K-19,K,19
sw-00905,Catlia,Chiss Space*,Unknown Regions,G-8,G,8
sw-00906,Cato Neimoidia,Quellor,Colonies,N-11,N,11
sw-00907,Cattamascar,Bakura,Outer Rim Territories,G-16,G,16
sw-00908,Caulbon,,Inner Rim,L-14,L,14
sw-00909,Cauldron Nebula,Corva,Outer Rim Territories,P-3,P,3
sw-00910,Caulus Tertius,,Inner Rim,M-8,M,8
sw-00911,Cauper,Tapani,Colonies,L-13,L,13
sw-00912,Caursito,,Colonies,K-8,K,8
sw-00913,Cavaell,Emmo,Core Worlds,M-12,M,12
sw-00914,Cavamina,Doldur,Mid Rim,P-15,P,15
sw-00915,Caviness,Charra,Expansion Region,P-14,P,14
sw-00916,Cedonne,Dononter,Mid Rim,I-16,I,16
sw-00917,Cedre,Quelii,Outer Rim Territories,O-6,O,6
sw-00918,Cedrell,Emmo,Core Worlds,M-12,M,12
sw-00919,Cegul,Cegul,Outer Rim Territories,M-20,M,20
sw-00920,Ceiran,,Inner Rim,N-14,N,14
sw-00921,Ceitia,Bryx,Mid Rim,R-8,R,8
sw-00922,Cejansij,Halla,Mid Rim,R-9,R,9
sw-00923,Cel Amiin,Cantons of Lahag,Expansion Region,J-15,J,15
sw-00924,Celanon,D'Astan,Outer Rim Territories,O-6,O,6
sw-00925,Celdaru,,Wild Space,I-8,I,8
sw-00926,Celegia,Noori,Expansion Region,O-10,O,10
sw-00927,Celen,Elochar,Mid Rim,R-9,R,9
sw-00928,Celes,Herdessa,Mid Rim,Q-16,Q,16
sw-00929,"Celestial Wake, The",Kriz,Outer Rim Territories,K-19,K,19
sw-00930,Celsor,Hook Nebula,Outer Rim Territories,O-17,O,17
sw-00931,Celwis,,Unknown Regions,F-8,F,8
sw-00932,Centares,Maldrood,Mid Rim,R-7,R,7
sw-00933,Centori,Iskin,Mid Rim,O-16,O,16
sw-00934,Cerberon,,Deep Core,L-10,L,10
sw-00935,Cerea,Semagi,Mid Rim,I-16,I,16
sw-00936,Cerenia,Mbandamonte,Expansion Region,N-15,N,15
sw-00937,Cerilia,Xappyh,Outer Rim Territories,Q-3,Q,3
sw-00938,Ceriun,Nuiri,Outer Rim Territories,Q-6,Q,6
sw-00939,Cermau,Bakura,Outer Rim Territories,H-16,H,16
sw-00940,Cerosha,Jospro,Outer Rim Territories,R-7,R,7
sw-00941,Cerroban,Bon'nyuw-Luq,Mid Rim,N-18,N,18
sw-00942,CeSai,Illisurevimurasi,Outer Rim Territories,Q-4,Q,4
sw-00943,Cesya,Tapani,Colonies,L-13,L,13
sw-00944,Ceti 597,Hollan,Mid Rim,M-7,M,7
sw-00945,Cezith,Clacis,Outer Rim Territories,K-4,K,4
sw-00946,Ch'hodos,Esstran (Sith Worlds),Outer Rim Territories,R-4,R,4
sw-00947,Ch'manss,Var Hagen,Mid Rim,M-17,M,17
sw-00948,Ch'zimi'kho,Zeemacht Cluster,Inner Rim,N-8,N,8
sw-00949,Chaaktil,,Inner Rim,N-14,N,14
sw-00950,Chaastern,Shelsha,Colonies,M-9,M,9
sw-00951,Chabosh,Lahara,Outer Rim Territories,M-5,M,5
sw-00952,Chad,Jospro,Outer Rim Territories,R-7,R,7
sw-00953,Chadawa,Croynar,Inner Rim,N-14,N,14
sw-00954,Chagar,Khuiumin,Outer Rim Territories,O-19,O,19
sw-00955,Chagaria,Danjar,Outer Rim Territories,N-18,N,18
sw-00956,Chal Hudda,Garis,Outer Rim Territories,N-17,N,17
sw-00957,Chalacta,Metatessu,Mid Rim,R-10,R,10
sw-00958,Chalcedon,Tashtor,Mid Rim,I-16,I,16
sw-00959,Challon,,Core Worlds,L-9,L,9
sw-00960,Chamble,Mytaranor,Mid Rim,Q-10,Q,10
sw-00961,Chamm,,Core Worlds,M-12,M,12
sw-00962,Champala,,Inner Rim,L-8,L,8
sw-00963,Champat,,Core Worlds,M-12,M,12
sw-00964,Chanceuxi,Kanz,Outer Rim Territories,N-4,N,4
sw-00965,Chandaar,Cronese Mandate,Outer Rim Territories,S-6,S,6
sw-00966,Chandar's Folly,Saijo,Outer Rim Territories,J-20,J,20
sw-00967,Chandel,Ojoster,Outer Rim Territories,N-6,N,6
sw-00968,Chandrila,Bormea,Core Worlds,L-9,L,9
sw-00969,Changa,Tolonda,Outer Rim Territories,Q-18,Q,18
sw-00970,Chankin,Jidlor Marches,Mid Rim,I-16,I,16
sw-00971,Chanosant,Harron,Expansion Region,O-11,O,11
sw-00972,Charbodia,,Inner Rim,N-9,N,9
sw-00973,Chardaan,,Inner Rim,N-13,N,13
sw-00974,Chardis,Trilon,Outer Rim Territories,H-16,H,16
sw-00975,Charenthoth,,Colonies,N-9,N,9
sw-00976,Chargona,Citlik,Expansion Region,O-15,O,15
sw-00977,Charis,Kathol,Outer Rim Territories,M-21,M,21
sw-00978,Charissia,Bartahn,Inner Rim,L-15,L,15
sw-00979,Charmath,Farrfin,Core Worlds,K-9,K,9
sw-00980,Charra,Charra,Expansion Region,P-14,P,14
sw-00981,Charros,Numesira,Mid Rim,R-9,R,9
sw-00982,Charubah,Hapes Cluster,Inner Rim,O-9,O,9
sw-00983,Chashima,Auril,Outer Rim Territories,S-6,S,6
sw-00984,Chasidron Shoals,Bortele,Mid Rim,R-8,R,8
sw-00985,Chasin,,Core Worlds,M-12,M,12
sw-00986,Chasmeene,,Inner Rim,O-10,O,10
sw-00987,Chateuse,Tungra,Outer Rim Territories,K-19,K,19
sw-00988,Chaykin,Chaykin,Expansion Region,O-14,O,14
sw-00989,Chazwa,Orus,Inner Rim,N-8,N,8
sw-00990,Cheedoa,,Colonies,M-12,M,12
sw-00991,Cheelit,Semagi,Mid Rim,I-16,I,16
sw-00992,Cheeyoom Matee,,Core Worlds,K-9,K,9
sw-00993,Chekria,Shelsha,Colonies,M-9,M,9
sw-00994,Cheku,Brevost,Expansion Region,O-15,O,15
sw-00995,Chelleya,Seswenna,Outer Rim Territories,M-18,M,18
sw-00996,Chelloa,Grumani,Outer Rim Territories,M-17,M,17
sw-00997,Chemvau,,Colonies,M-13,M,13
sw-00998,Chennis,Greater Plooriod,Expansion Region,M-7,M,7
sw-00999,Chenowei,Gordian Reach,Outer Rim Territories,Q-5,Q,5
sw-01000,Cheravh,Mandalore,Outer Rim Territories,O-7,O,7
sw-01001,Cherridan,Belnar,Colonies,M-9,M,9
sw-01002,Cheruba,Hapes Cluster,Inner Rim,O-9,O,9
sw-01003,Chespea,Rayter (Berenge),Outer Rim Territories,J-19,J,19
sw-01004,Chestrashus,,Wild Space,Q-3,Q,3
sw-01005,Chibbier,Stensen,Outer Rim Territories,I-17,I,17
sw-01006,Chibias,Sombure,Mid Rim,K-17,K,17
sw-01007,Chiloon Rift,,Wild Space,O-3,O,3
sw-01008,Chiron,Ash Worlds,Outer Rim Territories,T-7,T,7
sw-01009,Chirrion,Rolion,Outer Rim Territories,Q-6,Q,6
sw-01010,Choah,Mortex,Outer Rim Territories,S-5,S,5
sw-01011,Choi,,Inner Rim,M-13,M,13
sw-01012,Chokan,Maerdocian,Mid Rim,Q-13,Q,13
sw-01013,Chol Nebula,,Outer Rim Territories,T-5,T,5
sw-01014,Cholganna,,Outer Rim Territories,T-5,T,5
sw-01015,Chommell Minor,Chommell,Mid Rim,O-17,O,17
sw-01016,Chonsetta,Metatessu,Mid Rim,R-9,R,9
sw-01017,Chorax,Rachuk,Colonies,N-11,N,11
sw-01018,Chorgad,Fei Hu,Mid Rim,Q-13,Q,13
sw-01019,Chorin,,Inner Rim,N-14,N,14
sw-01020,Chorra,Bamula,Inner Rim,J-13,J,13
sw-01021,Chortose,Rseik,Outer Rim Territories,N-20,N,20
sw-01022,Chosper,Hapes Cluster,Inner Rim,O-9,O,9
sw-01023,Choss,,Colonies,J-13,J,13
sw-01024,Chrellis,Lahara,Outer Rim Territories,M-5,M,5
sw-01025,Chrelythiumn,,Wild Space,K-2,K,2
sw-01026,Chrenthoan Abyss,Chrenthoa,Inner Rim,J-14,J,14
sw-01027,Christophsis,Savareen,Outer Rim Territories,Q-16,Q,16
sw-01028,Chroma Zed,Maerdocian,Mid Rim,Q-12,Q,12
sw-01029,Chroman,D'Aelgoth,Mid Rim,K-17,K,17
sw-01030,Chrome Citadel,Harron,Expansion Region,O-11,O,11
sw-01031,Chromovon,Nembus,Outer Rim Territories,P-4,P,4
sw-01032,Chrona,,Inner Rim,O-8,O,8
sw-01033,Chryya,Dustig,Mid Rim,M-17,M,17
sw-01034,Chundu,Cegul,Outer Rim Territories,L-20,L,20
sw-01035,Churr,Quellor,Colonies,N-12,N,12
sw-01036,Churruma,Velcar,Outer Rim Territories,J-5,J,5
sw-01037,Chuzalla,Tammuz,Outer Rim Territories,T-14,T,14
sw-01038,Chyron,Har Worlds,Expansion Region,J-16,J,16
sw-01039,Cianap,Piryn Shar,Expansion Region,K-16,K,16
sw-01040,Ciaox Venith,Croynar,Inner Rim,M-14,M,14
sw-01041,Cificap,Herdessa,Mid Rim,Q-16,Q,16
sw-01042,Cilare,Veragi,Outer Rim Territories,K-3,K,3
sw-01043,Cilpar,,Colonies,L-13,L,13
sw-01044,Cimarosa,Irnaj,Mid Rim,K-17,K,17
sw-01045,Cinnabar,Corellian,Core Worlds,M-11,M,11
sw-01046,Cioral,Chiss Space*,Unknown Regions,F-8,F,8
sw-01047,Cioran,,Core Worlds,L-12,L,12
sw-01048,Ciratu,Immerian Outback,Expansion Region,N-14,N,14
sw-01049,Circarpous,Circarpous,Expansion Region,O-12,O,12
sw-01050,Circumtore,,Hutt Space,S-12,S,12
sw-01051,Cirilia,Lannik Space,Mid Rim,R-13,R,13
sw-01052,Cirra,Brak,Expansion Region,O-14,O,14
sw-01053,Cirrus,Dantus,Outer Rim Territories,J-6,J,6
sw-01054,Cirtappa,Alui,Mid Rim,O-17,O,17
sw-01055,Cirus,Arkanis,Outer Rim Territories,R-17,R,17
sw-01056,Citlik,Citlik,Expansion Region,O-14,O,14
sw-01057,Ciutric,Ciutric,Outer Rim Territories,N-5,N,5
sw-01058,Clabron,,Core Worlds,K-13,K,13
sw-01059,Claer,Sern,Colonies,L-13,L,13
sw-01060,Clak'dor,Mayagil,Outer Rim Territories,M-18,M,18
sw-01061,Clantaano,Albanin,Outer Rim Territories,U-12,U,12
sw-01062,"Clar, The",,Wild Space,I-20,I,20
sw-01063,Clariv,Tion Hegemony,Outer Rim Territories,S-6,S,6
sw-01064,Clear View,,Wild Space,U-13,U,13
sw-01065,Clendor,,Inner Rim,O-8,O,8
sw-01066,Clerion,Palamut,Expansion Region,N-13,N,13
sw-01067,"Cloak of the Sith, The",Abrion,Outer Rim Territories,S-15,S,15
sw-01068,Clyne,Corellian,Core Worlds,M-11,M,11
sw-01069,Clysm,D'Astan,Outer Rim Territories,O-5,O,5
sw-01070,Cmaoli Di,Brema,Outer Rim Territories,M-17,M,17
sw-01071,Coachelle,Terr'skiar,Mid Rim,P-10,P,10
sw-01072,Cobal,,Core Worlds,K-13,K,13
sw-01073,Codia,,Mid Rim,H-15,H,15
sw-01074,Cog Hive Seven,Tharin,Outer Rim Territories,S-8,S,8
sw-01075,Cole-Haddon,Dalonbian,Outer Rim Territories,M-3,M,3
sw-01076,Colla,,Inner Rim,N-9,N,9
sw-01077,Colonial Station Camco,Chiss Space*,Unknown Regions,F-8,F,8
sw-01078,Colonial Station Chaf,Chiss Space*,Unknown Regions,F-9,F,9
sw-01079,Cols,Kastolar,Mid Rim,Q-10,Q,10
sw-01080,Colsassa,Jospro,Outer Rim Territories,R-7,R,7
sw-01081,Columex,Vorzyd,Outer Rim Territories,R-6,R,6
sw-01082,Columus,,Core Worlds,M-11,M,11
sw-01083,Colunda Prime,Phelleem (Colunda),Outer Rim Territories,S-7,S,7
sw-01084,"Cometwash, The",Gordian Reach,Outer Rim Territories,Q-6,Q,6
sw-01085,Comkin,,Inner Rim,N-7,N,7
sw-01086,Commenor,,Colonies,N-10,N,10
sw-01087,Comra,Prefsbelt,Outer Rim Territories,J-5,J,5
sw-01088,Cona,Inner Cluster,Inner Rim,O-11,O,11
sw-01089,Concord Dawn,Mandalore,Outer Rim Territories,O-7,O,7
sw-01090,Condular,,Core Worlds,M-12,M,12
sw-01091,Conjenus,Vish,Mid Rim,N-16,N,16
sw-01092,Constancia,,Deep Core,K-12,K,12
sw-01093,Contruum,Truum,Mid Rim,O-8,O,8
sw-01094,Coonee,Brevost,Expansion Region,O-15,O,15
sw-01095,Coorimbus,Tapani,Colonies,L-13,L,13
sw-01096,Copero,Chiss Space*,Unknown Regions,F-9,F,9
sw-01097,Cophrigin,Ash Worlds,Outer Rim Territories,T-7,T,7
sw-01098,Copperline,Vatha,Expansion Region,K-16,K,16
sw-01099,Cor I,Tapani,Colonies,L-13,L,13
sw-01100,Cor II,Tapani,Colonies,L-13,L,13
sw-01101,Cor III,Tapani,Colonies,L-13,L,13
sw-01102,Corann,,Core Worlds,M-9,M,9
sw-01103,Corbantis,Chaykin,Expansion Region,O-14,O,14
sw-01104,Corbett Cluster,Corbett,Mid Rim,I-17,I,17
sw-01105,Corbos,Esstran,Outer Rim Territories,Q-5,Q,5
sw-01106,Cordaxia,Kibilini,Outer Rim Territories,Q-17,Q,17
sw-01107,Cordes,,Inner Rim,N-9,N,9
sw-01108,Cordota,Lantillian,Mid Rim,P-8,P,8
sw-01109,Corellia,Corellian,Core Worlds,M-11,M,11
sw-01110,Corfai,Corellian,Core Worlds,M-11,M,11
sw-01111,Corg,,Wild Space,O-20,O,20
sw-01112,Coriallis,,Core Worlds,K-9,K,9
sw-01113,Corips,,Inner Rim,N-14,N,14
sw-01114,Corjain,Kathol,Outer Rim Territories,M-21,M,21
sw-01115,Corlaasi,Minos Cluster,Outer Rim Territories,M-20,M,20
sw-01116,Corlass,Cronese Mandate,Outer Rim Territories,S-6,S,6
sw-01117,Corlax,Allied Tion,Outer Rim Territories,S-6,S,6
sw-01118,Corlus,Woostri,Expansion Region,M-16,M,16
sw-01119,Cormit,Chiss Space*,Unknown Regions,F-8,F,8
sw-01120,Cornesia,Manda,Mid Rim,R-14,R,14
sw-01121,Coronar,,Colonies,L-9,L,9
sw-01122,Corosi,Corosi,Outer Rim Territories,N-6,N,6
sw-01123,Corphelion,Corpheli,Expansion Region,M-7,M,7
sw-01124,Corrdair,Hevvrol,Mid Rim,O-15,O,15
sw-01125,Corroth,,Colonies,N-9,N,9
sw-01126,Corsin,Greater Plooriod,Expansion Region,M-7,M,7
sw-01127,Corson Prime,Tharin (Periphery),Outer Rim Territories,S-8,S,8
sw-01128,Corstris,Quelii,Outer Rim Territories,O-6,O,6
sw-01129,Cortella,,Core Worlds,K-9,K,9
sw-01130,Corthenia,Corthenia,Mid Rim,K-7,K,7
sw-01131,Cortilium Major,Eucer,Mid Rim,Q-7,Q,7
sw-01132,Cortina,,Core Worlds,K-12,K,12
sw-01133,Corulag,Bormea,Core Worlds,L-9,L,9
sw-01134,Corus,Wyl,Outer Rim Territories,S-4,S,4
sw-01135,Coruscant,Corusca (Coruscant),Core Worlds,L-9,L,9
sw-01136,Coruschal,,Core Worlds,K-10,K,10
sw-01137,Coruscul,,Core Worlds,L-10,L,10
sw-01138,Corutarn,,Core Worlds,M-10,M,10
sw-01139,Corva,Corva,Outer Rim Territories,P-4,P,4
sw-01140,Corva Yag,Rseik,Outer Rim Territories,N-20,N,20
sw-01141,Corvanni,Neshig,Inner Rim,N-9,N,9
sw-01142,Corvis Minor,Ciutric,Outer Rim Territories,N-5,N,5
sw-01143,Corvus,Cronese Mandate,Outer Rim Territories,S-6,S,6
sw-01144,Corweillia,Corweillian,Mid Rim,P-15,P,15
sw-01145,Cosia,,Deep Core,M-11,M,11
sw-01146,Cosmatanic Steppes,Grohl,Outer Rim Territories,R-16,R,16
sw-01147,Cotellier,Rseik,Outer Rim Territories,N-20,N,20
sw-01148,Coth Fuuras,Deadalis,Expansion Region,J-8,J,8
sw-01149,Council,Javin (Anoat),Outer Rim Territories,K-18,K,18
sw-01150,Couronne,Couronne,Expansion Region,P-10,P,10
sw-01151,Cousault,Semagi,Mid Rim,I-16,I,16
sw-01152,Coveway,Koradin,Outer Rim Territories,I-18,I,18
sw-01153,Cowl Crucible,Oricho,Outer Rim Territories,M-5,M,5
sw-01154,Coxixia,,Core Worlds,M-12,M,12
sw-01155,Coyerti,Bortele,Mid Rim,S-8,S,8
sw-01156,Coyn,Elrood,Outer Rim Territories,M-20,M,20
sw-01157,Craci,Corporate Sector,Outer Rim Territories,R-4,R,4
sw-01158,Crait,Bon'nyuw-Luq,Outer Rim Territories,N-17,N,17
sw-01159,Crakull,,Unknown Regions,G-10,G,10
sw-01160,Cranan,Arkanis,Outer Rim Territories,R-16,R,16
sw-01161,Crandel,,Wild Space,U-11,U,11
sw-01162,Crash's Drift,Corellian,Core Worlds,M-11,M,11
sw-01163,Credaan,,Inner Rim,M-14,M,14
sw-01164,Crella,Tapani,Colonies,L-13,L,13
sw-01165,Cridark,Baroli,Expansion Region,N-15,N,15
sw-01166,Criigo,Ash Worlds,Outer Rim Territories,T-7,T,7
sw-01167,Crintlia,Outer Jalor,Mid Rim,I-7,I,7
sw-01168,Crispin,,Wild Space,S-3,S,3
sw-01169,Critoki,Esstran,Outer Rim Territories,Q-4,Q,4
sw-01170,Criton's Point,Myto,Outer Rim Territories,K-3,K,3
sw-01171,Critonia,,Mid Rim,I-15,I,15
sw-01172,Cro-Akon,Thuldin's Grant,Expansion Region,J-15,J,15
sw-01173,Croce,Yminis,Outer Rim Territories,S-14,S,14
sw-01174,Croluthe Zenj,Lannik Space,Mid Rim,R-13,R,13
sw-01175,Crombach Nebula,Belsmuth,Outer Rim Territories,O-6,O,6
sw-01176,Cron Drift,Auril,Outer Rim Territories,R-6,R,6
sw-01177,Crondre,Dufilvian,Mid Rim,R-15,R,15
sw-01178,Crossing Lanes Station,D'Astan,Outer Rim Territories,O-5,O,5
sw-01179,Crothy,Seitia,Outer Rim Territories,K-19,K,19
sw-01180,Crovna,Senex,Mid Rim,L-17,L,17
sw-01181,Croyden,,Inner Rim,M-13,M,13
sw-01182,Crseih,Pakuuni,Outer Rim Territories,T-6,T,6
sw-01183,Crucival,Tion Hegemony,Outer Rim Territories,S-6,S,6
sw-01184,Crul,Lannik Wilds,Mid Rim,R-13,R,13
sw-01185,Crushank Nebulae,Tantra,Outer Rim Territories,M-19,M,19
sw-01186,Crustai,,Unknown Regions,H-8,H,8
sw-01187,Cryon,Meram,Outer Rim Territories,O-4,O,4
sw-01188,Crystal Web Station,Palamut,Expansion Region,N-13,N,13
sw-01189,Crystan,,Deep Core,L-12,L,12
sw-01190,Crytal Nest,,Wild Space,H-20,H,20
sw-01191,Csaus,Chiss Space*,Unknown Regions,F-9,F,9
sw-01192,Csilla,Chiss Space*,Unknown Regions,F-8,F,8
sw-01193,Cuirilla,Mbandamonte,Expansion Region,N-15,N,15
sw-01194,Cujicor,Pakuuni,Outer Rim Territories,T-5,T,5
sw-01195,Cularin,Thaere,Expansion Region,P-14,P,14
sw-01196,Culroon,,Wild Space,P-20,P,20
sw-01197,Curreck,Sertar,Outer Rim Territories,R-5,R,5
sw-01198,Cuthbern,Wazta,Outer Rim Territories,J-18,J,18
sw-01199,Cuvacia,,Core Worlds,K-13,K,13
sw-01200,Cuyacan,Sepan,Expansion Region,P-13,P,13
sw-01201,Cvetaen,Sumitra,Expansion Region,N-7,N,7
sw-01202,Cyax,,Hutt Space,S-11,S,11
sw-01203,Cybloc,Meridian,Outer Rim Territories,R-7,R,7
sw-01204,Cyborrea,,Hutt Space,S-9,S,9
sw-01205,Cyclor,Alui,Mid Rim,N-17,N,17
sw-01206,Cyclorria,,Inner Rim,N-9,N,9
sw-01207,Cydorria,,Colonies,K-13,K,13
sw-01208,Cygnus,Kontahr,Mid Rim,R-11,R,11
sw-01209,Cyimarra,Senex,Mid Rim,L-17,L,17
sw-01210,Cymoon,Bes Ber Bikade,Expansion Region,L-15,L,15
sw-01211,Cyphar,Spirva,Mid Rim,L-17,L,17
sw-01212,Cyrillia,Cyrillian Protectorate,Expansion Region,O-12,O,12
sw-01213,Cyrkon,Al'Nasrl,Outer Rim Territories,T-13,T,13
sw-01214,CZ-198,,Unknown Regions,G-6,G,6
sw-01215,Czerialus,Kailion,Expansion Region,O-13,O,13
sw-01216,D'Anjon Nebula,Arkanis,Outer Rim Territories,R-16,R,16
sw-01217,D'faria,Hune,Mid Rim,Q-12,Q,12
sw-01218,D'ian,Corporate Sector,Outer Rim Territories,S-3,S,3
sw-01219,D'janis,Halm,Mid Rim,J-16,J,16
sw-01220,D'Nile,Hertae,Mid Rim,Q-14,Q,14
sw-01221,D'Qar,Sanbra,Outer Rim Territories,O-17,O,17
sw-01222,D'rinba,Sombure,Mid Rim,K-17,K,17
sw-01223,Daalang,Daalang,Mid Rim,Q-12,Q,12
sw-01224,Dachat,,Core Worlds,K-9,K,9
sw-01225,Dactruria,Clacis,Outer Rim Territories,J-4,J,4
sw-01226,Daedalon,Ktilac Regions,Inner Rim,N-9,N,9
sw-01227,Daemen,Woostri,Expansion Region,M-16,M,16
sw-01228,Daermor,Corporate Sector,Outer Rim Territories,S-3,S,3
sw-01229,Dagary Minor,,Inner Rim,M-8,M,8
sw-01230,Dagelin Minor,Cadma,Outer Rim Territories,T-8,T,8
sw-01231,Daghee,Thusa,Mid Rim,O-7,O,7
sw-01232,Dagobah,Sluis,Outer Rim Territories,M-19,M,19
sw-01233,Dagro,Esuain,Mid Rim,P-7,P,7
sw-01234,Dagu,Instrop,Outer Rim Territories,S-16,S,16
sw-01235,Dahrtag,,Core Worlds,J-13,J,13
sw-01236,Dahvil,Rayter,Outer Rim Territories,J-19,J,19
sw-01237,Daimar,Daimar,Mid Rim,Q-16,Q,16
sw-01238,Daimla,Kallea,Outer Rim Territories,K-21,K,21
sw-01239,Dairka,Churba,Mid Rim,P-15,P,15
sw-01240,Daivak,Karthakk,Outer Rim Territories,Q-17,Q,17
sw-01241,Daiyu,Hocatar,Expansion Region,P-12,P,12
sw-01242,Dakaret,Oktos,Mid Rim,Q-12,Q,12
sw-01243,Dakot,Mortex,Outer Rim Territories,R-5,R,5
sw-01244,Dakshee,Barma,Colonies,M-9,M,9
sw-01245,Dalandae,,Colonies,M-9,M,9
sw-01246,Dalastine,,Inner Rim,L-14,L,14
sw-01247,Dalchon,Dalchon,Outer Rim Territories,R-17,R,17
sw-01248,Dalcretti,,Inner Rim,O-8,O,8
sw-01249,Dalicron,Dalicron,Outer Rim Territories,K-19,K,19
sw-01250,Dalisor,Yushan,Mid Rim,K-17,K,17
sw-01251,Dallenor,Aldino,Mid Rim,J-17,J,17
sw-01252,Dalna,Tunka (Dalnan),Outer Rim Territories,I-19,I,19
sw-01253,Dalonia,Maerdocian,Mid Rim,Q-13,Q,13
sw-01254,Dalos,Nilgaard,Outer Rim Territories,S-5,S,5
sw-01255,Dalron,Ariarch,Mid Rim,J-6,J,6
sw-01256,Daltarra,Pakuuni,Outer Rim Territories,T-5,T,5
sw-01257,Daltarri,Truum,Mid Rim,P-8,P,8
sw-01258,Daluba,Esstran,Outer Rim Territories,P-5,P,5
sw-01259,Daluuj,Albanin,Outer Rim Territories,U-13,U,13
sw-01260,Damanos,Belderone,Outer Rim Territories,Q-6,Q,6
sw-01261,Damendine,Calamari,Outer Rim Territories,U-6,U,6
sw-01262,Daminia,Perkell,Mid Rim,Q-7,Q,7
sw-01263,Damonite Yors B,Meridian,Outer Rim Territories,R-7,R,7
sw-01264,Damoria,,Colonies,N-11,N,11
sw-01265,Dampher,Tapani,Colonies,L-13,L,13
sw-01266,Damualer Triac,,Inner Rim,O-10,O,10
sw-01267,Danadine,Dail,Outer Rim Territories,Q-18,Q,18
sw-01268,Danalbeth,Teraab,Mid Rim,P-11,P,11
sw-01269,Danchian Prime,Dail,Outer Rim Territories,Q-18,Q,18
sw-01270,Dancreti,,Inner Rim,N-14,N,14
sw-01271,Dandalas,Farlax,Core Worlds,K-10,K,10
sw-01272,Dandelo,Tammuz,Outer Rim Territories,T-14,T,14
sw-01273,Dandoran,,Hutt Space,R-9,R,9
sw-01274,Dandrian,Belderone,Outer Rim Territories,R-7,R,7
sw-01275,Dankayo,,Colonies,L-9,L,9
sw-01276,Dannamore,Saijo,Outer Rim Territories,J-20,J,20
sw-01277,Danoor,Kathol (Outback),Outer Rim Territories,M-21,M,21
sw-01278,Danoria,Nouane,Inner Rim,N-7,N,7
sw-01279,Danos,Shadola,Outer Rim Territories,U-8,U,8
sw-01280,Danteel,Emmo,Core Worlds,M-12,M,12
sw-01281,Dantooine,Raioballo,Outer Rim Territories,L-4,L,4
sw-01282,Danuta,Halla,Mid Rim,S-9,S,9
sw-01283,Danzik,Dalonbian,Outer Rim Territories,M-3,M,3
sw-01284,Dar'Or,Jospro,Outer Rim Territories,R-7,R,7
sw-01285,Darada,,Core Worlds,K-9,K,9
sw-01286,Darakin,,Core Worlds,M-11,M,11
sw-01287,Daranc,Meram,Outer Rim Territories,O-4,O,4
sw-01288,Dardanellia,,Inner Rim,N-14,N,14
sw-01289,Darek,Rachuk,Colonies,N-11,N,11
sw-01290,Darellia,,Core Worlds,L-10,L,10
sw-01291,Darepp,,Colonies,M-13,M,13
sw-01292,Dargulli,,Inner Rim,N-14,N,14
sw-01293,Darie,Likasha,Mid Rim,Q-14,Q,14
sw-01294,Dark Nebula,Lothal,Outer Rim Territories,U-7,U,7
sw-01295,Darkknell,Grumani,Outer Rim Territories,M-17,M,17
sw-01296,Darkon,Chaama,Mid Rim,J-7,J,7
sw-01297,Darlon,Eucer,Mid Rim,R-7,R,7
sw-01298,Darlyn Boda,Javin (Anoat),Outer Rim Territories,K-18,K,18
sw-01299,Daro,Ojoster,Outer Rim Territories,N-6,N,6
sw-01300,Daronak,Phelleem,Outer Rim Territories,S-7,S,7
sw-01301,Daroon,Harron,Expansion Region,O-11,O,11
sw-01302,Darsie,,Colonies,L-9,L,9
sw-01303,Dartessex,,Inner Rim,N-10,N,10
sw-01304,Daruvvia,Hapes Cluster,Inner Rim,O-9,O,9
sw-01305,Darvannis,Calaron,Outer Rim Territories,T-9,T,9
sw-01306,Darwikia,,Core Worlds,M-10,M,10
sw-01307,Daslkehnt,Pelgrin,Outer Rim Territories,R-17,R,17
sw-01308,Dasoor,Agarix,Mid Rim,K-18,K,18
sw-01309,Dassal,,Unknown Regions,H-7,H,7
sw-01310,Datar,,Inner Rim,L-8,L,8
sw-01311,Dathomir,Quelii,Outer Rim Territories,O-6,O,6
sw-01312,Daupherm,Daupherm States,Core Worlds,K-12,K,12
sw-01313,Davezra,Dustig,Mid Rim,N-16,N,16
sw-01314,Davirien,Corporate Sector,Outer Rim Territories,R-3,R,3
sw-01315,Davnar,Kanchen,Core Worlds,K-9,K,9
sw-01316,Dawinia,Hynestian,Colonies,J-13,J,13
sw-01317,Daxam,Mayagil,Outer Rim Territories,N-18,N,18
sw-01318,Daxan Beta,Thesme,Outer Rim Territories,O-6,O,6
sw-01319,Dayark,Kathol (Outback),Outer Rim Territories,M-21,M,21
sw-01320,Dbari,Churnis,Mid Rim,I-6,I,6
sw-01321,De'etta,Sanbra,Outer Rim Territories,O-17,O,17
sw-01322,De'nel,Brak,Expansion Region,O-14,O,14
sw-01323,Deadon,Dantus,Outer Rim Territories,K-6,K,6
sw-01324,Debray,,Core Worlds,M-10,M,10
sw-01325,Declavia,,Core Worlds,M-11,M,11
sw-01326,Deersheba,Iskin,Mid Rim,O-16,O,16
sw-01327,Dega,Elrood,Outer Rim Territories,M-20,M,20
sw-01328,Degarian,,Colonies,L-13,L,13
sw-01329,DeGerrillion,Tamarin,Outer Rim Territories,N-19,N,19
sw-01330,Deko Neimoidia,Quellor,Colonies,N-11,N,11
sw-01331,Del Zennis,Eucer,Mid Rim,R-7,R,7
sw-01332,Dela,Centrality,Outer Rim Territories,T-8,T,8
sw-01333,Delacrix,Calaron,Outer Rim Territories,T-9,T,9
sw-01334,Delantine,Varada,Outer Rim Territories,I-19,I,19
sw-01335,Delari,Corva,Outer Rim Territories,P-4,P,4
sw-01336,Delassin,Calaron,Outer Rim Territories,T-9,T,9
sw-01337,Delderaan,Noonian,Outer Rim Territories,N-6,N,6
sw-01338,Delemede,Rseik,Outer Rim Territories,N-20,N,20
sw-01339,Delephr,Carrion,Outer Rim Territories,J-4,J,4
sw-01340,Delfii,Minos Cluster,Outer Rim Territories,M-20,M,20
sw-01341,Dellalt,Tion Hegemony,Outer Rim Territories,T-6,T,6
sw-01342,Delle,,Colonies,L-9,L,9
sw-01343,Delmaas,Seswenna,Outer Rim Territories,M-18,M,18
sw-01344,Delphania,Esuain,Mid Rim,Q-7,Q,7
sw-01345,Delphidian Cluster,,Mid Rim,I-15,I,15
sw-01346,Delphon,Javin (Anoat),Outer Rim Territories,K-18,K,18
sw-01347,Delrakkin,Kallea,Outer Rim Territories,K-21,K,21
sw-01348,Delrian,,Inner Rim,O-9,O,9
sw-01349,Delriss,Dentari,Expansion Region,O-8,O,8
sw-01350,Deltooine,Corporate Sector,Outer Rim Territories,S-3,S,3
sw-01351,Deltron,,Inner Rim,O-10,O,10
sw-01352,Deluvia,Klina,Outer Rim Territories,S-13,S,13
sw-01353,Demar,Brak,Expansion Region,O-14,O,14
sw-01354,Demesel,Meram,Outer Rim Territories,P-4,P,4
sw-01355,Demigue,Demetras,Outer Rim Territories,P-7,P,7
sw-01356,Demiloch,Lannik Space,Mid Rim,R-13,R,13
sw-01357,Deminol,Juvex,Mid Rim,L-17,L,17
sw-01358,Demir,,Unknown Regions,G-6,G,6
sw-01359,Demnadi,Far Xandil,Mid Rim,P-16,P,16
sw-01360,Demonsgate,Kathol (Rift),Outer Rim Territories,M-21,M,21
sw-01361,Demophon,Demophon,Core Worlds,M-10,M,10
sw-01362,Demos,Dustig,Mid Rim,N-16,N,16
sw-01363,Denarii Nebula,Gordian Reach,Outer Rim Territories,P-6,P,6
sw-01364,Denash,Ash Worlds (Batonn),Outer Rim Territories,T-7,T,7
sw-01365,Denbar,,Inner Rim,L-14,L,14
sw-01366,Denbo,Tamarin,Outer Rim Territories,N-18,N,18
sw-01367,Dendada,Seswenna,Outer Rim Territories,M-18,M,18
sw-01368,Dene Gois Cluster,Yminis,Outer Rim Territories,S-14,S,14
sw-01369,Deneba,Maerdocian,Mid Rim,Q-13,Q,13
sw-01370,Denebia,Senex,Mid Rim,L-18,L,18
sw-01371,Denebrilla,Fei Hu,Mid Rim,P-13,P,13
sw-01372,Deneeli,,Core Worlds,M-9,M,9
sw-01373,Denevar,,Core Worlds,K-9,K,9
sw-01374,Dennaskar,Manda,Mid Rim,R-15,R,15
sw-01375,Dennogra,Tharin,Outer Rim Territories,S-8,S,8
sw-01376,Denon,Iseno,Inner Rim,N-13,N,13
sw-01377,Denova,Ojoster,Outer Rim Territories,N-7,N,7
sw-01378,Dentaal,,Core Worlds,K-13,K,13
sw-01379,Dentamma Nebula,Varada,Outer Rim Territories,I-19,I,19
sw-01380,Dentaria,Dentari,Expansion Region,O-8,O,8
sw-01381,Denubba,Likasha,Mid Rim,Q-14,Q,14
sw-01382,Denudia,Grohl,Outer Rim Territories,R-15,R,15
sw-01383,Denuhi,Greater Plooriod,Expansion Region,M-7,M,7
sw-01384,Denusia,,Inner Rim,M-13,M,13
sw-01385,Depatar,Cademimu,Outer Rim Territories,L-6,L,6
sw-01386,Deralia,Tammuz,Outer Rim Territories,T-15,T,15
sw-01387,Derella,,Core Worlds,M-10,M,10
sw-01388,Derellium,Cronese Mandate,Outer Rim Territories,S-6,S,6
sw-01389,Derenzil,,Wild Space,S-18,S,18
sw-01390,Deretta,Tarabba,Outer Rim Territories,N-19,N,19
sw-01391,Derf,Sluis,Outer Rim Territories,M-19,M,19
sw-01392,Derilyn,Elrood,Outer Rim Territories,M-19,M,19
sw-01393,Deris-plata,Eucer,Mid Rim,R-7,R,7
sw-01394,Dermos,Belsmuth,Outer Rim Territories,O-6,O,6
sw-01395,Derosha,,Wild Space,J-5,J,5
sw-01396,Derra,Mikaster,Expansion Region,N-15,N,15
sw-01397,Derricon,Spirva,Mid Rim,L-17,L,17
sw-01398,Derso,Yminis,Outer Rim Territories,S-14,S,14
sw-01399,Dersonn,Tammuz,Outer Rim Territories,T-14,T,14
sw-01400,Dervdis,,Core Worlds,L-9,L,9
sw-01401,Deryvia,,Inner Rim,L-14,L,14
sw-01402,Desargorr,Allied Tion,Outer Rim Territories,S-6,S,6
sw-01403,Descopose Farmark,,Mid Rim,H-15,H,15
sw-01404,Desevro,Tion Hegemony,Outer Rim Territories,S-6,S,6
sw-01405,Desinta,Morshdine,Outer Rim Territories,O-5,O,5
sw-01406,Desix,Suolriep,Outer Rim Territories,S-9,S,9
sw-01407,Desstious,Lambda,Mid Rim,P-16,P,16
sw-01408,Destreg,Bon'nyuw-Luq,Outer Rim Territories,N-18,N,18
sw-01409,Devalok,Altier,Expansion Region,O-13,O,13
sw-01410,Devaron,Duluur,Colonies,M-13,M,13
sw-01411,Devil's Asteroid,,Outer Rim Territories,O-2,O,2
sw-01412,Devon,Atrivis,Outer Rim Territories,L-5,L,5
sw-01413,Devros,Manda,Mid Rim,R-15,R,15
sw-01414,Dexus,,Colonies,L-9,L,9
sw-01415,Deylerax,Talcene,Mid Rim,R-8,R,8
sw-01416,Deymasoll,,Colonies,J-13,J,13
sw-01417,Deysum,Trax,Mid Rim,Q-10,Q,10
sw-01418,Dhandu,,Expansion Region,I-8,I,8
sw-01419,Dhen-Moh,,Inner Rim,K-14,K,14
sw-01420,Di'tai'ni,Bothan,Mid Rim,R-14,R,14
sw-01421,Di'wor,Morshdine,Outer Rim Territories,O-4,O,4
sw-01422,Diab,,Wild Space,J-6,J,6
sw-01423,Diado,Lifh,Mid Rim,R-8,R,8
sw-01424,Diamal,,Core Worlds,L-13,L,13
sw-01425,Dianth,,Wild Space,T-5,T,5
sw-01426,Diatia Major,,Core Worlds,L-12,L,12
sw-01427,Dibrook,Albarrio,Outer Rim Territories,K-5,K,5
sw-01428,Dica,Tolemses,Expansion Region,P-11,P,11
sw-01429,Didyma,,Wild Space,J-5,J,5
sw-01430,Dihneral,,Colonies,K-13,K,13
sw-01431,Dilbana,Baxel,Outer Rim Territories,U-12,U,12
sw-01432,Dilestri,Hevvrol,Mid Rim,O-15,O,15
sw-01433,Dilonexa,Centrality,Outer Rim Territories,U-8,U,8
sw-01434,Dimea,Dimean,Expansion Region,P-13,P,13
sw-01435,Din Nebula,Zuma (Moddell),Outer Rim Territories,H-16,H,16
sw-01436,Din Pulsar,Zuma (Moddell),Outer Rim Territories,H-16,H,16
sw-01437,Dinlo,Thaere,Expansion Region,O-14,O,14
sw-01438,Dinutu,Colundra,Outer Rim Territories,S-5,S,5
sw-01439,Dinwa Prime,,Inner Rim,L-8,L,8
sw-01440,Dinzo,Msst,Mid Rim,P-7,P,7
sw-01441,Dioll,Juvex,Mid Rim,L-17,L,17
sw-01442,Diophos,Quiberon,Outer Rim Territories,S-15,S,15
sw-01443,Diorda,Perkell,Mid Rim,Q-7,Q,7
sw-01444,Dioya,,Unknown Regions,F-8,F,8
sw-01445,Direllia,Nembus,Outer Rim Territories,P-4,P,4
sw-01446,Dirha,,Hutt Space,S-9,S,9
sw-01447,Distilon,Ash Worlds,Outer Rim Territories,S-7,S,7
sw-01448,Dithanune,Bortele,Mid Rim,R-8,R,8
sw-01449,Divac,Nuiri,Outer Rim Territories,Q-6,Q,6
sw-01450,Divora,Hapes Cluster,Inner Rim,O-9,O,9
sw-01451,Dix'thaar,,Inner Rim,K-8,K,8
sw-01452,Diyu,,Hutt Space,S-12,S,12
sw-01453,Dizon Fray,,Outer Rim Territories,U-7,U,7
sw-01454,Djurmo,Strabin,Mid Rim,M-7,M,7
sw-01455,Dles,Tharin (Periphery),Outer Rim Territories,S-8,S,8
sw-01456,Dlor,Dononter,Mid Rim,I-16,I,16
sw-01457,DNX-N1,,Wild Space,N-21,N,21
sw-01458,Doan,Halthor,Outer Rim Territories,M-6,M,6
sw-01459,Doaskin,Bruanii,Mid Rim,K-18,K,18
sw-01460,Dodz,Zoraster,Outer Rim Territories,U-13,U,13
sw-01461,Dohlban,Dohlbani,Mid Rim,R-13,R,13
sw-01462,Dohnia,Semagi,Mid Rim,I-16,I,16
sw-01463,Dohu,Dohu,Mid Rim,K-7,K,7
sw-01464,Dol'har Hyde,Sanbra,Outer Rim Territories,O-17,O,17
sw-01465,Doldur,Doldur,Mid Rim,P-15,P,15
sw-01466,Doli,D'Astan,Outer Rim Territories,O-6,O,6
sw-01467,Dolis,Obtrexta,Outer Rim Territories,J-3,J,3
sw-01468,Dolla,Videnda,Outer Rim Territories,L-18,L,18
sw-01469,Dolomar,Dolomar,Core Worlds,K-9,K,9
sw-01470,Dolsan,,Core Worlds,K-9,K,9
sw-01471,Dolstan,Kathol (Outback),Outer Rim Territories,M-21,M,21
sw-01472,Dolva Prime,Semagi,Mid Rim,I-16,I,16
sw-01473,Dom-Bradden,Lol,Outer Rim Territories,Q-18,Q,18
sw-01474,Domancion,Suolriep,Outer Rim Territories,S-8,S,8
sw-01475,Domgrin,Prefsbelt,Outer Rim Territories,K-6,K,6
sw-01476,Dominus,Lothal (Dominus),Outer Rim Territories,U-7,U,7
sw-01477,Don I,Tapani,Colonies,L-13,L,13
sw-01478,Don II,Tapani,Colonies,L-13,L,13
sw-01479,Dona Laza,Dona Laza,Expansion Region,P-9,P,9
sw-01480,Donadus,Bamula,Inner Rim,J-13,J,13
sw-01481,Doneer'so,Fakir,Colonies,K-9,K,9
sw-01482,Doniphon,Kwymar,Outer Rim Territories,P-4,P,4
sw-01483,Dononter Minor,Dononter,Mid Rim,I-16,I,16
sw-01484,Donovia,Hali,Expansion Region,O-9,O,9
sw-01485,Dontamo,Dantus,Outer Rim Territories,J-6,J,6
sw-01486,Dooma,Dentari,Expansion Region,O-7,O,7
sw-01487,Doornik-1142,Farlax,Core Worlds,K-10,K,10
sw-01488,Doornik-207,Farlax,Core Worlds,K-10,K,10
sw-01489,Dor Nameth,Bright Jewel,Mid Rim,L-7,L,7
sw-01490,Dorajan,Lannik Space,Mid Rim,Q-12,Q,12
sw-01491,Dorande,Quiberon,Outer Rim Territories,T-15,T,15
sw-01492,Dorax,,Core Worlds,L-9,L,9
sw-01493,Dorcin,Minos Cluster,Outer Rim Territories,M-20,M,20
sw-01494,Dordolum,,Colonies,K-13,K,13
sw-01495,Doreen,Senex,Mid Rim,L-18,L,18
sw-01496,Dorella,Tapani,Colonies,L-13,L,13
sw-01497,Dorellia,Tapani,Colonies,L-13,L,13
sw-01498,Dorenia,Mayagil,Outer Rim Territories,M-18,M,18
sw-01499,Dorin,Deadalis,Expansion Region,J-8,J,8
sw-01500,Doris,Tapani,Colonies,L-13,L,13
sw-01501,Dorlo,Atravis,Outer Rim Territories,L-19,L,19
sw-01502,Dorlon,,Colonies,M-9,M,9
sw-01503,Dornea,Lothal,Outer Rim Territories,U-7,U,7
sw-01504,Dorriella,Wazta,Outer Rim Territories,I-17,I,17
sw-01505,Dorsis,Corellian,Core Worlds,M-11,M,11
sw-01506,Dorvalla,Videnda,Outer Rim Territories,M-18,M,18
sw-01507,Doshan,Drannik,Expansion Region,K-8,K,8
sw-01508,Dosuun,,Wild Space,H-20,H,20
sw-01509,Dotharian,,Hutt Space,S-12,S,12
sw-01510,Dothnia,Hunnoverrs,Outer Rim Territories,S-17,S,17
sw-01511,Douglas,Centrality,Outer Rim Territories,U-8,U,8
sw-01512,Dowut,,Core Worlds,J-12,J,12
sw-01513,Doxxen,Seitia,Outer Rim Territories,K-19,K,19
sw-01514,Dozoisia,Sevetta,Outer Rim Territories,S-15,S,15
sw-01515,Dra,Wyl,Outer Rim Territories,R-4,R,4
sw-01516,Draay,Pelgrin,Outer Rim Territories,R-18,R,18
sw-01517,Draboon,Mandalore,Outer Rim Territories,O-7,O,7
sw-01518,Drackmar,Quelii,Outer Rim Territories,O-6,O,6
sw-01519,Dractu,Lannik Space,Mid Rim,Q-13,Q,13
sw-01520,Drada,Halthor,Outer Rim Territories,L-6,L,6
sw-01521,Draflago,Sertar,Outer Rim Territories,R-5,R,5
sw-01522,Dragon Void,Gomar,Inner Rim,K-14,K,14
sw-01523,Dragonflower Nebula,Doldur,Mid Rim,P-15,P,15
sw-01524,Dragos,Boeus,Expansion Region,M-15,M,15
sw-01525,Drahgor,Colundra,Outer Rim Territories,S-4,S,4
sw-01526,Draik,Alui,Mid Rim,O-17,O,17
sw-01527,Dramassia,Juvex,Mid Rim,L-18,L,18
sw-01528,Drannik,Drannik,Expansion Region,K-8,K,8
sw-01529,Draria,Lostar,Expansion Region,M-7,M,7
sw-01530,Drash-So,Yminis,Outer Rim Territories,S-14,S,14
sw-01531,Drashima,Majoor,Expansion Region,N-15,N,15
sw-01532,Draukyze,Thanium,Outer Rim Territories,R-6,R,6
sw-01533,Dravian Starport,Tamarin,Outer Rim Territories,N-18,N,18
sw-01534,Dravin,Subterrel,Outer Rim Territories,L-20,L,20
sw-01535,Dravione,Allied Tion,Outer Rim Territories,S-6,S,6
sw-01536,Drayberia,Sertar,Outer Rim Territories,R-5,R,5
sw-01537,Drazkel,Oriolan,Mid Rim,J-16,J,16
sw-01538,Drearia,,Inner Rim,L-8,L,8
sw-01539,Dreena,Hapes Cluster,Inner Rim,O-9,O,9
sw-01540,Dreffon,,Colonies,J-9,J,9
sw-01541,Dreighton,Dantus,Outer Rim Territories,J-6,J,6
sw-01542,Dreighton Nebula,Dantus,Outer Rim Territories,J-6,J,6
sw-01543,Dreivus,Oeiros,Expansion Region,P-10,P,10
sw-01544,Dreizan,,Core Worlds,M-12,M,12
sw-01545,Dremulae,,Deep Core,M-10,M,10
sw-01546,Dresscol,Trax,Mid Rim,Q-10,Q,10
sw-01547,Dressel,Noolian,Mid Rim,Q-13,Q,13
sw-01548,Dressia,,Colonies,L-8,L,8
sw-01549,Dreve,,Inner Rim,N-7,N,7
sw-01550,Drexel,Lol,Outer Rim Territories,Q-18,Q,18
sw-01551,Drexel Minor,Khuiumin,Outer Rim Territories,O-19,O,19
sw-01552,Drezzi,Esstran (Sith Worlds),Outer Rim Territories,Q-5,Q,5
sw-01553,Drgi,Tokamac,Expansion Region,O-13,O,13
sw-01554,"Drift, The",Elrood,Outer Rim Territories,M-20,M,20
sw-01555,Drilbia,Brema,Outer Rim Territories,M-17,M,17
sw-01556,Droecil,Boeus,Expansion Region,M-15,M,15
sw-01557,Drog,Corporate Sector,Outer Rim Territories,R-4,R,4
sw-01558,Drogheda,Teraab,Mid Rim,Q-11,Q,11
sw-01559,Dromondar Beta,,Unknown Regions,H-7,H,7
sw-01560,Drompani,Prefsbelt,Outer Rim Territories,J-6,J,6
sw-01561,Dromund Kaas,Esstran (Sith Worlds),Outer Rim Territories,R-5,R,5
sw-01562,Drong,Steniplis,Outer Rim Territories,L-18,L,18
sw-01563,Drongar,,Outer Rim Territories,T-5,T,5
sw-01564,Dronseen,Thrasybule,Outer Rim Territories,P-6,P,6
sw-01565,Drophun,,Colonies,L-13,L,13
sw-01566,Droxine,Esstran,Outer Rim Territories,Q-5,Q,5
sw-01567,Droxu,Bheriz,Outer Rim Territories,T-11,T,11
sw-01568,Drualkiin,Kessel,Outer Rim Territories,T-10,T,10
sw-01569,Druckenwell,Doldur,Mid Rim,P-15,P,15
sw-01570,Drunost,Shelsha,Colonies,M-9,M,9
sw-01571,Drup's Star,Saijo,Outer Rim Territories,J-20,J,20
sw-01572,Drurish,Kuat,Core Worlds,M-10,M,10
sw-01573,Druulgotha,Thesme,Outer Rim Territories,O-6,O,6
sw-01574,Dryorkeen Cluster,Parmic,Outer Rim Territories,P-18,P,18
sw-01575,Du Hutta,,Hutt Space,S-11,S,11
sw-01576,Du Mai,Bryx,Mid Rim,R-8,R,8
sw-01577,Dubloviann,,Inner Rim,M-8,M,8
sw-01578,Dubraib,Cegul,Outer Rim Territories,M-20,M,20
sw-01579,Dubrava,Albanin,Outer Rim Territories,T-13,T,13
sw-01580,Dubrillion,Myto,Outer Rim Territories,K-3,K,3
sw-01581,Dubrovia,Aldino,Mid Rim,J-17,J,17
sw-01582,Duhma,Kallea,Outer Rim Territories,K-20,K,20
sw-01583,Duinarbulon,Cronese Mandate,Outer Rim Territories,S-6,S,6
sw-01584,Dulathia,Lantillian,Mid Rim,P-8,P,8
sw-01585,Dulin,,Inner Rim,K-14,K,14
sw-01586,Dulvoyinn,,Deep Core,K-12,K,12
sw-01587,Dunari's Rest,Mayagil,Outer Rim Territories,N-18,N,18
sw-01588,Duneeden,Corusca,Core Worlds,K-9,K,9
sw-01589,Dunnak,,Inner Rim,N-8,N,8
sw-01590,Dur Sabon,Morshdine,Outer Rim Territories,O-5,O,5
sw-01591,Dura-Kahn,Bes Ber Bikade,Expansion Region,L-15,L,15
sw-01592,Durace,,Unknown Regions,H-6,H,6
sw-01593,Duran,,Core Worlds,K-9,K,9
sw-01594,Durgen's Star,Gordian Reach,Outer Rim Territories,P-6,P,6
sw-01595,Durgeon,Galov,Outer Rim Territories,T-13,T,13
sw-01596,Durkteel,Kastolar,Mid Rim,Q-10,Q,10
sw-01597,Duro,Duro,Core Worlds,M-11,M,11
sw-01598,Durollia,Kalamith,Outer Rim Territories,P-5,P,5
sw-01599,Duron,Semagi,Mid Rim,I-16,I,16
sw-01600,Duroon,Corporate Sector,Outer Rim Territories,S-4,S,4
sw-01601,Durren,Meridian,Outer Rim Territories,R-7,R,7
sw-01602,Dustig,Dustig,Mid Rim,N-16,N,16
sw-01603,Duunir,Kibilini,Outer Rim Territories,Q-17,Q,17
sw-01604,Duzay,Alui,Mid Rim,O-17,O,17
sw-01605,Dwartii,Nouane,Inner Rim,N-8,N,8
sw-01606,Dweem,Calaron,Outer Rim Territories,T-9,T,9
sw-01607,Dwor,Steniplis,Outer Rim Territories,L-19,L,19
sw-01608,Dybbron,Nythlide,Inner Rim,L-15,L,15
sw-01609,Dybrin,,Deep Core,L-12,L,12
sw-01610,Dyspeth,Varada,Outer Rim Territories,I-20,I,20
sw-01611,Dzass,Seswenna,Outer Rim Territories,M-17,M,17
sw-01612,Eadu,Bheriz,Outer Rim Territories,U-10,U,10
sw-01613,Ealor,Parmic,Outer Rim Territories,P-18,P,18
sw-01614,Eamus,,Core Worlds,L-13,L,13
sw-01615,Ebaq,,Deep Core,M-11,M,11
sw-01616,Ebenmal,Irnaj,Mid Rim,K-17,K,17
sw-01617,Eberon,Mytaranor,Mid Rim,P-9,P,9
sw-01618,Ebiwaan,Sarin,Outer Rim Territories,P-18,P,18
sw-01619,Ebra,Kesh,Mid Rim,L-6,L,6
sw-01620,Ec Pand,Ado,Mid Rim,M-17,M,17
sw-01621,Echerta,Koradin,Outer Rim Territories,J-18,J,18
sw-01622,Echnos,Hadar,Mid Rim,L-17,L,17
sw-01623,Eckless,,Wild Space,J-3,J,3
sw-01624,Eczar,Seswenna,Outer Rim Territories,M-18,M,18
sw-01625,Edan,Hythrope,Expansion Region,M-15,M,15
sw-01626,Edatha,Vatha,Expansion Region,K-16,K,16
sw-01627,Ediorung,Hapes Cluster,Inner Rim,O-9,O,9
sw-01628,Edis,Farana*,Wild Space,S-3,S,3
sw-01629,Edonaaris,Thrasybule,Outer Rim Territories,P-6,P,6
sw-01630,Edusa,Morshdine,Outer Rim Territories,O-5,O,5
sw-01631,Eedoq,Tantra (Methall'has),Outer Rim Territories,M-19,M,19
sw-01632,Eeyyon,Halm,Mid Rim,J-16,J,16
sw-01633,Egaria,Svivreni,Outer Rim Territories,O-19,O,19
sw-01634,Egips,Tharin (Periphery),Outer Rim Territories,S-8,S,8
sw-01635,Ehjenla,Kathol (Outback),Outer Rim Territories,M-21,M,21
sw-01636,Eiattu,Ado,Mid Rim,L-17,L,17
sw-01637,Eibon,Cronese Mandate,Outer Rim Territories,S-6,S,6
sw-01638,Eidoloni,Eidoloni,Mid Rim,M-16,M,16
sw-01639,Eilnia,,Inner Rim,N-9,N,9
sw-01640,Eiloroseint,Tokamac,Expansion Region,N-13,N,13
sw-01641,Eiram,Tunka (Dalnan),Outer Rim Territories,I-19,I,19
sw-01642,Eirrauus,Quence,Outer Rim Territories,P-18,P,18
sw-01643,Eislo,Eislomi,Inner Rim,O-8,O,8
sw-01644,Ejolus,,Inner Rim,M-8,M,8
sw-01645,Ekibo,Trianii Space*,Wild Space,R-3,R,3
sw-01646,Elamposnia,Gordian Reach,Outer Rim Territories,Q-5,Q,5
sw-01647,Elatha,Stensen,Outer Rim Territories,I-17,I,17
sw-01648,Elbara,Elbaran,Mid Rim,J-17,J,17
sw-01649,Elbra,Airam,Outer Rim Territories,M-20,M,20
sw-01650,Elcorth,Farlax,Core Worlds,K-10,K,10
sw-01651,Elegasso,Irishi,Mid Rim,K-6,K,6
sw-01652,Elerion,Thanium,Outer Rim Territories,R-6,R,6
sw-01653,Elessia,Vendusii,Mid Rim,P-16,P,16
sw-01654,Elgamor,Maldrood,Mid Rim,R-7,R,7
sw-01655,Elgit,,Hutt Space,T-10,T,10
sw-01656,Eliad,Minos Cluster,Outer Rim Territories,M-20,M,20
sw-01657,Elin Roe,,Colonies,N-12,N,12
sw-01658,Elkeenar,,Wild Space,K-21,K,21
sw-01659,Elkkasinn,Phelleem,Outer Rim Territories,S-7,S,7
sw-01660,Elliirad,Airam,Outer Rim Territories,L-20,L,20
sw-01661,Elom,Sertar,Outer Rim Territories,R-5,R,5
sw-01662,Elphrona,Bri'ahl,Outer Rim Territories,I-17,I,17
sw-01663,Elriss,Onatos,Mid Rim,R-15,R,15
sw-01664,Elrood,Elrood,Outer Rim Territories,M-20,M,20
sw-01665,Elshandruu Pica,Quence,Outer Rim Territories,O-18,O,18
sw-01666,Embaril,Allied Tion,Outer Rim Territories,S-6,S,6
sw-01667,Emberlene,Authala,Expansion Region,P-12,P,12
sw-01668,Emmer,Nilgaard,Outer Rim Territories,S-5,S,5
sw-01669,Emoh,Ploo,Expansion Region,N-7,N,7
sw-01670,Emorus,,Inner Rim,O-10,O,10
sw-01671,Empartheca,Hook Nebula,Outer Rim Territories,O-18,O,18
sw-01672,Empress Teta,Koros,Deep Core,L-10,L,10
sw-01673,Emurria,,Colonies,L-9,L,9
sw-01674,Enaleh,,Colonies,L-13,L,13
sw-01675,Enarc,Alui,Mid Rim,O-17,O,17
sw-01676,Encrust,Jubilar,Outer Rim Territories,T-7,T,7
sw-01677,Endex,Velcar,Outer Rim Territories,J-5,J,5
sw-01678,Endor,Zuma (Moddell),Outer Rim Territories,H-16,H,16
sw-01679,Endor Gate,Zuma (Moddell),Outer Rim Territories,H-16,H,16
sw-01680,Endoraan,Clacis,Outer Rim Territories,K-4,K,4
sw-01681,Endovan,Sarka,Mid Rim,Q-8,Q,8
sw-01682,Endovar,(Terrabe),Mid Rim,H-10,H,10
sw-01683,Endregaad,Indrexu,Outer Rim Territories,S-5,S,5
sw-01684,Endrias Minor,Tammuz,Outer Rim Territories,T-14,T,14
sw-01685,Endrolia,,Core Worlds,K-10,K,10
sw-01686,Endymion,Kalamith,Outer Rim Territories,P-5,P,5
sw-01687,Enet,Brak,Expansion Region,O-14,O,14
sw-01688,Enferm,Mezeg,Mid Rim,M-7,M,7
sw-01689,Engebo,Danjar,Outer Rim Territories,N-18,N,18
sw-01690,Engira,Jospro,Outer Rim Territories,R-7,R,7
sw-01691,Enisca,,Colonies,M-13,M,13
sw-01692,Ennth,Astal,Outer Rim Territories,Q-18,Q,18
sw-01693,Enoth,Calamari,Outer Rim Territories,U-6,U,6
sw-01694,Enrivi,Metatessu,Mid Rim,R-9,R,9
sw-01695,Enselon,,Core Worlds,L-12,L,12
sw-01696,Ensolica,,Core Worlds,K-10,K,10
sw-01697,Entana,Cademimu,Outer Rim Territories,L-6,L,6
sw-01698,Entiia,Maldrood,Mid Rim,R-7,R,7
sw-01699,Entooine,Danjar,Outer Rim Territories,N-18,N,18
sw-01700,Entralla,Velcar,Outer Rim Territories,K-4,K,4
sw-01701,Entropian Hive,Elbaran,Mid Rim,J-17,J,17
sw-01702,Entrus,Trax,Mid Rim,Q-10,Q,10
sw-01703,Entruvia,Halla,Mid Rim,R-8,R,8
sw-01704,Entuur,Urce Space,Mid Rim,L-6,L,6
sw-01705,Eol Sha,Corva,Outer Rim Territories,P-3,P,3
sw-01706,Eos,Cadavine,Outer Rim Territories,P-17,P,17
sw-01707,Ephemera,,Inner Rim,J-14,J,14
sw-01708,Epica,Bes Ber Bikade,Expansion Region,L-15,L,15
sw-01709,Epidimi,Rolion,Outer Rim Territories,Q-7,Q,7
sw-01710,Epsi Nadir,Epsi Collective,Expansion Region,M-15,M,15
sw-01711,Epsi Zenith,Epsi Collective,Expansion Region,M-15,M,15
sw-01712,Epsom,Quiberon,Outer Rim Territories,S-15,S,15
sw-01713,Equanus,Veragi,Outer Rim Territories,K-3,K,3
sw-01714,Er'Kit,Noonian,Outer Rim Territories,M-6,M,6
sw-01715,Er'stacia,,Wild Space,V-9,V,9
sw-01716,Erai,Hangshan,Expansion Region,P-11,P,11
sw-01717,Eredenn,Tion Hegemony,Outer Rim Territories,S-6,S,6
sw-01718,Eredin,Astal,Outer Rim Territories,P-18,P,18
sw-01719,Ereesus,Kanz,Outer Rim Territories,N-4,N,4
sw-01720,Eremond,,Deep Core,L-10,L,10
sw-01721,Eres,Esuain,Mid Rim,Q-7,Q,7
sw-01722,Erhynradd,,Inner Rim,N-13,N,13
sw-01723,Eriadu,Seswenna,Outer Rim Territories,M-18,M,18
sw-01724,Erian,Churba,Mid Rim,P-15,P,15
sw-01725,Eridicon,Calamari,Outer Rim Territories,T-6,T,6
sw-01726,Erigorm,,Core Worlds,L-9,L,9
sw-01727,Erilnar,Centrality,Outer Rim Territories,T-8,T,8
sw-01728,Eriscot,Haserian,Mid Rim,Q-14,Q,14
sw-01729,Ermi,Sertar,Outer Rim Territories,R-5,R,5
sw-01730,Eroudac,Doldur,Mid Rim,P-15,P,15
sw-01731,Errimin,Koradin,Outer Rim Territories,J-18,J,18
sw-01732,Ertegas,Javin (Anoat),Outer Rim Territories,K-18,K,18
sw-01733,Ertrax,,Wild Space,N-21,N,21
sw-01734,Erub,,Inner Rim,N-14,N,14
sw-01735,Erysthes,Corporate Sector,Outer Rim Territories,S-4,S,4
sw-01736,Esaga,Esaga,Mid Rim,R-11,R,11
sw-01737,Escabar,,Expansion Region,I-8,I,8
sw-01738,Escalan,Cademimu,Outer Rim Territories,L-6,L,6
sw-01739,Escander,Taldot,Mid Rim,Q-9,Q,9
sw-01740,Escarte,Keldrath,Outer Rim Territories,T-6,T,6
sw-01741,Eschaton,Far Xandil,Mid Rim,O-16,O,16
sw-01742,Esfandia,,Wild Space,I-6,I,6
sw-01743,Eshan,,Inner Rim,N-8,N,8
sw-01744,Esooma,Sprizen,Outer Rim Territories,N-5,N,5
sw-01745,Espinar,,Core Worlds,K-9,K,9
sw-01746,Espirion,,Inner Rim,N-12,N,12
sw-01747,Essebra,Airam,Outer Rim Territories,M-20,M,20
sw-01748,Esseles,Darpa,Core Worlds,L-9,L,9
sw-01749,Esseveya,Maldrood,Mid Rim,R-7,R,7
sw-01750,Essien,Halthor,Outer Rim Territories,M-6,M,6
sw-01751,Ession,Corporate Sector,Outer Rim Territories,S-4,S,4
sw-01752,Essowyn,Trax,Mid Rim,Q-10,Q,10
sw-01753,Estaph,Tapani,Colonies,L-13,L,13
sw-01754,Estaria,Indrexu,Outer Rim Territories,S-5,S,5
sw-01755,Esyram,Atravis,Outer Rim Territories,L-20,L,20
sw-01756,Etai,Druess,Mid Rim,O-15,O,15
sw-01757,Ethav Major,Ethav Regions*,Wild Space,P-3,P,3
sw-01758,Ethrani,D'Astan (Valahari),Outer Rim Territories,N-5,N,5
sw-01759,Etorasp,Hakartha,Expansion Region,K-16,K,16
sw-01760,Etti,Corporate Sector,Outer Rim Territories,S-4,S,4
sw-01761,Euceron,Eucer,Mid Rim,Q-7,Q,7
sw-01762,Eufornis Major,,Core Worlds,M-11,M,11
sw-01763,Eufornis Minor,Shadola,Outer Rim Territories,U-8,U,8
sw-01764,Eva-T,Quence,Outer Rim Territories,O-18,O,18
sw-01765,Evas,Belshar,Mid Rim,I-7,I,7
sw-01766,Excarga,Herios,Outer Rim Territories,T-16,T,16
sw-01767,Exegol,,Unknown Regions,F-7,F,7
sw-01768,Exigar,Weneen,Outer Rim Territories,N-6,N,6
sw-01769,Exocron,Kathol (Outback),Outer Rim Territories,M-21,M,21
sw-01770,Exodeen,,Colonies,M-12,M,12
sw-01771,Exodo,Meridian,Outer Rim Territories,R-7,R,7
sw-01772,Extorin Major,Extorin,Expansion Region,J-15,J,15
sw-01773,Extorin Minor,Extorin,Expansion Region,J-15,J,15
sw-01774,Extrictarium Nebula,Ash Worlds,Outer Rim Territories,T-7,T,7
sw-01775,Eyar,,Inner Rim,O-10,O,10
sw-01776,Ezaraa,Spinward,Outer Rim Territories,M-2,M,2
sw-01777,Ezran,Onatos,Mid Rim,Q-15,Q,15
sw-01778,F'Dann,Dufilvian,Mid Rim,R-15,R,15
sw-01779,F'tral,Calaron,Outer Rim Territories,T-9,T,9
sw-01780,F'tzner,Bartahn,Inner Rim,L-15,L,15
sw-01781,Faarlsun,,Wild Space,T-4,T,4
sw-01782,Fabrin,Circarpous,Expansion Region,O-12,O,12
sw-01783,Fadden,,Inner Rim,N-11,N,11
sw-01784,Fair Hollis,Karthakk,Outer Rim Territories,Q-17,Q,17
sw-01785,Fait d'Fait,Venaarian,Mid Rim,O-7,O,7
sw-01786,Faket,,Wild Space,G-15,G,15
sw-01787,Fakir,Fakir,Colonies,K-9,K,9
sw-01788,Falang Minor,Thanium,Outer Rim Territories,R-6,R,6
sw-01789,Falasia,,Inner Rim,N-10,N,10
sw-01790,Falaston,Kallea,Outer Rim Territories,K-21,K,21
sw-01791,Faldos,Saijo,Outer Rim Territories,K-20,K,20
sw-01792,Falko,Centrality,Outer Rim Territories,U-8,U,8
sw-01793,Falleen,Doldur,Mid Rim,P-15,P,15
sw-01794,Fallex,Belderone,Outer Rim Territories,R-6,R,6
sw-01795,Fallowan,Sujimis,Outer Rim Territories,P-19,P,19
sw-01796,Fangol,Mortex,Outer Rim Territories,S-5,S,5
sw-01797,Fanha,Seitia,Outer Rim Territories,K-19,K,19
sw-01798,Faos Station,Belsmuth,Outer Rim Territories,P-6,P,6
sw-01799,Far Dostany,M'shinni,Mid Rim,M-7,M,7
sw-01800,Far Indosa,Gordian Reach,Outer Rim Territories,P-6,P,6
sw-01801,Far Pando,,Hutt Space,S-13,S,13
sw-01802,Fara's Belt,Rolion,Outer Rim Territories,Q-6,Q,6
sw-01803,Farana,Farana*,Wild Space,S-3,S,3
sw-01804,Farbinda,,Inner Rim,N-14,N,14
sw-01805,Farbog,Vorzyd,Outer Rim Territories,R-6,R,6
sw-01806,Farboon,Tantra,Outer Rim Territories,M-19,M,19
sw-01807,Farfalla,Indra-su-Mar,Expansion Region,P-12,P,12
sw-01808,Farfax,Marzoon,Mid Rim,I-16,I,16
sw-01809,Farfeld,Jjannex,Outer Rim Territories,L-18,L,18
sw-01810,Farhava Beta,Tantra,Outer Rim Territories,M-19,M,19
sw-01811,Farnica,Hapes Cluster,Inner Rim,O-9,O,9
sw-01812,Faro,,Colonies,N-10,N,10
sw-01813,Farquar,Kurost,Mid Rim,Q-11,Q,11
sw-01814,Farrfin,Farrfin,Core Worlds,K-9,K,9
sw-01815,Farseen,Msst,Mid Rim,P-7,P,7
sw-01816,Farsellah,Farstey,Expansion Region,O-8,O,8
sw-01817,Farstey,Farstey,Expansion Region,O-8,O,8
sw-01818,Farstine,Ryndellian,Mid Rim,P-17,P,17
sw-01819,Farstone,Juvex,Mid Rim,K-18,K,18
sw-01820,Farwell Station,Eucer,Mid Rim,R-7,R,7
sw-01821,Fashinder Prime,Primtara,Mid Rim,P-15,P,15
sw-01822,Faz,Farlax,Core Worlds,K-10,K,10
sw-01823,Feather Nebula,Irnaj,Mid Rim,K-17,K,17
sw-01824,Febrini,Hapes Cluster,Inner Rim,O-9,O,9
sw-01825,Fedalle,,Core Worlds,M-10,M,10
sw-01826,Feddasyr,Elus,Inner Rim,N-12,N,12
sw-01827,Federian,Stensen,Outer Rim Territories,I-17,I,17
sw-01828,Fedevoi End,Croynar,Inner Rim,M-14,M,14
sw-01829,Fedje,Atrivis,Outer Rim Territories,L-5,L,5
sw-01830,Feena,Gordian Reach,Outer Rim Territories,Q-5,Q,5
sw-01831,Feenicks,Jjannex,Outer Rim Territories,K-19,K,19
sw-01832,Feenix,D'Aelgoth,Mid Rim,K-17,K,17
sw-01833,Fef,Glythe,Mid Rim,J-7,J,7
sw-01834,Fegorosk,Obtrexta,Outer Rim Territories,K-4,K,4
sw-01835,Fehern,Trax,Mid Rim,Q-10,Q,10
sw-01836,Fekunda,Shadola,Outer Rim Territories,U-8,U,8
sw-01837,Felacat,Grohl,Outer Rim Territories,R-15,R,15
sw-01838,Feldrona,Glythe,Mid Rim,J-7,J,7
sw-01839,Feldwes,Gordian Reach,Outer Rim Territories,Q-6,Q,6
sw-01840,Felin,Spinward,Outer Rim Territories,M-2,M,2
sw-01841,Fellio,Cadavine,Outer Rim Territories,P-17,P,17
sw-01842,Felucia,Thanium,Outer Rim Territories,R-6,R,6
sw-01843,Fendry,Druess,Mid Rim,O-15,O,15
sw-01844,Fenel,Demetras,Outer Rim Territories,O-7,O,7
sw-01845,Fengrine,Senex,Mid Rim,L-18,L,18
sw-01846,Fenion,Rolion,Outer Rim Territories,P-7,P,7
sw-01847,Fenn,Dufilvian,Mid Rim,R-15,R,15
sw-01848,Fennesa,,Inner Rim,K-14,K,14
sw-01849,Fentersohn,,Expansion Region,I-9,I,9
sw-01850,Fenves,Boeus,Expansion Region,L-15,L,15
sw-01851,Feraleech,Noolian,Mid Rim,Q-13,Q,13
sw-01852,Fere,Quelii,Outer Rim Territories,O-6,O,6
sw-01853,Ferijia,,Core Worlds,M-10,M,10
sw-01854,Feris,Agarix,Mid Rim,K-17,K,17
sw-01855,Fermic,Wazta,Outer Rim Territories,J-18,J,18
sw-01856,Ferona Vivaros,,Colonies,N-10,N,10
sw-01857,Ferrelia,Hunnoverrs,Outer Rim Territories,R-16,R,16
sw-01858,Ferrhast,,Core Worlds,L-13,L,13
sw-01859,Ferrix,Xappyh (Morlana),Outer Rim Territories,Q-3,Q,3
sw-01860,Ferro,Illisurevimurasi,Outer Rim Territories,Q-4,Q,4
sw-01861,Ferrok Pax,Ombakond,Expansion Region,P-12,P,12
sw-01862,Ferros,Ojoster,Outer Rim Territories,N-7,N,7
sw-01863,Ferrous Aurora Nebula,Thesme,Outer Rim Territories,O-6,O,6
sw-01864,Ferton,Al'Nasrl,Outer Rim Territories,T-13,T,13
sw-01865,Fest,Atrivis,Outer Rim Territories,L-5,L,5
sw-01866,Feswe Minor,Gordian Reach,Outer Rim Territories,P-5,P,5
sw-01867,Feswe Prime,Gordian Reach,Outer Rim Territories,P-5,P,5
sw-01868,Fether,Corporate Sector,Outer Rim Territories,S-3,S,3
sw-01869,Fex,,Deep Core,L-12,L,12
sw-01870,Fhost,,Wild Space,H-7,H,7
sw-01871,Fial,Auril,Outer Rim Territories,S-6,S,6
sw-01872,Fibuli,Trianii Space*,Wild Space,S-3,S,3
sw-01873,Fikari,Thanium,Outer Rim Territories,R-6,R,6
sw-01874,Fikzwaa,,Inner Rim,N-14,N,14
sw-01875,Filata,,Mid Rim,H-10,H,10
sw-01876,Filby,,Core Worlds,L-9,L,9
sw-01877,Fillithar,,Inner Rim,N-10,N,10
sw-01878,Filordis,Larrin,Inner Rim,N-8,N,8
sw-01879,Filve,Dufilvian,Mid Rim,R-15,R,15
sw-01880,Fimster,,Inner Rim,L-14,L,14
sw-01881,Findris,Haldeen,Colonies,M-9,M,9
sw-01882,Firrerre,Zuma (Sugai),Outer Rim Territories,H-16,H,16
sw-01883,Firrhana,Ojoster,Outer Rim Territories,N-7,N,7
sw-01884,Firro,Farrfin,Core Worlds,K-9,K,9
sw-01885,Fislan,Mortex,Outer Rim Territories,R-4,R,4
sw-01886,Fitca Prime,Urce Space,Mid Rim,L-6,L,6
sw-01887,Fiumar,Quanta,Core Worlds,M-12,M,12
sw-01888,Five Points,Thanium,Outer Rim Territories,S-6,S,6
sw-01889,Fiviune,Grumani,Outer Rim Territories,N-17,N,17
sw-01890,Fjor,Grohl,Outer Rim Territories,R-15,R,15
sw-01891,Flacharia,,Wild Space,H-6,H,6
sw-01892,Flandor,,Inner Rim,N-13,N,13
sw-01893,Flankers,Fakir,Colonies,K-9,K,9
sw-01894,Flashpoint,Meerian,Outer Rim Territories,O-7,O,7
sw-01895,Flax,Sumitra,Expansion Region,O-7,O,7
sw-01896,Fleyars,Baroli,Expansion Region,N-14,N,14
sw-01897,Fligger,Kibilini,Outer Rim Territories,Q-17,Q,17
sw-01898,Florn,Pakuuni,Outer Rim Territories,T-5,T,5
sw-01899,Florrum,Sertar,Outer Rim Territories,R-5,R,5
sw-01900,Floubette,,Colonies,L-13,L,13
sw-01901,Fluwhaka,Mortex,Outer Rim Territories,R-5,R,5
sw-01902,Flyntaria,D'Astan,Outer Rim Territories,O-6,O,6
sw-01903,Fnessal,,Inner Rim,K-14,K,14
sw-01904,Fobaris,Parmel,Outer Rim Territories,O-18,O,18
sw-01905,Fodro,Clacis,Outer Rim Territories,K-4,K,4
sw-01906,Fodurant,Trans-Gascon,Mid Rim,P-8,P,8
sw-01907,Foerost,,Core Worlds,L-10,L,10
sw-01908,Fokask,Klina,Outer Rim Territories,S-13,S,13
sw-01909,Folende,Tion Hegemony,Outer Rim Territories,S-5,S,5
sw-01910,Foless,,Colonies,M-13,M,13
sw-01911,Fondor,Tapani,Colonies,L-13,L,13
sw-01912,Foran Tutha,Cronese Mandate,Outer Rim Territories,S-6,S,6
sw-01913,Forbelea,,Unknown Regions,H-8,H,8
sw-01914,Fordon,Savareen,Outer Rim Territories,Q-16,Q,16
sw-01915,Forlonis Minor,Tharin,Outer Rim Territories,S-8,S,8
sw-01916,Formos,Kessel,Outer Rim Territories,T-10,T,10
sw-01917,Fornax,Glythe,Mid Rim,J-7,J,7
sw-01918,Fornow,Pacanth Reach,Outer Rim Territories,H-16,H,16
sw-01919,Forntay,,Core Worlds,L-12,L,12
sw-01920,Forome,Kessel,Outer Rim Territories,T-10,T,10
sw-01921,Forrn,Xan,Mid Rim,Q-15,Q,15
sw-01922,Forscan,Auril,Outer Rim Territories,R-7,R,7
sw-01923,Forsen,Cassander,Outer Rim Territories,K-5,K,5
sw-01924,Forvand,Corellian,Core Worlds,M-11,M,11
sw-01925,Fostin,Grumani,Outer Rim Territories,N-17,N,17
sw-01926,Foundry,,Colonies,N-10,N,10
sw-01927,Foxar,,Wild Space,N-3,N,3
sw-01928,Fradian,Roche,Mid Rim,Q-8,Q,8
sw-01929,Freda,Esaga,Mid Rim,Q-11,Q,11
sw-01930,Freerock,,Wild Space,H-13,H,13
sw-01931,Frego,,Core Worlds,L-13,L,13
sw-01932,Freliq,Calaron,Outer Rim Territories,U-9,U,9
sw-01933,Fremond,,Inner Rim,N-14,N,14
sw-01934,Fresia,Torranix,Core Worlds,K-10,K,10
sw-01935,Frewwil,,Expansion Region,I-14,I,14
sw-01936,Freya,,Wild Space,S-18,S,18
sw-01937,Frezno,Cademimu,Outer Rim Territories,M-6,M,6
sw-01938,Friijillis,Dail,Outer Rim Territories,P-18,P,18
sw-01939,Frisal,Atrisian CW,Core Worlds,J-12,J,12
sw-01940,Frithia,Glythe,Mid Rim,K-7,K,7
sw-01941,Froffl,Churba,Mid Rim,P-15,P,15
sw-01942,Fromiria,Mortex,Outer Rim Territories,R-5,R,5
sw-01943,Fromish,,Core Worlds,M-11,M,11
sw-01944,Frommon,,Colonies,M-9,M,9
sw-01945,Frong,Ojoster,Outer Rim Territories,N-7,N,7
sw-01946,Froswythe,,Colonies,M-13,M,13
sw-01947,Froz,Corellian,Core Worlds,M-11,M,11
sw-01948,Frunchettan,,Wild Space,I-6,I,6
sw-01949,Fryiaa,Dail,Outer Rim Territories,Q-18,Q,18
sw-01950,Fuacha,Galov,Outer Rim Territories,T-14,T,14
sw-01951,Fusai,Zuma (Fusai),Outer Rim Territories,H-16,H,16
sw-01952,Fwatna,Subterrel,Outer Rim Territories,K-20,K,20
sw-01953,Fwiis,,Inner Rim,M-13,M,13
sw-01954,Fwillsving,Calaron,Outer Rim Territories,T-10,T,10
sw-01955,Fyodos,Tammuz,Outer Rim Territories,U-14,U,14
sw-01956,Fyrth,,Inner Rim,J-8,J,8
sw-01957,Fytoun,Brak,Expansion Region,O-14,O,14
sw-01958,G'haris,Perinn,Outer Rim Territories,J-4,J,4
sw-01959,G'rho,,Wild Space,G-16,G,16
sw-01960,G'Tep'Noi,Croynar,Inner Rim,N-14,N,14
sw-01961,G'wenee,Weneen,Outer Rim Territories,N-6,N,6
sw-01962,Gaalt,Meram,Outer Rim Territories,O-4,O,4
sw-01963,Gaaten,Garis,Outer Rim Territories,N-17,N,17
sw-01964,Gabdor,,Expansion Region,H-14,H,14
sw-01965,Gabredor,Myto,Outer Rim Territories,K-4,K,4
sw-01966,Gacerian,Baroli,Expansion Region,N-15,N,15
sw-01967,Gad,Brema,Outer Rim Territories,M-17,M,17
sw-01968,Gaddria,Oricho,Outer Rim Territories,M-5,M,5
sw-01969,Gadon,Cronese Mandate,Outer Rim Territories,S-6,S,6
sw-01970,Gaftikar,Kalamith,Outer Rim Territories,P-5,P,5
sw-01971,Gagrew Station,,Hutt Space,S-9,S,9
sw-01972,Gailea,,Core Worlds,M-12,M,12
sw-01973,Gaios,,Core Worlds,K-9,K,9
sw-01974,Gairm,Venaarian,Mid Rim,O-7,O,7
sw-01975,Gal Milnor,Seitia,Outer Rim Territories,K-19,K,19
sw-01976,Gala,Nuiri,Outer Rim Territories,Q-7,Q,7
sw-01977,Galaan,Corva,Outer Rim Territories,P-4,P,4
sw-01978,Galagolos,,Colonies,J-9,J,9
sw-01979,Galand,Torranix,Core Worlds,K-10,K,10
sw-01980,Galantos,Farlax,Core Worlds,K-10,K,10
sw-01981,Galara,Roche,Mid Rim,Q-8,Q,8
sw-01982,Galator,Belsmuth,Outer Rim Territories,O-6,O,6
sw-01983,Galboron,Hertae,Mid Rim,Q-14,Q,14
sw-01984,Galdi,Brema (Reithcas),Outer Rim Territories,M-18,M,18
sw-01985,Galdria,Cronese Mandate,Outer Rim Territories,S-6,S,6
sw-01986,Galdronia,,Core Worlds,L-10,L,10
sw-01987,Galidraan,Thanium,Outer Rim Territories,R-6,R,6
sw-01988,Galitan,Bormea,Core Worlds,L-9,L,9
sw-01989,Galjaero,Tungra,Outer Rim Territories,K-18,K,18
sw-01990,Gall,Cadavine,Outer Rim Territories,P-17,P,17
sw-01991,Gallapraxis,Hythrope,Expansion Region,M-16,M,16
sw-01992,Galleefryn,Corporate Sector,Outer Rim Territories,S-3,S,3
sw-01993,Gallinore,Hapes Cluster,Inner Rim,O-9,O,9
sw-01994,Gallion,Grumani,Outer Rim Territories,N-17,N,17
sw-01995,Galloa,D'Astan,Outer Rim Territories,O-5,O,5
sw-01996,Galltine,Thesme,Outer Rim Territories,O-6,O,6
sw-01997,Gallus,Allied Tion,Outer Rim Territories,S-6,S,6
sw-01998,Galmerah,Jalor,Mid Rim,J-7,J,7
sw-01999,Galov,Galov,Outer Rim Territories,T-14,T,14
sw-02000,Galpos,Abrion,Outer Rim Territories,S-15,S,15
sw-02001,Galshebbis Prime,Nilgaard,Outer Rim Territories,S-5,S,5
sw-02002,Galsol,Belderone,Outer Rim Territories,R-6,R,6
sw-02003,Galtea,Kathol,Outer Rim Territories,M-21,M,21
sw-02004,Galtea Binary,Kathol (Outback),Outer Rim Territories,M-21,M,21
sw-02005,Galvoni,,Core Worlds,K-9,K,9
sw-02006,Galzez,Dustig,Mid Rim,M-17,M,17
sw-02007,Gam Tim'nisi,Tungra,Outer Rim Territories,K-18,K,18
sw-02008,Gama,,Core Worlds,L-12,L,12
sw-02009,Gamerong,Nijune,Outer Rim Territories,N-4,N,4
sw-02010,Gammalin,Vish,Mid Rim,N-16,N,16
sw-02011,Gamor,Chaykin,Expansion Region,O-14,O,14
sw-02012,Gamorr,Galov,Outer Rim Territories,T-14,T,14
sw-02013,Gan Moradir,Xan,Mid Rim,Q-15,Q,15
sw-02014,Ganath,,Hutt Space,R-12,R,12
sw-02015,Gand,Shadola,Outer Rim Territories,T-8,T,8
sw-02016,Gandalla,Boeus,Expansion Region,M-15,M,15
sw-02017,Gandan,Oricho,Outer Rim Territories,M-6,M,6
sw-02018,Gandeal,,Core Worlds,M-12,M,12
sw-02019,Gandeid,Trailing Grant,Expansion Region,J-15,J,15
sw-02020,Gandle Ott,Kathol,Outer Rim Territories,M-21,M,21
sw-02021,Gandolo,Lahara,Outer Rim Territories,M-5,M,5
sw-02022,Gandrossi,Perinn,Outer Rim Territories,J-4,J,4
sw-02023,Gandrun,,Colonies,J-13,J,13
sw-02024,Gangxi Station,,Wild Space,I-15,I,15
sw-02025,Gania,Tapani,Colonies,L-13,L,13
sw-02026,Ganlihk,Dantus,Outer Rim Territories,J-6,J,6
sw-02027,Gannaria,Trilon,Outer Rim Territories,H-15,H,15
sw-02028,Gannymeda,,Inner Rim,M-8,M,8
sw-02029,Ganoidi,Brema,Outer Rim Territories,M-17,M,17
sw-02030,Gansett,Manda,Mid Rim,R-15,R,15
sw-02031,Ganthel,Bormea,Core Worlds,L-9,L,9
sw-02032,Gantho,,Inner Rim,N-12,N,12
sw-02033,Gantonnerre,,Inner Rim,N-8,N,8
sw-02034,Ganzik,Maldrood,Mid Rim,R-7,R,7
sw-02035,Garban,Abrion,Outer Rim Territories,S-15,S,15
sw-02036,Garcornia,Ado,Mid Rim,M-17,M,17
sw-02037,Gardaji Rift,(Gardaji),Outer Rim Territories,M-1,M,1
sw-02038,Garel,Lothal,Outer Rim Territories,U-7,U,7
sw-02039,Garen,Thuldin's Grant,Expansion Region,J-15,J,15
sw-02040,Garfin,Immeria,Expansion Region,O-14,O,14
sw-02041,Gargolyn,,Wild Space,I-8,I,8
sw-02042,Gargon,Mandalore,Outer Rim Territories,O-7,O,7
sw-02043,Garia,Brak,Expansion Region,O-14,O,14
sw-02044,Garis,Tamarin,Outer Rim Territories,N-18,N,18
sw-02045,Garn,Cadma,Outer Rim Territories,T-8,T,8
sw-02046,Garnib,Bozhnee,Outer Rim Territories,L-18,L,18
sw-02047,Garobi,Tapani,Colonies,L-13,L,13
sw-02048,Garollia,Baroli,Expansion Region,N-15,N,15
sw-02049,Garos,Msst,Mid Rim,P-7,P,7
sw-02050,Garqi,Cassander (Tadrin),Outer Rim Territories,K-5,K,5
sw-02051,Garr'lst,,Inner Rim,O-8,O,8
sw-02052,Garrthinius,Steniplis,Outer Rim Territories,M-18,M,18
sw-02053,Garwillia,,Core Worlds,M-10,M,10
sw-02054,Gascon,Trans-Gascon,Mid Rim,P-8,P,8
sw-02055,Gastrula,Rayter,Outer Rim Territories,J-19,J,19
sw-02056,Gatalenta,,Core Worlds,M-10,M,10
sw-02057,Gathus,Tynquay,Outer Rim Territories,Q-4,Q,4
sw-02058,Gattering,Noolian,Mid Rim,Q-13,Q,13
sw-02059,Gaulus,Gaulus,Outer Rim Territories,S-17,S,17
sw-02060,Gaurick,Corporate Sector,Outer Rim Territories,S-4,S,4
sw-02061,Gavana,Belasco,Expansion Region,O-11,O,11
sw-02062,Gavens,Tregillis,Expansion Region,M-15,M,15
sw-02063,Gavos,Kastolar,Mid Rim,Q-10,Q,10
sw-02064,Gavriza,Prackla,Expansion Region,O-8,O,8
sw-02065,Gavryn,Romintine,Mid Rim,Q-8,Q,8
sw-02066,Gaxxa,,Inner Rim,N-10,N,10
sw-02067,Gazian,Truum,Mid Rim,P-8,P,8
sw-02068,Gazzari,Grumani,Outer Rim Territories,M-17,M,17
sw-02069,Gazzari Minor,Garis,Outer Rim Territories,N-17,N,17
sw-02070,Gbu,Keldrath,Outer Rim Territories,T-6,T,6
sw-02071,Geal,Gendius,Mid Rim,K-17,K,17
sw-02072,Gedi,Arkanis,Outer Rim Territories,R-16,R,16
sw-02073,Geedon,Sumitra,Expansion Region,N-7,N,7
sw-02074,Gefthaine,Mandalore,Outer Rim Territories,O-7,O,7
sw-02075,Geillia,Keldrath,Outer Rim Territories,T-6,T,6
sw-02076,Geister,Iskin,Mid Rim,O-16,O,16
sw-02077,Gelda,Carrion,Outer Rim Territories,J-4,J,4
sw-02078,Geldoll,Kossa,Expansion Region,O-11,O,11
sw-02079,Gelemeade,Kordu,Mid Rim,L-7,L,7
sw-02080,Gelgelar,Elrood,Outer Rim Territories,M-20,M,20
sw-02081,Gellefon,Savareen,Outer Rim Territories,Q-16,Q,16
sw-02082,Gelviddis Cluster,,Inner Rim,N-9,N,9
sw-02083,"Gem, The",,Unknown Regions,G-14,G,14
sw-02084,Genassa,M'shinni,Mid Rim,M-7,M,7
sw-02085,Gendius,Gendius,Mid Rim,J-17,J,17
sw-02086,Gendoraan,,Core Worlds,M-10,M,10
sw-02087,Gendrah-Narvin,,Inner Rim,N-13,N,13
sw-02088,Generis,Atrivis,Outer Rim Territories,L-5,L,5
sw-02089,Genesia,Brak,Expansion Region,O-14,O,14
sw-02090,Genetia,,Expansion Region,I-14,I,14
sw-02091,Genhu,Tharin (Periphery),Outer Rim Territories,S-8,S,8
sw-02092,Genian,Trax,Mid Rim,P-10,P,10
sw-02093,Geniseria,Jurzan,Expansion Region,M-15,M,15
sw-02094,Genon,,Inner Rim,N-13,N,13
sw-02095,Genosha,,Outer Rim Territories,I-20,I,20
sw-02096,Geonosis,Arkanis,Outer Rim Territories,R-16,R,16
sw-02097,Gepparin,Shelsha,Colonies,M-9,M,9
sw-02098,Geran,Calaron,Outer Rim Territories,T-9,T,9
sw-02099,Gerhalt,Altier,Expansion Region,O-13,O,13
sw-02100,Geridard,Doldur,Mid Rim,P-15,P,15
sw-02101,Gerinia,Trans-Vulta,Mid Rim,N-7,N,7
sw-02102,Geris,Trans-Vulta,Mid Rim,O-7,O,7
sw-02103,Geroon,,Unknown Regions,I-8,I,8
sw-02104,Gerrard,,Core Worlds,K-12,K,12
sw-02105,Gerrenthum,Javin (Anoat),Outer Rim Territories,K-18,K,18
sw-02106,Gerres Gule,Primtara,Mid Rim,P-15,P,15
sw-02107,Gertafuu,,Wild Space,S-18,S,18
sw-02108,Gerzob,Hunnoverrs,Outer Rim Territories,R-18,R,18
sw-02109,Gesaral Beta,Gordian Reach,Outer Rim Territories,P-6,P,6
sw-02110,Gesaril,Minos Cluster,Outer Rim Territories,M-20,M,20
sw-02111,Geska Prime,Lifh,Mid Rim,Q-8,Q,8
sw-02112,Gestrex,Calaron,Outer Rim Territories,T-9,T,9
sw-02113,Gestron,Tennuutta,Mid Rim,Q-7,Q,7
sw-02114,Gevarno Cluster,Brema,Outer Rim Territories,M-17,M,17
sw-02115,Ggy-ynt,Esuain,Mid Rim,Q-7,Q,7
sw-02116,GH-531,,Unknown Regions,I-5,I,5
sw-02117,Ghaina,,Core Worlds,K-9,K,9
sw-02118,Gheia,Albarrio,Outer Rim Territories,K-5,K,5
sw-02119,Gherillia,Bes Ber Bikade,Expansion Region,L-15,L,15
sw-02120,Ghishi,Daimar,Mid Rim,Q-16,Q,16
sw-02121,Ghita,Atravis,Outer Rim Territories,L-19,L,19
sw-02122,Ghoba,Chitarghar,Expansion Region,K-15,K,15
sw-02123,Gholondreine,Chitarghar,Expansion Region,K-15,K,15
sw-02124,Ghonoath,Croynar,Inner Rim,M-14,M,14
sw-02125,Ghorman,Sern,Colonies,L-13,L,13
sw-02126,Ghorn,Tharin (Karstaxon),Outer Rim Territories,S-8,S,8
sw-02127,Ghost Moon,Wornal,Mid Rim,K-16,K,16
sw-02128,Ghost Nebula,Ghost Nebula,Expansion Region,P-10,P,10
sw-02129,Ghothia,Stensen,Outer Rim Territories,I-16,I,16
sw-02130,Gibad,Abrion,Outer Rim Territories,S-15,S,15
sw-02131,Gibbela,Atrivis,Outer Rim Territories,L-5,L,5
sw-02132,Gibraal,Itopol,Expansion Region,K-15,K,15
sw-02133,Giddea,Merthian,Expansion Region,N-13,N,13
sw-02134,Giermos,,Colonies,L-8,L,8
sw-02135,Gigor,Tynquay,Outer Rim Territories,R-4,R,4
sw-02136,Giju,Herglic Space,Colonies,L-13,L,13
sw-02137,Gilatter,Churnis,Mid Rim,I-7,I,7
sw-02138,Gilliana,Tapani,Colonies,L-13,L,13
sw-02139,Gilvaanen,,Inner Rim,L-8,L,8
sw-02140,Ginn Jump,,Core Worlds,L-10,L,10
sw-02141,Giryulan,,Wild Space,U-6,U,6
sw-02142,Gizer,Lantillian,Mid Rim,P-8,P,8
sw-02143,Glade,Gordian Reach,Outer Rim Territories,P-5,P,5
sw-02144,Glakka,Wyl,Outer Rim Territories,R-4,R,4
sw-02145,Glassferra,,Inner Rim,N-9,N,9
sw-02146,Glastis,Chiss Space*,Unknown Regions,F-8,F,8
sw-02147,Glavis,,Core Worlds,M-11,M,11
sw-02148,Glee Anselm,Jalor,Mid Rim,J-7,J,7
sw-02149,Gligger,Ash Worlds,Outer Rim Territories,S-7,S,7
sw-02150,Glite-Ven,Aparo,Outer Rim Territories,R-3,R,3
sw-02151,Glithnos,,Core Worlds,M-10,M,10
sw-02152,Glom Tho,Hevvrol,Mid Rim,O-15,O,15
sw-02153,Gloon,Kessel,Outer Rim Territories,T-10,T,10
sw-02154,Glottal,Baxel,Outer Rim Territories,U-11,U,11
sw-02155,Glova,Tarabba,Outer Rim Territories,M-19,M,19
sw-02156,Gmar Askilon,Krenhner,Inner Rim,L-14,L,14
sw-02157,Gnithia,Jospro,Outer Rim Territories,R-7,R,7
sw-02158,Goa,Bes Ber Bikade,Expansion Region,L-15,L,15
sw-02159,Gobindi,Noonian,Outer Rim Territories,M-6,M,6
sw-02160,Gobreton,Barma,Colonies,M-9,M,9
sw-02161,Godo,Quence,Outer Rim Territories,O-18,O,18
sw-02162,"Godsheart, The",,Hutt Space,T-11,T,11
sw-02163,Goelitz,M'shinni,Mid Rim,M-7,M,7
sw-02164,Goff,Airam,Outer Rim Territories,L-20,L,20
sw-02165,Goibniu,Videnda,Outer Rim Territories,L-18,L,18
sw-02166,Golden Nyss,Fellwe,Expansion Region,L-8,L,8
sw-02167,Golh,Videnda,Outer Rim Territories,L-18,L,18
sw-02168,Goliath Mal,,Colonies,N-10,N,10
sw-02169,Golkus,,Colonies,K-9,K,9
sw-02170,Golrath,Sanbra,Outer Rim Territories,O-17,O,17
sw-02171,Golus Pheyar,Tion Hegemony,Outer Rim Territories,T-6,T,6
sw-02172,Golus Station,Vilonis,Mid Rim,O-16,O,16
sw-02173,Goluud Minor,,Core Worlds,L-10,L,10
sw-02174,Goluud Prime,,Deep Core,L-10,L,10
sw-02175,Gom,Tregillis,Expansion Region,L-15,L,15
sw-02176,Gon Tiek,Atravis,Outer Rim Territories,L-19,L,19
sw-02177,Gonda,Bon'nyuw-Luq,Outer Rim Territories,N-18,N,18
sw-02178,Gondagali,Lahara,Outer Rim Territories,M-5,M,5
sw-02179,Gonmore,Fath,Outer Rim Territories,K-6,K,6
sw-02180,Gontzol,,Colonies,L-13,L,13
sw-02181,Goorla,Corellian,Core Worlds,M-11,M,11
sw-02182,Goratak,Vensensor,Expansion Region,K-16,K,16
sw-02183,Gorbah,Atravis,Outer Rim Territories,L-19,L,19
sw-02184,Gorgaria,Karthakk,Outer Rim Territories,Q-17,Q,17
sw-02185,Gorm,Meerian,Outer Rim Territories,O-6,O,6
sw-02186,Gorma,Majoor,Expansion Region,N-15,N,15
sw-02187,Gormen,Nuiri,Outer Rim Territories,Q-7,Q,7
sw-02188,Gorno,Arkanis,Outer Rim Territories,R-17,R,17
sw-02189,Gorobei,,Inner Rim,M-8,M,8
sw-02190,Goroth,Trans-Nebular,Mid Rim,R-16,R,16
sw-02191,Gorse,,Inner Rim,O-10,O,10
sw-02192,Gorsh,,Wild Space,O-3,O,3
sw-02193,Gortus,Kanz,Outer Rim Territories,N-4,N,4
sw-02194,Gorvinia,Thusa,Mid Rim,O-7,O,7
sw-02195,Gos Hutta,,Hutt Space,S-11,S,11
sw-02196,Gosfambling,Lifh,Mid Rim,R-8,R,8
sw-02197,Gosho,Parmel,Outer Rim Territories,O-18,O,18
sw-02198,Goshyn,Tolonda,Outer Rim Territories,Q-18,Q,18
sw-02199,Gotar,,Wild Space,U-9,U,9
sw-02200,Gotida,,Inner Rim,O-10,O,10
sw-02201,Gotoma,Farlax,Core Worlds,K-10,K,10
sw-02202,Gottlegoob,,Wild Space,O-20,O,20
sw-02203,Govia,Corellian,Core Worlds,M-11,M,11
sw-02204,Gowdawl,,Inner Rim,M-14,M,14
sw-02205,Gozgo,,Hutt Space,S-9,S,9
sw-02206,Gra Ploven,,Colonies,N-12,N,12
sw-02207,Graador,Graador,Mid Rim,I-17,I,17
sw-02208,Graal'diin,Spadja,Outer Rim Territories,R-6,R,6
sw-02209,Graddus Rex,,Inner Rim,L-14,L,14
sw-02210,Gradilis Rift,,Wild Space,I-5,I,5
sw-02211,Grakouine,Onatos,Mid Rim,R-15,R,15
sw-02212,Gralack,Kwymar,Outer Rim Territories,P-4,P,4
sw-02213,Graland,Corellian,Core Worlds,M-11,M,11
sw-02214,Grand Tharkand,,Inner Rim,O-9,O,9
sw-02215,Grandeel,Tynna,Expansion Region,N-14,N,14
sw-02216,Grandine,,Colonies,M-9,M,9
sw-02217,Grange,Kurost,Mid Rim,Q-11,Q,11
sw-02218,Granna,,Core Worlds,K-10,K,10
sw-02219,Granus,,Inner Rim,M-14,M,14
sw-02220,Grathus,Jospro,Outer Rim Territories,R-7,R,7
sw-02221,Grava,Kallea,Outer Rim Territories,K-20,K,20
sw-02222,Gravan,,Inner Rim,O-8,O,8
sw-02223,Gravane,Klina,Outer Rim Territories,S-13,S,13
sw-02224,Gravdinia,,Colonies,N-10,N,10
sw-02225,Gravlex Med,Raioballo,Outer Rim Territories,L-4,L,4
sw-02226,Great Aglamerti,Charra,Expansion Region,P-14,P,14
sw-02227,Great Forveen Nebula,Churnis,Mid Rim,J-6,J,6
sw-02228,Great Zilk,Irishi,Mid Rim,K-6,K,6
sw-02229,Greater Marianas,Sevetta,Outer Rim Territories,S-15,S,15
sw-02230,Gree,Veragi (Gree Enclave),Outer Rim Territories,L-2,L,2
sw-02231,Gree Baaker,Atrivis,Outer Rim Territories,L-5,L,5
sw-02232,Greeb-Streebling Cluster,Bozhnee,Outer Rim Territories,L-18,L,18
sw-02233,Greeve,Grumani,Outer Rim Territories,N-17,N,17
sw-02234,Gregonia,Dimean,Expansion Region,P-13,P,13
sw-02235,Grehollo,Manoe,Mid Rim,K-7,K,7
sw-02236,Grella,Tapani,Colonies,L-13,L,13
sw-02237,Greyman's Planet,Wazta,Outer Rim Territories,J-18,J,18
sw-02238,Grimdock,Axion,Expansion Region,P-10,P,10
sw-02239,Grimwald,Truum,Mid Rim,P-8,P,8
sw-02240,Griq,,Unknown Regions,H-7,H,7
sw-02241,Grizal,Hadar,Mid Rim,L-17,L,17
sw-02242,Grizmallt,,Core Worlds,L-9,L,9
sw-02243,Gromas,Perkell,Mid Rim,Q-7,Q,7
sw-02244,Groth,,Hutt Space,S-11,S,11
sw-02245,Grumwall,Illisurevimurasi,Outer Rim Territories,Q-4,Q,4
sw-02246,Gruvia,Hilo,Expansion Region,P-13,P,13
sw-02247,Gryphon,,Inner Rim,N-9,N,9
sw-02248,Guagenia,Guagenian,Inner Rim,J-14,J,14
sw-02249,Guat'a,Torch Nebula,Outer Rim Territories,P-19,P,19
sw-02250,Guavian Drift,Meram,Outer Rim Territories,P-4,P,4
sw-02251,GUHL-J03870,Trilon,Outer Rim Territories,H-15,H,15
sw-02252,Guiteica,Kadok Regions*,Wild Space,J-4,J,4
sw-02253,Gulf of Tatooine,Arkanis,Outer Rim Territories,R-16,R,16
sw-02254,Gulhadar,,Inner Rim,L-8,L,8
sw-02255,Gulma,,Wild Space,P-3,P,3
sw-02256,Gultanna,Va di Gult,Mid Rim,K-8,K,8
sw-02257,Gulvitch,Gordian Reach,Outer Rim Territories,Q-6,Q,6
sw-02258,Gundravia,Hadar,Mid Rim,L-17,L,17
sw-02259,Gunthar,Kriz,Outer Rim Territories,J-18,J,18
sw-02260,Gurrisalia,Relgim,Outer Rim Territories,L-5,L,5
sw-02261,Gutretee,Javin (Anoat),Outer Rim Territories,K-18,K,18
sw-02262,Guudria,,Wild Space,R-19,R,19
sw-02263,Guuko,Weneen,Outer Rim Territories,N-6,N,6
sw-02264,Gwar,,Mid Rim,H-15,H,15
sw-02265,Gwongdeen,,Colonies,J-9,J,9
sw-02266,Gwori,Clacis,Outer Rim Territories,K-4,K,4
sw-02267,Gymelo,Bakura,Outer Rim Territories,G-16,G,16
sw-02268,Gyndine,Circarpous,Expansion Region,O-12,O,12
sw-02269,Gyndorath,,Unknown Regions,G-11,G,11
sw-02270,Gyosha,,Core Worlds,K-12,K,12
sw-02271,H'Grathi Nebulae,Thrasybule,Outer Rim Territories,P-6,P,6
sw-02272,H'ken,Corva,Outer Rim Territories,P-4,P,4
sw-02273,H'nemthe,Mayagil,Outer Rim Territories,M-18,M,18
sw-02274,H'ratth,,Inner Rim,N-10,N,10
sw-02275,H'relac,Aparo,Outer Rim Territories,R-3,R,3
sw-02276,Haariden,,Inner Rim,O-9,O,9
sw-02277,Haaridin,Kwymar,Outer Rim Territories,P-4,P,4
sw-02278,Haashimut,Ash Worlds,Outer Rim Territories,S-7,S,7
sw-02279,Habassa,Herdessa,Mid Rim,Q-16,Q,16
sw-02280,Had Abbadon,,Deep Core,L-10,L,10
sw-02281,Hadi,Kalamith,Outer Rim Territories,P-5,P,5
sw-02282,Hadlress,,Inner Rim,M-14,M,14
sw-02283,Hadros,Prefsbelt,Outer Rim Territories,J-6,J,6
sw-02284,Haffrin,Esstran,Outer Rim Territories,Q-4,Q,4
sw-02285,Hagar Secundus,Brak,Expansion Region,O-14,O,14
sw-02286,Haidoral Prime,Kastolar,Mid Rim,R-10,R,10
sw-02287,Haileap,Tunka (Dalnan),Outer Rim Territories,I-19,I,19
sw-02288,Hakara,Corva,Outer Rim Territories,P-3,P,3
sw-02289,Hakartha,Hakartha,Expansion Region,K-16,K,16
sw-02290,Hakassi,,Deep Core,M-11,M,11
sw-02291,Hakotei,D'Astan,Outer Rim Territories,O-6,O,6
sw-02292,Halais,,Colonies,N-10,N,10
sw-02293,Halanit,,Colonies,N-11,N,11
sw-02294,Halbara,Elrood,Outer Rim Territories,M-20,M,20
sw-02295,Halcyon,,Colonies,K-13,K,13
sw-02296,Haldeen,Haldeen,Colonies,M-9,M,9
sw-02297,Hali,Hali,Expansion Region,O-9,O,9
sw-02298,Hallion,Esstran (Sith Worlds),Outer Rim Territories,R-5,R,5
sw-02299,Hallitron,Jalor,Mid Rim,J-7,J,7
sw-02300,Hallrin,Surron,Expansion Region,O-13,O,13
sw-02301,Halm,Halm,Mid Rim,J-16,J,16
sw-02302,Halmad,Quelii,Outer Rim Territories,N-6,N,6
sw-02303,Halowan,Fakir,Colonies,K-9,K,9
sw-02304,Halpat,,Core Worlds,K-9,K,9
sw-02305,Halthor,Halthor,Outer Rim Territories,L-6,L,6
sw-02306,Haluria,Vendusii,Mid Rim,P-16,P,16
sw-02307,Halyard,Bes Ber Bikade,Expansion Region,L-15,L,15
sw-02308,Handooine,Phelleem,Outer Rim Territories,S-7,S,7
sw-02309,Haneli,Arc d'Stot,Expansion Region,K-15,K,15
sw-02310,Hanna,,Inner Rim,M-8,M,8
sw-02311,Hanod,Corva,Outer Rim Territories,P-3,P,3
sw-02312,Hanofar,,Colonies,L-13,L,13
sw-02313,Hapes,Hapes Cluster,Inner Rim,O-9,O,9
sw-02314,Hapor,,Inner Rim,O-8,O,8
sw-02315,Hapuntep,Ado,Mid Rim,M-17,M,17
sw-02316,Har Binande,Har Worlds,Expansion Region,J-16,J,16
sw-02317,Harbin-re,,Inner Rim,N-13,N,13
sw-02318,Harda,Phelleem,Outer Rim Territories,S-7,S,7
sw-02319,Hardex,Jubilar,Outer Rim Territories,T-7,T,7
sw-02320,Hargeeva,Jurzan,Expansion Region,M-15,M,15
sw-02321,Harix,,Colonies,K-9,K,9
sw-02322,Harko Station,D'Astan,Outer Rim Territories,N-5,N,5
sw-02323,Harkrova,,Inner Rim,N-9,N,9
sw-02324,Harlequin Station,Garis,Outer Rim Territories,N-17,N,17
sw-02325,Harloen,Belsmuth,Outer Rim Territories,O-6,O,6
sw-02326,Harloff Minor,,Core Worlds,L-9,L,9
sw-02327,Harpori,Druess,Mid Rim,O-15,O,15
sw-02328,Harrandarr,Bosph,Outer Rim Territories,Q-3,Q,3
sw-02329,Harridan,Dantus,Outer Rim Territories,J-6,J,6
sw-02330,Harrin,Harrin,Inner Rim,L-15,L,15
sw-02331,Harrod's Planet,Oplovis,Outer Rim Territories,M-5,M,5
sw-02332,Harswee,Mandalore,Outer Rim Territories,O-7,O,7
sw-02333,Hartaga,Drannik,Expansion Region,K-8,K,8
sw-02334,Harterra,Hapes Cluster,Inner Rim,O-9,O,9
sw-02335,Haruun Kal,Dustig,Mid Rim,M-17,M,17
sw-02336,Hasaq,Askarian,Expansion Region,P-12,P,12
sw-02337,Haseria,Haserian,Mid Rim,P-15,P,15
sw-02338,Hasiki,,Inner Rim,O-8,O,8
sw-02339,Hassaria,Wazta,Outer Rim Territories,I-17,I,17
sw-02340,Hasskyn,Minos Cluster,Outer Rim Territories,M-20,M,20
sw-02341,Hast,,Wild Space,U-6,U,6
sw-02342,Hathrox,Halla,Mid Rim,R-10,R,10
sw-02343,Haurgab,Spirva,Mid Rim,L-16,L,16
sw-02344,Haven,Minos Cluster,Outer Rim Territories,M-20,M,20
sw-02345,Haverling,Albarrio,Outer Rim Territories,K-5,K,5
sw-02346,Havricus,,Colonies,N-12,N,12
sw-02347,Hazun,Astal,Outer Rim Territories,P-17,P,17
sw-02348,Hazzard,Lahara,Outer Rim Territories,M-5,M,5
sw-02349,Heap Nine,Boeus,Expansion Region,M-15,M,15
sw-02350,Hebekrr,Ojoster,Outer Rim Territories,N-7,N,7
sw-02351,Heffrin,Arkanis,Outer Rim Territories,R-17,R,17
sw-02352,Hefi,Abrion,Outer Rim Territories,S-15,S,15
sw-02353,Hei,Thrasybule,Outer Rim Territories,P-6,P,6
sw-02354,Heliconia,,Core Worlds,L-10,L,10
sw-02355,Helix,Meridian,Outer Rim Territories,R-6,R,6
sw-02356,Helleguth,,Inner Rim,N-13,N,13
sw-02357,Hellenah,Xan,Mid Rim,Q-15,Q,15
sw-02358,"Hellhoop, The",Hocatar,Expansion Region,P-12,P,12
sw-02359,Hellios,Tapani,Colonies,L-13,L,13
sw-02360,Helmaxa,,Inner Rim,M-14,M,14
sw-02361,Helska,Dalonbian,Outer Rim Territories,L-2,L,2
sw-02362,Hemei,,Core Worlds,M-12,M,12
sw-02363,Hendanyn,,Colonies,M-13,M,13
sw-02364,Hendrix,Iska,Mid Rim,J-16,J,16
sw-02365,Hensara,Rachuk,Colonies,N-11,N,11
sw-02366,Heptalia,,Inner Rim,M-14,M,14
sw-02367,Heptooine,Grumani,Outer Rim Territories,N-17,N,17
sw-02368,Herakal,Ghost Nebula,Expansion Region,P-10,P,10
sw-02369,Herdessa,Herdessa,Mid Rim,Q-16,Q,16
sw-02370,Herego,,Colonies,M-9,M,9
sw-02371,Herios,Herios,Outer Rim Territories,T-16,T,16
sw-02372,Heriston,Atravis,Outer Rim Territories,L-19,L,19
sw-02373,Hermos,Spadja,Outer Rim Territories,R-5,R,5
sw-02374,Hero Twins,Relgim,Outer Rim Territories,L-4,L,4
sw-02375,Herrik,Dantus,Outer Rim Territories,J-6,J,6
sw-02376,Herstell,,Colonies,N-12,N,12
sw-02377,Herzob,,Colonies,N-12,N,12
sw-02378,Hestria,Senex,Mid Rim,L-18,L,18
sw-02379,Heterkus,Tharin,Outer Rim Territories,S-8,S,8
sw-02380,Hethar,Atrivis,Outer Rim Territories,L-5,L,5
sw-02381,Hetnagaro,Andirma,Expansion Region,L-15,L,15
sw-02382,Hettitite,Dalonbian,Outer Rim Territories,M-2,M,2
sw-02383,Hettsk,Belsmuth,Outer Rim Territories,P-6,P,6
sw-02384,Hetzal,Savareen,Outer Rim Territories,Q-16,Q,16
sw-02385,Heva,Sevetta,Outer Rim Territories,S-16,S,16
sw-02386,Hevurion,,Inner Rim,L-8,L,8
sw-02387,Hewett,Hewett,Mid Rim,M-6,M,6
sw-02388,Hewl,Eidoloni,Mid Rim,M-16,M,16
sw-02389,Hexus,D'Astan,Outer Rim Territories,O-5,O,5
sw-02390,Hibrath,,Unknown Regions,G-7,G,7
sw-02391,Hidden Tegoor,Albanin,Outer Rim Territories,T-12,T,12
sw-02392,Hiffis,Jjannex,Outer Rim Territories,L-18,L,18
sw-02393,High Chunah,Javin,Outer Rim Territories,K-18,K,18
sw-02394,Hiit,Corporate Sector,Outer Rim Territories,S-3,S,3
sw-02395,Hijado,Thesme,Outer Rim Territories,O-6,O,6
sw-02396,Hijarna,Orus,Inner Rim,M-8,M,8
sw-02397,Hijo,Hijoian Space,Expansion Region,J-8,J,8
sw-02398,Hikil,Grohl,Outer Rim Territories,R-16,R,16
sw-02399,Hillindor,Echo,Inner Rim,M-13,M,13
sw-02400,Hilo,Hilo,Expansion Region,O-13,O,13
sw-02401,Hinakuu,Calamari,Outer Rim Territories,U-6,U,6
sw-02402,Hinari,Thesme,Outer Rim Territories,O-6,O,6
sw-02403,Hinda,Airam,Outer Rim Territories,L-20,L,20
sw-02404,Hindasar,Corpheli,Expansion Region,M-8,M,8
sw-02405,Hindle,,Core Worlds,M-12,M,12
sw-02406,Hino,,Colonies,N-10,N,10
sw-02407,Hintivan,Corva,Outer Rim Territories,Q-3,Q,3
sw-02408,Hiorin,Ash Worlds,Outer Rim Territories,T-6,T,6
sw-02409,Hirsi,Elbaran,Mid Rim,J-17,J,17
sw-02410,Hishyim,Abrion,Outer Rim Territories,S-15,S,15
sw-02411,Hismaul,Karthakk,Outer Rim Territories,Q-16,Q,16
sw-02412,Hisseen,Yucrales,Mid Rim,R-15,R,15
sw-02413,Hissrich,Spadja,Outer Rim Territories,R-6,R,6
sw-02414,Hitaka,Cademimu,Outer Rim Territories,M-6,M,6
sw-02415,Hivebase-1,Minos Cluster,Outer Rim Territories,M-20,M,20
sw-02416,Hjaff,,Colonies,J-13,J,13
sw-02417,Hleua,Eucer,Mid Rim,Q-7,Q,7
sw-02418,Hofsgut,Hewett,Mid Rim,M-7,M,7
sw-02419,Hok,,Colonies,M-9,M,9
sw-02420,Holador,Herios,Outer Rim Territories,T-16,T,16
sw-02421,Holageus,Charra,Expansion Region,P-14,P,14
sw-02422,Holess,Manda,Mid Rim,R-14,R,14
sw-02423,Hollastin,,Hutt Space,S-12,S,12
sw-02424,Hologram Fun World,Phelleem,Outer Rim Territories,S-7,S,7
sw-02425,Homana,Strabin,Mid Rim,M-6,M,6
sw-02426,Homon,Homon,Mid Rim,M-7,M,7
sw-02427,Honoghr,Kessel,Outer Rim Territories,T-10,T,10
sw-02428,Hoogon,Dantus,Outer Rim Territories,J-6,J,6
sw-02429,Hope Station,Haserian,Mid Rim,Q-14,Q,14
sw-02430,Horain,,Inner Rim,L-14,L,14
sw-02431,Horizon Base,Veragi,Outer Rim Territories,K-3,K,3
sw-02432,Horn Station,Lahara,Outer Rim Territories,M-5,M,5
sw-02433,Horob,Vardoss,Expansion Region,I-8,I,8
sw-02434,Horos,Lambda,Mid Rim,Q-15,Q,15
sw-02435,Horox,Lahara,Outer Rim Territories,M-5,M,5
sw-02436,Horska,,Colonies,J-9,J,9
sw-02437,Horthav,Kuat,Core Worlds,M-10,M,10
sw-02438,Hortolo,Trans-Vulta,Mid Rim,O-7,O,7
sw-02439,Horuz,Atrivis,Outer Rim Territories,L-5,L,5
sw-02440,Hosko,,Hutt Space,S-11,S,11
sw-02441,Hosnian Prime,Hosnian,Core Worlds,M-12,M,12
sw-02442,Hosrel,Centrality,Outer Rim Territories,U-8,U,8
sw-02443,Hoszh Iszhir,Uoti,Core Worlds,K-9,K,9
sw-02444,Hoth,Javin (Anoat),Outer Rim Territories,K-18,K,18
sw-02445,Houche,Zuma (Sugai),Outer Rim Territories,H-16,H,16
sw-02446,Hovan,Senex,Mid Rim,L-18,L,18
sw-02447,Hoven,,Inner Rim,O-8,O,8
sw-02448,Hovun,Sepan,Expansion Region,P-13,P,13
sw-02449,Hoxim,,Unknown Regions,G-9,G,9
sw-02450,Hoylin,Fei Hu,Mid Rim,P-13,P,13
sw-02451,Hradreek,Graador,Mid Rim,I-17,I,17
sw-02452,Hraki,Vorzyd,Outer Rim Territories,R-6,R,6
sw-02453,Hrasskis,Kossa,Expansion Region,O-11,O,11
sw-02454,Hreeshi,Kalamith,Outer Rim Territories,P-5,P,5
sw-02455,Hrel,Relgim,Outer Rim Territories,L-5,L,5
sw-02456,Hrill,Yminis,Outer Rim Territories,S-15,S,15
sw-02457,Hrthging,Mandalore,Outer Rim Territories,O-7,O,7
sw-02458,Hudalla,Stensen,Outer Rim Territories,I-17,I,17
sw-02459,Huk,,Wild Space,J-4,J,4
sw-02460,Huldamun,Arkanis,Outer Rim Territories,R-17,R,17
sw-02461,Hull's Star,Farana*,Wild Space,S-3,S,3
sw-02462,Huloon,,Hutt Space,S-11,S,11
sw-02463,Humbarine,Humbarine,Core Worlds,M-10,M,10
sw-02464,Hurd's Moon,Bortele,Mid Rim,R-8,R,8
sw-02465,Hurikane,,Wild Space,V-9,V,9
sw-02466,Huro,Ciutric,Outer Rim Territories,N-5,N,5
sw-02467,Hurrim,Danjar,Outer Rim Territories,N-18,N,18
sw-02468,Huru,Mieru'kar,Outer Rim Territories,N-4,N,4
sw-02469,Hutlar,Senex,Mid Rim,L-17,L,17
sw-02470,Huulia,,Colonies,N-12,N,12
sw-02471,Huvveck,Juris,Outer Rim Territories,O-17,O,17
sw-02472,Hyabb,Krenher,Core Worlds,K-9,K,9
sw-02473,Hyborea,Semagi,Mid Rim,I-16,I,16
sw-02474,Hyder,Tarabba,Outer Rim Territories,M-19,M,19
sw-02475,Hydra,Aparo (Catarlo),Outer Rim Territories,R-3,R,3
sw-02476,Hydraxia,,Inner Rim,M-13,M,13
sw-02477,Hyell,Vilonis,Mid Rim,O-16,O,16
sw-02478,Hylaia,,Inner Rim,O-9,O,9
sw-02479,Hylobi,Taldot,Mid Rim,Q-8,Q,8
sw-02480,Hynah,Kalamith,Outer Rim Territories,P-5,P,5
sw-02481,Hynestia,Hynestian,Colonies,J-13,J,13
sw-02482,Hyperkarn,Grohl,Outer Rim Territories,R-16,R,16
sw-02483,Hypori,Ferra,Outer Rim Territories,S-16,S,16
sw-02484,Hypotria,Bortele,Mid Rim,S-8,S,8
sw-02485,Hyrol Preen Beta,Portmoak,Outer Rim Territories,P-18,P,18
sw-02486,Hysalria,Sluis,Outer Rim Territories,M-19,M,19
sw-02487,Hythrope,Hythrope,Expansion Region,M-15,M,15
sw-02488,I'vorcia Prime,Mieru'kar,Outer Rim Territories,O-4,O,4
sw-02489,Iakar,Rseik,Outer Rim Territories,N-20,N,20
sw-02490,Ianane,,Wild Space,I-10,I,10
sw-02491,Iast,Aldino,Mid Rim,J-17,J,17
sw-02492,Ibaar,Jubilar,Outer Rim Territories,T-8,T,8
sw-02493,Ibanjji,Mieru'kar,Outer Rim Territories,N-4,N,4
sw-02494,Iceni,,Corporate Sector,R-4,R,4
sw-02495,Ichalin Station,Hijoian Space,Expansion Region,J-8,J,8
sw-02496,Ichtor,Sombure,Mid Rim,K-16,K,16
sw-02497,Icindra,Calamari,Outer Rim Territories,U-6,U,6
sw-02498,Idaflor,Sarin,Outer Rim Territories,O-18,O,18
sw-02499,Idolia,Halthor,Outer Rim Territories,M-6,M,6
sw-02500,Iego,Ash Worlds,Outer Rim Territories,T-7,T,7
sw-02501,Ifmix,,Colonies,M-9,M,9
sw-02502,Ifron,Thuris,Outer Rim Territories,P-18,P,18
sw-02503,Ihopek,Mayagil,Outer Rim Territories,N-18,N,18
sw-02504,Ikari,,Wild Space,H-14,H,14
sw-02505,Ikkrukk,Ryndellian,Mid Rim,P-17,P,17
sw-02506,Ikon,Majoor,Expansion Region,N-15,N,15
sw-02507,Iktotch,Narvath,Expansion Region,O-14,O,14
sw-02508,Ilamna,Eucer,Mid Rim,Q-7,Q,7
sw-02509,Iliabath,Mortex,Outer Rim Territories,R-4,R,4
sw-02510,Ilimardon,Nicandra,Mid Rim,L-7,L,7
sw-02511,Illarreen,Herios,Outer Rim Territories,T-16,T,16
sw-02512,Illmuth,Corellian,Core Worlds,M-11,M,11
sw-02513,Illodia,Illodia,Core Worlds,K-13,K,13
sw-02514,Illoud,Hali,Expansion Region,O-9,O,9
sw-02515,Iloh,,Inner Rim,N-9,N,9
sw-02516,Ilos,,Hutt Space,R-10,R,10
sw-02517,Ilos Minor,,Hutt Space,R-10,R,10
sw-02518,Ilthan,,Core Worlds,M-11,M,11
sw-02519,Ilum,,Unknown Regions,G-7,G,7
sw-02520,Imberlin,Imberlin,Expansion Region,P-14,P,14
sw-02521,Imdaar,Dantus,Outer Rim Territories,J-6,J,6
sw-02522,Imerria,Immeria,Expansion Region,O-14,O,14
sw-02523,Immalia,Immalia,Expansion Region,K-8,K,8
sw-02524,Imram,Lannik Space,Mid Rim,R-13,R,13
sw-02525,Imroosia,,Inner Rim,N-9,N,9
sw-02526,Imvur,Hertae,Mid Rim,Q-14,Q,14
sw-02527,Imynusoph,Kallea,Outer Rim Territories,J-21,J,21
sw-02528,"Inamorata, The",Bheriz,Outer Rim Territories,U-10,U,10
sw-02529,Inat Prime,Quiberon,Outer Rim Territories,S-15,S,15
sw-02530,Indellian,Javin (Yarith),Outer Rim Territories,K-18,K,18
sw-02531,Indoumodo,,Wild Space,S-18,S,18
sw-02532,Indu San,Rolion,Outer Rim Territories,Q-7,Q,7
sw-02533,Indupar,Ado,Mid Rim,M-17,M,17
sw-02534,Ingo,Bortele,Mid Rim,R-8,R,8
sw-02535,Injopan,Kessel,Outer Rim Territories,T-10,T,10
sw-02536,Innton,Sluis,Outer Rim Territories,M-18,M,18
sw-02537,Insk,,Wild Space,P-3,P,3
sw-02538,Insta,Majoor,Expansion Region,N-15,N,15
sw-02539,Intran,Brak,Expansion Region,O-14,O,14
sw-02540,Intuci,Abrion,Outer Rim Territories,S-15,S,15
sw-02541,Inusagi,Vilonis,Mid Rim,O-16,O,16
sw-02542,Inysh,,Core Worlds,J-12,J,12
sw-02543,Iokath,,Unknown Regions,G-5,G,5
sw-02544,Iol,,Unknown Regions,I-10,I,10
sw-02545,Ione,Javin (Anoat),Outer Rim Territories,K-18,K,18
sw-02546,Iope,,Deep Core,L-10,L,10
sw-02547,Iotra,Suolriep (Iotran Expanse),Outer Rim Territories,S-8,S,8
sw-02548,Ipellrilla,Glythe,Mid Rim,K-7,K,7
sw-02549,Iphar,,Inner Rim,L-14,L,14
sw-02550,Iphigin,,Core Worlds,L-13,L,13
sw-02551,Ipsidon,Corthenia,Mid Rim,K-7,K,7
sw-02552,Irff,Couronne,Expansion Region,P-10,P,10
sw-02553,Iridia,Glythe,Mid Rim,J-7,J,7
sw-02554,Iridium,Atrivis,Outer Rim Territories,L-5,L,5
sw-02555,Iridonia,Glythe,Mid Rim,J-7,J,7
sw-02556,Irith,,Hutt Space,S-11,S,11
sw-02557,Irkalla,,Unknown Regions,G-13,G,13
sw-02558,Irmenu,Belsmuth,Outer Rim Territories,O-6,O,6
sw-02559,Irudiru,Wyl,Outer Rim Territories,S-4,S,4
sw-02560,Iscera,Dalchon,Outer Rim Territories,R-17,R,17
sw-02561,Iscno,,Core Worlds,K-12,K,12
sw-02562,Isde Naha,Javin (Yarith),Outer Rim Territories,K-18,K,18
sw-02563,Isen,D'Astan,Outer Rim Territories,N-5,N,5
sw-02564,Iseno,Iseno,Inner Rim,N-13,N,13
sw-02565,Ishanna,Circarpous,Expansion Region,O-12,O,12
sw-02566,Ishbix,Agarix,Mid Rim,K-17,K,17
sw-02567,Ishram Nebula,Seitia,Outer Rim Territories,J-20,J,20
sw-02568,Isht,,Core Worlds,L-13,L,13
sw-02569,Isiring,Cassander (Tendrannan),Outer Rim Territories,L-5,L,5
sw-02570,Iska,Iska,Mid Rim,K-17,K,17
sw-02571,Iskallon,,Wild Space,H-14,H,14
sw-02572,Iskalon,Trans-Nebular,Mid Rim,R-16,R,16
sw-02573,Iskin,Iskin,Mid Rim,O-16,O,16
sw-02574,Ison,Javin (Anoat),Outer Rim Territories,K-18,K,18
sw-02575,Issagra,Corporate Sector,Outer Rim Territories,S-4,S,4
sw-02576,Issor,Arkanis,Outer Rim Territories,R-17,R,17
sw-02577,Istic,Teraab,Mid Rim,Q-11,Q,11
sw-02578,Italbos,Halori,Mid Rim,Q-7,Q,7
sw-02579,Itani,,Inner Rim,N-14,N,14
sw-02580,Itani Nebula,,Inner Rim,N-14,N,14
sw-02581,Itapi Prime,,Core Worlds,L-9,L,9
sw-02582,Ithica,,Inner Rim,K-14,K,14
sw-02583,Ithor,Ottega,Mid Rim,M-6,M,6
sw-02584,Ithori,Ado,Mid Rim,M-17,M,17
sw-02585,Ithull,Airon,Inner Rim,O-10,O,10
sw-02586,Iti,Tammuz,Outer Rim Territories,T-14,T,14
sw-02587,Ivarujar,Vensensor,Expansion Region,K-16,K,16
sw-02588,Ivatch,Kathol,Outer Rim Territories,M-21,M,21
sw-02589,Ivera,,Core Worlds,L-12,L,12
sw-02590,Ivexia,Tennuutta,Mid Rim,Q-7,Q,7
sw-02591,Ividal,Ividal,Mid Rim,P-14,P,14
sw-02592,Ivis,,Inner Rim,N-10,N,10
sw-02593,Ixilix,Japrael,Inner Rim,O-9,O,9
sw-02594,Ixtlar,Ixtlar,Core Worlds,L-10,L,10
sw-02595,Ixzinia,Agarix,Mid Rim,K-17,K,17
sw-02596,Iyred,Kibilini,Outer Rim Territories,Q-17,Q,17
sw-02597,Iyuta,Fakir,Colonies,K-9,K,9
sw-02598,J'doytzin,Maldrood,Mid Rim,R-7,R,7
sw-02599,J't'p'tan,Farlax,Core Worlds,K-10,K,10
sw-02600,Ja-bess,Tragan Cluster,Outer Rim Territories,N-5,N,5
sw-02601,Jaatovi,,Inner Rim,N-14,N,14
sw-02602,Jabiim,Phelleem,Outer Rim Territories,S-7,S,7
sw-02603,Jabone,Tennuutta,Mid Rim,Q-7,Q,7
sw-02604,Jabor,Ado,Mid Rim,M-17,M,17
sw-02605,Jaciprus,,Core Worlds,M-11,M,11
sw-02606,Jaelen,Irishi,Mid Rim,K-6,K,6
sw-02607,Jaemus,Obtrexta,Outer Rim Territories,K-4,K,4
sw-02608,Jafan,Chommell,Mid Rim,O-16,O,16
sw-02609,Jaga's Cluster,Esstran,Outer Rim Territories,Q-5,Q,5
sw-02610,Jagomir,Esstran,Outer Rim Territories,Q-5,Q,5
sw-02611,Jaguada,Esstran (Sith Worlds),Outer Rim Territories,R-5,R,5
sw-02612,Jahilid,,Wild Space,L-21,L,21
sw-02613,Jakelia,Mandalore,Outer Rim Territories,O-7,O,7
sw-02614,Jakku,,Inner Rim,I-13,I,13
sw-02615,Jalarren,Senex,Mid Rim,L-18,L,18
sw-02616,Jalin,,Core Worlds,M-11,M,11
sw-02617,Jalindi,Gordian Reach,Outer Rim Territories,P-6,P,6
sw-02618,Jaloria,Jalor,Mid Rim,J-7,J,7
sw-02619,Jalucaz,Subterrel,Outer Rim Territories,L-20,L,20
sw-02620,Jaminere,Allied Tion,Outer Rim Territories,S-6,S,6
sw-02621,Jamiri,Myto,Outer Rim Territories,K-4,K,4
sw-02622,Jamiron,Chiss Space*,Unknown Regions,F-8,F,8
sw-02623,Janako,,Inner Rim,N-11,N,11
sw-02624,Janara,,Inner Rim,L-14,L,14
sw-02625,Jandolhoon,Bosph,Outer Rim Territories,Q-3,Q,3
sw-02626,Jandoon,Corva,Outer Rim Territories,P-4,P,4
sw-02627,Jandur,,Inner Rim,J-14,J,14
sw-02628,JanFathal,Fath,Outer Rim Territories,K-6,K,6
sw-02629,Jangelle,Kathol (Outback),Outer Rim Territories,M-21,M,21
sw-02630,Janguine,Halthor,Outer Rim Territories,L-6,L,6
sw-02631,Janilis,Cronese Mandate,Outer Rim Territories,S-6,S,6
sw-02632,Jankok,Bozhnee,Outer Rim Territories,L-18,L,18
sw-02633,Janodral Mizar,Indrexu,Outer Rim Territories,S-5,S,5
sw-02634,Jante,Esaga,Mid Rim,Q-11,Q,11
sw-02635,Japai,Yushan,Mid Rim,K-17,K,17
sw-02636,Japeal,Kanz,Outer Rim Territories,N-4,N,4
sw-02637,Jappe,Tapani,Colonies,L-13,L,13
sw-02638,Jarbanov,Serathrace,Expansion Region,P-11,P,11
sw-02639,Jardeen,Trans-Jardeen,Expansion Region,K-16,K,16
sw-02640,Jaresh,Corva,Outer Rim Territories,P-4,P,4
sw-02641,Jargridia,Sprizen,Outer Rim Territories,N-5,N,5
sw-02642,Jarnollen,Bright Jewel,Mid Rim,L-7,L,7
sw-02643,Jarsatt,Hakartha,Expansion Region,L-16,L,16
sw-02644,Jarvanam,Astal,Outer Rim Territories,P-17,P,17
sw-02645,Jastro,,Core Worlds,M-10,M,10
sw-02646,Jatir,,Colonies,L-9,L,9
sw-02647,Javarica,Tynquay,Outer Rim Territories,Q-4,Q,4
sw-02648,Javin,Javin,Outer Rim Territories,K-18,K,18
sw-02649,Javis,Tapani,Colonies,L-13,L,13
sw-02650,Jaxus,,Core Worlds,M-10,M,10
sw-02651,Jaymir,,Mid Rim,I-16,I,16
sw-02652,Jazbina,Lostar,Expansion Region,M-8,M,8
sw-02653,Jebble,Ojoster,Outer Rim Territories,N-7,N,7
sw-02654,Jedd,,Wild Space,I-14,I,14
sw-02655,Jedha,(Terrabe),Mid Rim,H-10,H,10
sw-02656,Jekara,Bryx,Mid Rim,R-7,R,7
sw-02657,Jelucan,Kwymar,Outer Rim Territories,Q-4,Q,4
sw-02658,Jendar,Nembus,Outer Rim Territories,P-4,P,4
sw-02659,Jendiria,Maldrood,Mid Rim,R-7,R,7
sw-02660,Jendorn,Farstey,Expansion Region,O-8,O,8
sw-02661,Jenenma,,Inner Rim,M-13,M,13
sw-02662,Jenoport,,Colonies,M-9,M,9
sw-02663,Jentares,Mieru'kar,Outer Rim Territories,N-3,N,3
sw-02664,Jeosyn,Weneen,Outer Rim Territories,N-6,N,6
sw-02665,Jereth,Bozhnee,Outer Rim Territories,L-18,L,18
sw-02666,Jerijador,Calaron,Outer Rim Territories,T-9,T,9
sw-02667,Jermac,Portmoak,Outer Rim Territories,P-18,P,18
sw-02668,Jerne,Kanz,Outer Rim Territories,N-4,N,4
sw-02669,Jerrilek,,Deep Core,L-10,L,10
sw-02670,Jerrist,Corporate Sector,Outer Rim Territories,S-4,S,4
sw-02671,Jestan,Corpheli,Expansion Region,M-7,M,7
sw-02672,Jevelet,,Core Worlds,K-10,K,10
sw-02673,Jexeria,Tharin,Outer Rim Territories,T-8,T,8
sw-02674,Jeyell,Roche,Mid Rim,Q-8,Q,8
sw-02675,Jhantoria,Allied Tion,Outer Rim Territories,S-6,S,6
sw-02676,Jhensrus,Trax,Mid Rim,Q-10,Q,10
sw-02677,Jhosh,Albarrio,Outer Rim Territories,K-5,K,5
sw-02678,Jiaan,Almak,Mid Rim,J-17,J,17
sw-02679,Jidlor,Jidlor Marches,Mid Rim,J-16,J,16
sw-02680,Jillsaaria,Minos Cluster,Outer Rim Territories,M-20,M,20
sw-02681,Jilrua,,Hutt Space,R-12,R,12
sw-02682,Jinda,Tapani,Colonies,L-13,L,13
sw-02683,Jindau Station,,Inner Rim,L-15,L,15
sw-02684,Jinet,Brak,Expansion Region,O-14,O,14
sw-02685,Jiran,Dantus,Outer Rim Territories,J-6,J,6
sw-02686,Jiroch,Yushan,Mid Rim,K-17,K,17
sw-02687,Jiruus,Rolion,Outer Rim Territories,P-7,P,7
sw-02688,Jjannex,Jjannex,Outer Rim Territories,L-19,L,19
sw-02689,Jmin,Masla,Mid Rm,J-16,J,16
sw-02690,Jocal,Ghost Nebula,Expansion Region,P-10,P,10
sw-02691,Jodaka,Hapes Cluster,Inner Rim,O-9,O,9
sw-02692,Jofoger,Tharin (Periphery),Outer Rim Territories,S-8,S,8
sw-02693,Joh'Cire,Alui,Mid Rim,N-17,N,17
sw-02694,Johria,,Core Worlds,M-11,M,11
sw-02695,Joiol,Orus,Inner Rim,M-8,M,8
sw-02696,Jolia,Eucer,Mid Rim,Q-7,Q,7
sw-02697,Jomark,Jospro,Outer Rim Territories,R-7,R,7
sw-02698,Jondora,Ojoster (Taris),Outer Rim Territories,N-7,N,7
sw-02699,Jonsior,,Core Worlds,L-10,L,10
sw-02700,Joodrudda,,Wild Space,S-4,S,4
sw-02701,Joralla,Mektrun,Mid Rim,L-17,L,17
sw-02702,Joran Station,Rolion,Outer Rim Territories,P-7,P,7
sw-02703,Jorgan,D'Astan,Outer Rim Territories,O-5,O,5
sw-02704,Joruna,Farlax,Core Worlds,K-10,K,10
sw-02705,Jostaar,Kibilini,Outer Rim Territories,Q-17,Q,17
sw-02706,Jovan,Gordian Reach,Outer Rim Territories,P-6,P,6
sw-02707,Jovaria,Hapes Cluster,Inner Rim,O-9,O,9
sw-02708,Jubalene,Grumani,Outer Rim Territories,N-17,N,17
sw-02709,Jubilar,Jubilar,Outer Rim Territories,T-7,T,7
sw-02710,Judakann,Torch Nebula,Outer Rim Territories,P-18,P,18
sw-02711,Julio,Marcol,Inner Rim,L-8,L,8
sw-02712,Julsujod,Tolonda,Outer Rim Territories,Q-17,Q,17
sw-02713,Juma,Dalchon,Outer Rim Territories,R-17,R,17
sw-02714,Jumeria,,Core Worlds,M-10,M,10
sw-02715,Jumus,Corellian,Core Worlds,M-11,M,11
sw-02716,Junction,Vorc,Mid Rim,J-7,J,7
sw-02717,Junkfort Station,Tharin,Outer Rim Territories,T-8,T,8
sw-02718,Junobia,Keldrath,Outer Rim Territories,T-6,T,6
sw-02719,Juntar,Emmo,Core Worlds,M-12,M,12
sw-02720,Jurio,Corva,Outer Rim Territories,P-4,P,4
sw-02721,Jurzan,Jurzan,Expansion Region,M-15,M,15
sw-02722,Jurzuu,Suolriep,Outer Rim Territories,S-8,S,8
sw-02723,Jussafet,Weneen,Outer Rim Territories,N-6,N,6
sw-02724,Jutrand,Grumani,Outer Rim Territories,M-17,M,17
sw-02725,Juvex,Juvex,Mid Rim,L-18,L,18
sw-02726,Juzzia,,Inner Rim,N-8,N,8
sw-02727,Jweab,Locris,Expansion Region,O-8,O,8
sw-02728,K'ath,Juvex,Mid Rim,L-18,L,18
sw-02729,k'Farri,Hapes Cluster,Inner Rim,O-9,O,9
sw-02730,K'taktaxka,,Inner Rim,J-14,J,14
sw-02731,Ka'Dedus,Tharin (Periphery),Outer Rim Territories,S-8,S,8
sw-02732,Kaa,,Colonies,N-10,N,10
sw-02733,Kaal,Yushan,Mid Rim,K-17,K,17
sw-02734,Kabaira,Bajic,Outer Rim Territories,P-17,P,17
sw-02735,Kabal,Mayagil,Outer Rim Territories,N-18,N,18
sw-02736,Kabieroun,Nijune,Outer Rim Territories,O-4,O,4
sw-02737,Kaboryth Cluster,Thaere,Expansion Region,O-14,O,14
sw-02738,Kabray,Corweillian,Mid Rim,P-15,P,15
sw-02739,Kadavo,,Wild Space,S-4,S,4
sw-02740,Kaddak,Tammuz,Outer Rim Territories,T-14,T,14
sw-02741,Kaderin,Wazta,Outer Rim Territories,J-18,J,18
sw-02742,Kadril,Thanium,Outer Rim Territories,R-6,R,6
sw-02743,Kaelen,,Inner Rim,M-9,M,9
sw-02744,Kaelinn,Corbett,Mid Rim,I-17,I,17
sw-02745,Kafane,,Hutt Space,S-9,S,9
sw-02746,Kaikielius,,Core Worlds,L-10,L,10
sw-02747,Kail,Corporate Sector,Outer Rim Territories,R-3,R,3
sw-02748,Kailion,Kailion,Expansion Region,O-13,O,13
sw-02749,Kailor,,Core Worlds,L-10,L,10
sw-02750,Kaisa,Corva,Outer Rim Territories,P-3,P,3
sw-02751,Kajim,Locris,Expansion Region,O-8,O,8
sw-02752,Kakra,,Wild Space,I-14,I,14
sw-02753,Kal'Shebbol,Kathol,Outer Rim Territories,M-21,M,21
sw-02754,Kalaan,Churnis,Mid Rim,J-7,J,7
sw-02755,Kalab,Sluis,Outer Rim Territories,M-19,M,19
sw-02756,Kalandis,Pallis,Inner Rim,N-14,N,14
sw-02757,Kalarassi,,Inner Rim,K-8,K,8
sw-02758,Kalarba,Hevvrol,Mid Rim,P-15,P,15
sw-02759,Kalastar,,Outer Rim Territories,I-20,I,20
sw-02760,Kaldar Trinary,Chopani,Outer Rim Territories,M-4,M,4
sw-02761,Kalee,,Wild Space,J-4,J,4
sw-02762,Kalgo,Senex,Mid Rim,L-18,L,18
sw-02763,Kalidorn,,Wild Space,O-20,O,20
sw-02764,Kaliida Nebula,Juris,Outer Rim Territories,O-17,O,17
sw-02765,Kalinda,Vilonis,Mid Rim,O-16,O,16
sw-02766,Kalishik,Gordian Reach,Outer Rim Territories,Q-6,Q,6
sw-02767,Kaliska,Sombure,Mid Rim,K-17,K,17
sw-02768,Kalist,,Deep Core,K-12,K,12
sw-02769,Kalki Nebula,Cassander (Tendrannan),Outer Rim Territories,L-5,L,5
sw-02770,Kalkovak,Bortele,Mid Rim,S-8,S,8
sw-02771,Kalla,Corporate Sector,Outer Rim Territories,S-4,S,4
sw-02772,Kallakea,Authala,Expansion Region,P-12,P,12
sw-02773,Kaller,Cassander,Outer Rim Territories,K-5,K,5
sw-02774,Kallidah,Subterrel,Outer Rim Territories,L-20,L,20
sw-02775,Kallistas,Parmel,Outer Rim Territories,O-18,O,18
sw-02776,Kaloom,Noonian,Outer Rim Territories,M-6,M,6
sw-02777,Kalsunor,Esstran (Sith Worlds),Outer Rim Territories,R-4,R,4
sw-02778,Kalzeron,Bri'ahl,Outer Rim Territories,I-17,I,17
sw-02779,Kamar,,Wild Space,S-3,S,3
sw-02780,Kamasto,Grumani,Outer Rim Territories,M-17,M,17
sw-02781,Kamdon,Calamari,Outer Rim Territories,U-7,U,7
sw-02782,Kamgeddon,Harron,Expansion Region,O-12,O,12
sw-02783,Kamil,,Wild Space,J-6,J,6
sw-02784,Kammia,,Wild Space,G-16,G,16
sw-02785,Kamori,,Core Worlds,M-11,M,11
sw-02786,Kamparas,Dolomar,Core Worlds,K-9,K,9
sw-02787,Kampe,,Deep Core,L-11,L,11
sw-02788,Kamper,Tapani,Colonies,L-13,L,13
sw-02789,Kamur,Senex,Mid Rim,L-18,L,18
sw-02790,Kanaver,Tion Hegemony,Outer Rim Territories,S-5,S,5
sw-02791,Kankalo,Esuain,Mid Rim,P-7,P,7
sw-02792,Kant,Bothan,Mid Rim,R-14,R,14
sw-02793,Kanzi,,Colonies,N-12,N,12
sw-02794,Kaon,Tion Hegemony,Outer Rim Territories,S-6,S,6
sw-02795,Kar'a'katok,,Core Worlds,K-9,K,9
sw-02796,Kara-bin,Tharin,Outer Rim Territories,T-8,T,8
sw-02797,Karalle,Albanin,Outer Rim Territories,T-13,T,13
sw-02798,Karambola,Al'Nasrl,Outer Rim Territories,T-13,T,13
sw-02799,Karatha,Tregillis,Expansion Region,L-15,L,15
sw-02800,Karavis,Obtrexta,Outer Rim Territories,K-4,K,4
sw-02801,Karazak,Sujimis,Outer Rim Territories,P-19,P,19
sw-02802,Kardava,Sevastol,Mid Rim,P-14,P,14
sw-02803,Kardoa,Atrivis,Outer Rim Territories,L-5,L,5
sw-02804,Kardura,Juvex,Mid Rim,L-17,L,17
sw-02805,Kareas,Prefsbelt,Outer Rim Territories,K-6,K,6
sw-02806,Karee,Nuon e Safyd,Expansion Region,P-12,P,12
sw-02807,Karfeddion,Senex,Mid Rim,L-18,L,18
sw-02808,Karga,Dustig,Mid Rim,N-16,N,16
sw-02809,Karideph,Minos Cluster,Outer Rim Territories,M-20,M,20
sw-02810,Kariek,,Wild Space,I-6,I,6
sw-02811,Karinda,Wazta,Outer Rim Territories,J-18,J,18
sw-02812,Karka,Clacis,Outer Rim Territories,K-4,K,4
sw-02813,Karkaris,Nilgaard,Outer Rim Territories,S-5,S,5
sw-02814,Karken,,Inner Rim,L-8,L,8
sw-02815,Karlinus,Chommell,Mid Rim,O-16,O,16
sw-02816,Karltonia,,Core Worlds,K-13,K,13
sw-02817,Karnac,Cadma,Outer Rim Territories,T-8,T,8
sw-02818,Karnak Alpha,,Core Worlds,M-10,M,10
sw-02819,Karnst,Tharin (Karstaxon),Outer Rim Territories,S-8,S,8
sw-02820,Karra,Rayter,Outer Rim Territories,J-19,J,19
sw-02821,Karsten's World,Gordian Reach,Outer Rim Territories,Q-6,Q,6
sw-02822,Karthon,Zuma (Sugai),Outer Rim Territories,H-16,H,16
sw-02823,Karthrexia,Kriz,Outer Rim Territories,K-19,K,19
sw-02824,Kartoosh,Narrant,Mid Rim,I-16,I,16
sw-02825,Karvathia,Tokamac,Expansion Region,N-13,N,13
sw-02826,Karvoss,Parmorak,Core Worlds,M-12,M,12
sw-02827,Kashir,Vardoss,Expansion Region,J-8,J,8
sw-02828,Kashoon,Colundra,Outer Rim Territories,S-5,S,5
sw-02829,Kashyyyk,Mytaranor,Mid Rim,P-9,P,9
sw-02830,Kasiol,Pelgrin,Outer Rim Territories,R-18,R,18
sw-02831,Kaski,Calaron,Outer Rim Territories,U-8,U,8
sw-02832,Kaspas,Hevvrol,Mid Rim,O-15,O,15
sw-02833,Kassido,Juvex,Mid Rim,L-17,L,17
sw-02834,Katalia,Thesme,Outer Rim Territories,O-5,O,5
sw-02835,Katalla,Kastolar,Mid Rim,R-10,R,10
sw-02836,Katanos,Xan,Mid Rim,Q-15,Q,15
sw-02837,Katarr,Vensori,Mid Rim,O-8,O,8
sw-02838,Katchan,Kallea,Outer Rim Territories,K-20,K,20
sw-02839,Kath,Dustig,Mid Rim,M-17,M,17
sw-02840,Kathol,Kathol (Rift),Outer Rim Territories,M-21,M,21
sw-02841,Kathol Rift,Kathol (Rift),Outer Rim Territories,M-21,M,21
sw-02842,Katraasii,Belsmuth,Outer Rim Territories,O-6,O,6
sw-02843,Kattada,,Colonies,M-10,M,10
sw-02844,Kaump,Bruanii,Mid Rim,K-17,K,17
sw-02845,Kauron,Meram,Outer Rim Territories,O-4,O,4
sw-02846,Kavith,Corva,Outer Rim Territories,P-4,P,4
sw-02847,Kayri,,Expansion Region,I-15,I,15
sw-02848,Kayuk,Sepan,Expansion Region,P-13,P,13
sw-02849,Kayven,,Inner Rim,M-14,M,14
sw-02850,Kazarak,Sertar (Mahrusha),Outer Rim Territories,S-5,S,5
sw-02851,Kazlin,Suolriep,Outer Rim Territories,S-8,S,8
sw-02852,Kebolar,Lahara,Outer Rim Territories,M-5,M,5
sw-02853,Kebro,Bormea,Core Worlds,L-9,L,9
sw-02854,Kedorzha,Senex,Mid Rim,L-18,L,18
sw-02855,Kedra,,Inner Rim,L-14,L,14
sw-02856,Keeara Major,Koros,Deep Core,K-10,K,10
sw-02857,Keedad,Auril,Outer Rim Territories,R-7,R,7
sw-02858,Kegan,Calaron,Outer Rim Territories,T-9,T,9
sw-02859,Keitum,Ariarch,Mid Rim,J-6,J,6
sw-02860,Kejim,Sertar,Outer Rim Territories,R-5,R,5
sw-02861,Kelada,Duluur,Colonies,M-13,M,13
sw-02862,Kelarea,Tynna,Expansion Region,N-14,N,14
sw-02863,Keldimar,Tharin,Outer Rim Territories,S-7,S,7
sw-02864,Keldooine,,Hutt Space,R-10,R,10
sw-02865,Keller's Void,,Inner Rim,L-15,L,15
sw-02866,Kellgar,Mieru'kar,Outer Rim Territories,O-3,O,3
sw-02867,Kellis,Terr'skiar,Mid Rim,P-10,P,10
sw-02868,Kellux,Seitia,Outer Rim Territories,J-20,J,20
sw-02869,Kelrodo-Ai,Steniplis,Outer Rim Territories,L-18,L,18
sw-02870,Keltos,Irnaj,Mid Rim,K-17,K,17
sw-02871,Keltria,,Core Worlds,L-9,L,9
sw-02872,Kem Stor Ai,Tennuutta,Mid Rim,Q-7,Q,7
sw-02873,Kemal Station,Arkanis,Outer Rim Territories,R-16,R,16
sw-02874,Kemix,Yminis,Outer Rim Territories,S-14,S,14
sw-02875,Kemla,Dantus,Outer Rim Territories,K-6,K,6
sw-02876,Kenari,Perkell,Mid Rim,Q-7,Q,7
sw-02877,Kendamar,Lol,Outer Rim Territories,Q-18,Q,18
sw-02878,Kenosha,Tynna,Expansion Region,N-14,N,14
sw-02879,Keral,Corellian,Core Worlds,M-11,M,11
sw-02880,Kerensik,Botor Enclave,Core Worlds,K-12,K,12
sw-02881,Keresia,Demetras,Outer Rim Territories,P-7,P,7
sw-02882,Kerest,Sluis,Outer Rim Territories,M-19,M,19
sw-02883,Kerev Doi,Circarpous,Expansion Region,O-12,O,12
sw-02884,Kergans,,Inner Rim,M-14,M,14
sw-02885,Kerig'En,Brema,Outer Rim Territories,M-17,M,17
sw-02886,Kerkoidia,Kira,Expansion Region,N-15,N,15
sw-02887,Keros,Thrasybule,Outer Rim Territories,P-6,P,6
sw-02888,Kerroc,Sarin,Outer Rim Territories,O-18,O,18
sw-02889,Kes,,Core Worlds,L-9,L,9
sw-02890,Kesh,,Wild Space,U-10,U,10
sw-02891,Keshi,Bheriz,Outer Rim Territories,U-10,U,10
sw-02892,Keskin,Koradin,Outer Rim Territories,J-18,J,18
sw-02893,Kesmere,Raioballo,Outer Rim Territories,L-4,L,4
sw-02894,Kesmere Minor,Raioballo,Outer Rim Territories,L-4,L,4
sw-02895,Kessel,Kessel,Outer Rim Territories,T-10,T,10
sw-02896,Kessur,Dimean,Expansion Region,P-13,P,13
sw-02897,Kestavel,,Colonies,K-9,K,9
sw-02898,Kestel,Mortex,Outer Rim Territories,R-5,R,5
sw-02899,Kestos Minor,Kwymar,Outer Rim Territories,Q-4,Q,4
sw-02900,Ket,Hapes Cluster,Inner Rim,O-9,O,9
sw-02901,Ketal,,Inner Rim,L-14,L,14
sw-02902,Ketaris,Oplovis,Outer Rim Territories,L-5,L,5
sw-02903,Keteeria,Venaarian,Mid Rim,O-7,O,7
sw-02904,Kethmandi,Hangshan,Expansion Region,P-11,P,11
sw-02905,Ketz,,Colonies,K-13,K,13
sw-02906,Ketzali,Lannik Wilds,Mid Rim,R-13,R,13
sw-02907,Kexeeria,,Colonies,M-12,M,12
sw-02908,Keyorin,Belderone,Outer Rim Territories,R-6,R,6
sw-02909,Khadaji Singularity,Corridan,Core Worlds,J-10,J,10
sw-02910,Khar Delba,Esstran (Sith Worlds),Outer Rim Territories,R-5,R,5
sw-02911,Kharmort's Miasma,,Unknown Regions,H-9,H,9
sw-02912,Kharzet,Mortex,Outer Rim Territories,R-4,R,4
sw-02913,Kheedar,Khuiumin,Outer Rim Territories,O-18,O,18
sw-02914,Khemerion,Belasco,Expansion Region,P-11,P,11
sw-02915,Kho Nai,Kalamith,Outer Rim Territories,P-5,P,5
sw-02916,Khoan,Phelleem,Outer Rim Territories,S-7,S,7
sw-02917,Kholes,Elbaran,Mid Rim,J-17,J,17
sw-02918,Khomm,,Deep Core,L-12,L,12
sw-02919,Khomr,Corellian,Core Worlds,M-11,M,11
sw-02920,Khonji,Prefsbelt,Outer Rim Territories,J-5,J,5
sw-02921,Khorm,Halori,Mid Rim,P-8,P,8
sw-02922,Khorya,,Hutt Space,S-9,S,9
sw-02923,Khramboa,,Core Worlds,M-9,M,9
sw-02924,Khubeaie,Arkanis,Outer Rim Territories,R-17,R,17
sw-02925,Khuiumin,Khuiumin,Outer Rim Territories,O-18,O,18
sw-02926,Khuteb,Thanium,Outer Rim Territories,S-5,S,5
sw-02927,Kiamurr,Likasha,Mid Rim,Q-15,Q,15
sw-02928,Kidiet Olgo,,Core Worlds,L-9,L,9
sw-02929,Kidir,Kuat,Core Worlds,M-10,M,10
sw-02930,Kidriff,Lostar,Expansion Region,M-8,M,8
sw-02931,Kidron,Elrood,Outer Rim Territories,M-20,M,20
sw-02932,Kiffex,Kiffu,Inner Rim,L-14,L,14
sw-02933,Kiilimaar,Svivreni,Outer Rim Territories,O-19,O,19
sw-02934,Kijimi,Bryx,Mid Rim,R-8,R,8
sw-02935,Kile,Jospro,Outer Rim Territories,S-7,S,7
sw-02936,Kilia,,Wild Space,I-8,I,8
sw-02937,Kiliea,Atrisian CW,Core Worlds,J-12,J,12
sw-02938,Killaniri,Wornal,Mid Rim,K-17,K,17
sw-02939,Killisu,Ado,Mid Rim,M-17,M,17
sw-02940,Killun Station,Pakuuni,Outer Rim Territories,T-6,T,6
sw-02941,Kilmauls,Vorzyd,Outer Rim Territories,R-6,R,6
sw-02942,Kimanan,Orus,Inner Rim,M-8,M,8
sw-02943,Kimm Aurek,Juvex,Mid Rim,L-18,L,18
sw-02944,Kimm Besh,Juvex,Mid Rim,L-18,L,18
sw-02945,Kimm Cresh,Juvex,Mid Rim,L-18,L,18
sw-02946,Kindlabethia,Braxant,Outer Rim Territories,J-3,J,3
sw-02947,King's Galquek,Meridian,Outer Rim Territories,R-7,R,7
sw-02948,Kinooine,,Wild Space,J-21,J,21
sw-02949,Kinoss,Chiss Space*,Unknown Regions,E-8,E,8
sw-02950,Kinrah,Onatos,Mid Rim,R-15,R,15
sw-02951,Kintan,,Hutt Space,S-9,S,9
sw-02952,Kintarr,,Colonies,L-13,L,13
sw-02953,Kintoni,Ash Worlds,Outer Rim Territories,S-6,S,6
sw-02954,Kinun Depot,Pelgrin,Outer Rim Territories,R-18,R,18
sw-02955,Kinyen,Bes Ber Bikade,Expansion Region,L-15,L,15
sw-02956,Kip,Chorlian,Outer Rim Territories,S-4,S,4
sw-02957,Kir,Corporate Sector,Outer Rim Territories,S-3,S,3
sw-02958,Kira,Kira,Expansion Region,N-16,N,16
sw-02959,Kirdo,Tamarin,Outer Rim Territories,N-19,N,19
sw-02960,Kiribi,,Colonies,L-9,L,9
sw-02961,Kirima,Elbaran,Mid Rim,J-17,J,17
sw-02962,Kiros,Ehosiq,Expansion Region,L-8,L,8
sw-02963,Kirtania,Nembus,Outer Rim Territories,P-4,P,4
sw-02964,Kirtarkin,Javin (Anoat),Outer Rim Territories,K-18,K,18
sw-02965,Kishpaugh,Iskin,Mid Rim,O-16,O,16
sw-02966,Kismaano,Cronese Mandate,Outer Rim Territories,S-6,S,6
sw-02967,Kitaros Nebula,Prefsbelt,Outer Rim Territories,K-5,K,5
sw-02968,Kitel Phard,Atrisian CW,Core Worlds,J-12,J,12
sw-02969,Kiva,Venaarian,Mid Rim,O-7,O,7
sw-02970,Kizan,,Inner Rim,N-8,N,8
sw-02971,Kktkt,Farlax,Core Worlds,K-10,K,10
sw-02972,Klaatu,Airam,Outer Rim Territories,L-20,L,20
sw-02973,Klasse Ephemora,,Unknown Regions,F-9,F,9
sw-02974,Klatooine,,Hutt Space,S-9,S,9
sw-02975,Klaymor,Druess,Mid Rim,O-15,O,15
sw-02976,Kleeva,,Hutt Space,R-11,R,11
sw-02977,Klepthia,Tynna,Expansion Region,N-14,N,14
sw-02978,Kler'terria,,Core Worlds,K-12,K,12
sw-02979,Kli'aar,Gordian Reach,Outer Rim Territories,P-5,P,5
sw-02980,Klonoid,Phelleem,Outer Rim Territories,S-7,S,7
sw-02981,Kloodavia,,Core Worlds,K-13,K,13
sw-02982,Kloper,,Inner Rim,N-9,N,9
sw-02983,Kluistar,,Colonies,M-8,M,8
sw-02984,Klytonia,Bheriz,Outer Rim Territories,U-11,U,11
sw-02985,Klytus,,Wild Space,H-15,H,15
sw-02986,Knolstee,Corporate Sector,Outer Rim Territories,R-3,R,3
sw-02987,Knooda,Askarian,Expansion Region,O-12,O,12
sw-02988,Knores,Senex,Mid Rim,L-17,L,17
sw-02989,Knot Holes,Hapes Cluster,Inner Rim,O-9,O,9
sw-02990,Ko-Longava,Hocatar,Mid Rim,P-12,P,12
sw-02991,Koaan,,Inner Rim,N-8,N,8
sw-02992,Koba,Narrant,Mid Rim,J-16,J,16
sw-02993,Kobal's World,Koradin,Outer Rim Territories,I-18,I,18
sw-02994,Kobaria,Emmo,Core Worlds,M-12,M,12
sw-02995,Kobbahn,Dantus,Outer Rim Territories,J-6,J,6
sw-02996,Koboh,Varada,Outer Rim Territories,H-19,H,19
sw-02997,Koboh Abyss,Varada,Outer Rim Territories,H-19,H,19
sw-02998,Koboth,,Outer Rim Territories,R-3,R,3
sw-02999,Koda Space Station,Wazta,Outer Rim Territories,I-18,I,18
sw-03000,Kodai,Belderone,Outer Rim Territories,R-6,R,6
sw-03001,Koensayr,,Colonies,N-12,N,12
sw-03002,Kogan,Veragi,Outer Rim Territories,L-3,L,3
sw-03003,Koiogra,Grohl,Outer Rim Territories,R-16,R,16
sw-03004,Kojash,Farlax,Core Worlds,K-10,K,10
sw-03005,Kokash,Kokash,Core Worlds,J-10,J,10
sw-03006,Koke Frost,,Wild Space,I-7,I,7
sw-03007,Kol Atorn,Kanz,Outer Rim Territories,N-4,N,4
sw-03008,Kol Huro,Kanz,Outer Rim Territories,N-4,N,4
sw-03009,Kol Iben,Arkanis,Outer Rim Territories,R-16,R,16
sw-03010,Kolaador,Dalchon,Outer Rim Territories,R-17,R,17
sw-03011,Kolanda Station,Yminis,Outer Rim Territories,S-14,S,14
sw-03012,Kolatill,Kathol,Outer Rim Territories,M-21,M,21
sw-03013,Koler,,Deep Core,L-12,L,12
sw-03014,Kolkur,Indrexu,Outer Rim Territories,S-5,S,5
sw-03015,Kolos,Paqwepori,Mid Rim,P-15,P,15
sw-03016,Koltine,,Wild Space,L-21,L,21
sw-03017,Komnor,Suolriep,Outer Rim Territories,S-8,S,8
sw-03018,Kondoraan,Saijo,Outer Rim Territories,K-20,K,20
sw-03019,Konkiv,Cadma,Outer Rim Territories,T-8,T,8
sw-03020,Konos,,Colonies,N-10,N,10
sw-03021,Kooda,Herglic Space,Colonies,K-13,K,13
sw-03022,Koolach,,Inner Rim,O-10,O,10
sw-03023,Kooriva,,Inner Rim,M-14,M,14
sw-03024,Koovis,,Inner Rim,L-8,L,8
sw-03025,Koozebane,Calaron,Outer Rim Territories,T-9,T,9
sw-03026,Kor Anjiliac,,Hutt Space,S-11,S,11
sw-03027,Kor Bareesh,,Hutt Space,S-11,S,11
sw-03028,Kor Besadii,,Hutt Space,S-10,S,10
sw-03029,Kor Desilijic,,Hutt Space,S-11,S,11
sw-03030,Kor Gejalli,,Hutt Space,S-11,S,11
sw-03031,Kor Gorensla,,Hutt Space,S-10,S,10
sw-03032,Kor Hestilic,,Hutt Space,S-10,S,10
sw-03033,Kor Hunamma,,Hutt Space,S-11,S,11
sw-03034,Kor Jiramma,,Hutt Space,S-11,S,11
sw-03035,Kor Nasirii,,Hutt Space,S-10,S,10
sw-03036,Kor Nijiladii,,Hutt Space,S-10,S,10
sw-03037,Kor Oktanivii,,Hutt Space,S-11,S,11
sw-03038,Kor Qunaalac,,Hutt Space,S-11,S,11
sw-03039,Kor Trinivii,,Hutt Space,S-11,S,11
sw-03040,Kor Usilic,,Hutt Space,S-11,S,11
sw-03041,Kor Utoradii,,Hutt Space,S-11,S,11
sw-03042,Kor Vanderijar,,Hutt Space,S-11,S,11
sw-03043,Kor Vosadii,,Hutt Space,S-10,S,10
sw-03044,Kor-Lahvan,Corosi,Outer Rim Territories,N-6,N,6
sw-03045,Korad,Elrood,Outer Rim Territories,M-19,M,19
sw-03046,Korbin,,Inner Rim,J-14,J,14
sw-03047,Korbori,,Colonies,N-12,N,12
sw-03048,Korda,,Inner Rim,O-8,O,8
sw-03049,Kordoku,Terr'skiar,Mid Rim,P-10,P,10
sw-03050,Kordu,Kordu,Mid Rim,L-7,L,7
sw-03051,Korev,Zaric,Inner Rim,N-9,N,9
sw-03052,Korfanus,,Core Worlds,L-10,L,10
sw-03053,Korfo,,Core Worlds,M-9,M,9
sw-03054,Korlings,Kwymar,Outer Rim Territories,P-4,P,4
sw-03055,Kormoran,Wyl,Outer Rim Territories,R-4,R,4
sw-03056,Korphir,Gordian Reach,Outer Rim Territories,Q-6,Q,6
sw-03057,Korrilan,Daalang,Mid Rim,Q-12,Q,12
sw-03058,Korriz,Esstran (Sith Worlds),Outer Rim Territories,R-4,R,4
sw-03059,Korrus,Clacis,Outer Rim Territories,K-4,K,4
sw-03060,Korseg,Grohl,Outer Rim Territories,R-16,R,16
sw-03061,Kortatka,Croynar,Inner Rim,M-14,M,14
sw-03062,Korteen,Kibilini,Outer Rim Territories,Q-17,Q,17
sw-03063,Koru Neimoidia,Quellor,Colonies,N-11,N,11
sw-03064,Korvaii,Kordu,Mid Rim,L-7,L,7
sw-03065,Koshaga,,Wild Space,I-7,I,7
sw-03066,Koshi,Sevastol,Mid Rim,Q-14,Q,14
sw-03067,Kossa Prime,Kossa (Kossa Prime),Expansion Region,O-11,O,11
sw-03068,Kostra,Romintine,Mid Rim,Q-8,Q,8
sw-03069,Kothlis,Bothan,Mid Rim,R-14,R,14
sw-03070,Kovor,Koradin,Outer Rim Territories,I-18,I,18
sw-03071,Kowak,Sevetta,Outer Rim Territories,S-16,S,16
sw-03072,Kragis,Citlik,Expansion Region,O-15,O,15
sw-03073,Krake's Planet,Demetras,Outer Rim Territories,P-7,P,7
sw-03074,Kral'to,Demetras,Outer Rim Territories,O-7,O,7
sw-03075,Krann,Brevost,Expansion Region,O-15,O,15
sw-03076,Krant,Bothan,Mid Rim,R-14,R,14
sw-03077,Kravos,Gordian Reach,Outer Rim Territories,P-6,P,6
sw-03078,Krayiss,Esstran (Sith Worlds),Outer Rim Territories,R-5,R,5
sw-03079,Kreeling,Chommell,Mid Rim,O-16,O,16
sw-03080,Krenhner,Krenhner,Inner Rim,L-14,L,14
sw-03081,Krevas,Antemeridian,Outer Rim Territories,R-7,R,7
sw-03082,Kriekaal,,Wild Space,J-14,J,14
sw-03083,Kril'Dor,Outer Jalor,Mid Rim,I-7,I,7
sw-03084,Krinemonen,Calamari,Outer Rim Territories,U-6,U,6
sw-03085,Krintrino,,Colonies,M-10,M,10
sw-03086,Kriselist,Wornal,Mid Rim,K-16,K,16
sw-03087,Krmar,Tolonda,Outer Rim Territories,R-17,R,17
sw-03088,Krnay,Vilonis,Mid Rim,O-16,O,16
sw-03089,Kro Var,,Unknown Regions,H-8,H,8
sw-03090,Kroctar,Shataum,Inner Rim,N-7,N,7
sw-03091,Kromus,Esuain,Mid Rim,P-7,P,7
sw-03092,Kronk,Auril,Outer Rim Territories,R-6,R,6
sw-03093,Krownest,Mandalore,Outer Rim Territories,O-7,O,7
sw-03094,Krozurbia,Shadola,Outer Rim Territories,U-8,U,8
sw-03095,Kruskan,Colundra,Outer Rim Territories,S-5,S,5
sw-03096,Krykas,Spirva,Mid Rim,L-16,L,16
sw-03097,Krykis,Duluur,Colonies,M-13,M,13
sw-03098,Krylon,Gordian Reach,Outer Rim Territories,P-5,P,5
sw-03099,Krystar,Manda,Mid Rim,R-14,R,14
sw-03100,Ksiczzic,Yucrales,Mid Rim,Q-15,Q,15
sw-03101,Ktath'atn,Chopani,Outer Rim Territories,M-4,M,4
sw-03102,Ktil,Ktilac Regions,Inner Rim,N-9,N,9
sw-03103,Kuar,Koros,Deep Core,K-10,K,10
sw-03104,Kuat,Kuat,Core Worlds,M-10,M,10
sw-03105,Kubindi,Calaron,Outer Rim Territories,T-9,T,9
sw-03106,Kudo,Corvair,Inner Rim,K-14,K,14
sw-03107,Kuliquo,,Inner Rim,L-14,L,14
sw-03108,Kullgroon,Authala,Expansion Region,P-12,P,12
sw-03109,Kumru,Javin,Outer Rim Territories,K-18,K,18
sw-03110,Kuna's Eye,Zuma (Moddell),Outer Rim Territories,H-16,H,16
sw-03111,Kuna's Fist,Zuma (Moddell),Outer Rim Territories,H-16,H,16
sw-03112,Kuna's Horn,Zuma (Moddell),Outer Rim Territories,H-16,H,16
sw-03113,Kuna's Tail,Zuma (Moddell),Outer Rim Territories,H-16,H,16
sw-03114,Kuna's Tooth,Zuma (Moddell),Outer Rim Territories,H-16,H,16
sw-03115,Kundu Minor,Steniplis,Outer Rim Territories,M-19,M,19
sw-03116,Kupoh,Dohlbani,Mid Rim,R-13,R,13
sw-03117,Kur Minor,,Wild Space,I-8,I,8
sw-03118,Kur Nebula,Elrood,Outer Rim Territories,M-20,M,20
sw-03119,Kuras,Elrood,Outer Rim Territories,M-19,M,19
sw-03120,Kuratooine,,Wild Space,J-5,J,5
sw-03121,Kuratow,Brevost,Expansion Region,O-15,O,15
sw-03122,Kurdavvia,,Core Worlds,M-11,M,11
sw-03123,Kurluvion,Weneen,Outer Rim Territories,N-6,N,6
sw-03124,Kurost,Kurost,Mid Rim,Q-11,Q,11
sw-03125,Kursid,Esstran (Sith Worlds),Outer Rim Territories,Q-5,Q,5
sw-03126,Kushibah,Gordian Reach,Outer Rim Territories,P-5,P,5
sw-03127,Kutag,Farlax,Core Worlds,K-10,K,10
sw-03128,Kuthic,Tharin,Outer Rim Territories,S-8,S,8
sw-03129,Kvabja,Uoti,Core Worlds,K-9,K,9
sw-03130,Kwannot,Alderath,Mid Rim,L-6,L,6
sw-03131,Kwapi,,Wild Space,R-3,R,3
sw-03132,Kwenn,Kastolar,Mid Rim,R-10,R,10
sw-03133,Kwevron,Clacis,Outer Rim Territories,K-4,K,4
sw-03134,Kwookrrr,Mytaranor,Mid Rim,P-9,P,9
sw-03135,KyLessia,Bes Ber Bikade,Expansion Region,L-15,L,15
sw-03136,Kynachi,,Wild Space,J-5,J,5
sw-03137,Kyoloria,Xappyh,Outer Rim Territories,Q-3,Q,3
sw-03138,Kyrouac,,Inner Rim,K-14,K,14
sw-03139,Kyrska,Hevvrol,Mid Rim,P-15,P,15
sw-03140,Kyryll's World,Phelleem,Outer Rim Territories,S-7,S,7
sw-03141,Laakonis,Glythe,Mid Rim,J-7,J,7
sw-03142,Laakteen Depot,,Colonies,L-13,L,13
sw-03143,Laboi,Suolriep,Outer Rim Territories,S-8,S,8
sw-03144,Ladarra,Gordian Reach,Outer Rim Territories,P-5,P,5
sw-03145,Ladro,,Colonies,J-13,J,13
sw-03146,Laecor,Kallea,Outer Rim Territories,K-21,K,21
sw-03147,Laerdocia,Dalonbian,Outer Rim Territories,L-3,L,3
sw-03148,Laertos,,Inner Rim,L-14,L,14
sw-03149,Lafete,Tunka,Outer Rim Territories,I-18,I,18
sw-03150,Lafra,Wyl,Outer Rim Territories,R-4,R,4
sw-03151,Lah'mu,Raioballo,Outer Rim Territories,L-3,L,3
sw-03152,Lahag Erli,Cantons of Lahag,Expansion Region,J-15,J,15
sw-03153,Lahn,Noonian,Outer Rim Territories,M-6,M,6
sw-03154,Lahsbane,Onatos,Mid Rim,R-15,R,15
sw-03155,Laim,Rayter,Outer Rim Territories,J-19,J,19
sw-03156,Lakra,,Wild Space,I-6,I,6
sw-03157,Lali,,Core Worlds,L-13,L,13
sw-03158,Lalmy'ash,Hapes Cluster,Inner Rim,O-9,O,9
sw-03159,Laman,,Colonies,L-13,L,13
sw-03160,Lamaredd,,Wild Space,S-18,S,18
sw-03161,Lambaria,,Colonies,M-13,M,13
sw-03162,Lamman,,Core Worlds,M-11,M,11
sw-03163,Lamuir,Tapani,Colonies,L-13,L,13
sw-03164,Lamus,Sertar,Outer Rim Territories,R-5,R,5
sw-03165,Lan Barell,Hook Nebula,Outer Rim Territories,O-18,O,18
sw-03166,Landor,Thesme,Outer Rim Territories,O-6,O,6
sw-03167,Langhesa,Meram,Outer Rim Territories,P-4,P,4
sw-03168,Langoona,,Hutt Space,S-10,S,10
sw-03169,Langsha-Raang,Tamarin,Outer Rim Territories,N-18,N,18
sw-03170,Langston,Kira,Expansion Region,N-15,N,15
sw-03171,Lanjer,Rseik,Outer Rim Territories,N-19,N,19
sw-03172,Lankashiir,,Colonies,N-11,N,11
sw-03173,Lannik,Lannik Space,Mid Rim,R-13,R,13
sw-03174,Lanos,Tandon,Mid Rim,Q-14,Q,14
sw-03175,Lansend,,Inner Rim,N-12,N,12
sw-03176,Lansono,,Core Worlds,L-12,L,12
sw-03177,Lant,Tharin (Periphery),Outer Rim Territories,S-8,S,8
sw-03178,Lanteeb,Bri'ahl,Outer Rim Territories,I-17,I,17
sw-03179,Lanthe,Var Hagen,Mid Rim,M-16,M,16
sw-03180,Lanthrym,Elrood,Outer Rim Territories,M-20,M,20
sw-03181,Lantillies,Lantillian,Mid Rim,P-8,P,8
sw-03182,Lanz Carpo,,Core Worlds,M-11,M,11
sw-03183,Lapez,Esstran,Outer Rim Territories,Q-5,Q,5
sw-03184,Laramus,Parmic,Outer Rim Territories,P-18,P,18
sw-03185,Laria,Rseik,Outer Rim Territories,N-19,N,19
sw-03186,Las Lagon,,Inner Rim,M-13,M,13
sw-03187,Lasan,,Wild Space,P-20,P,20
sw-03188,Lastelle,Tapani,Colonies,L-13,L,13
sw-03189,Lasten,,Core Worlds,L-13,L,13
sw-03190,Lateron,Talcene,Mid Rim,Q-8,Q,8
sw-03191,Latoma,Brak,Expansion Region,O-14,O,14
sw-03192,Latza,Spirva,Mid Rim,K-17,K,17
sw-03193,Laud,Brak,Expansion Region,O-14,O,14
sw-03194,Lavisar,Strabin,Mid Rim,M-7,M,7
sw-03195,Lazerian,Kira,Expansion Region,N-15,N,15
sw-03196,Leafar,Greater Plooriod,Expansion Region,M-7,M,7
sw-03197,Lechra,Lixal,Inner Rim,M-14,M,14
sw-03198,Ledalau,,Core Worlds,L-12,L,12
sw-03199,Ledeve,,Expansion Region,I-7,I,7
sw-03200,Lekua,Centrality,Outer Rim Territories,T-8,T,8
sw-03201,Lelmra,Churba,Mid Rim,P-14,P,14
sw-03202,Lemmi,Hapes Cluster,Inner Rim,O-9,O,9
sw-03203,Lenahra,Velcar,Outer Rim Territories,J-5,J,5
sw-03204,Lengil,Bes Ber Bikade,Expansion Region,L-15,L,15
sw-03205,Lenico,Cademimu,Outer Rim Territories,L-6,L,6
sw-03206,Lenniera,,Core Worlds,M-10,M,10
sw-03207,Lenthalis,Spirva,Mid Rim,L-17,L,17
sw-03208,Leoxo,Rayter,Outer Rim Territories,J-19,J,19
sw-03209,Lequabis,,Expansion Region,I-14,I,14
sw-03210,Lerct,Prackla,Expansion Region,O-8,O,8
sw-03211,Leresen,Lannik Wilds,Mid Rim,R-13,R,13
sw-03212,Leria Kerlsil,,Core Worlds,M-10,M,10
sw-03213,Leritor,Yucrales,Mid Rim,Q-15,Q,15
sw-03214,Lespectus,,Core Worlds,M-10,M,10
sw-03215,Lessa,Mytaranor,Mid Rim,P-9,P,9
sw-03216,Lesser Sloo Gas Cloud,Sloo,Mid Rim,P-14,P,14
sw-03217,Lessuris,Pelgrin,Outer Rim Territories,R-17,R,17
sw-03218,Lesu,Dail,Outer Rim Territories,Q-18,Q,18
sw-03219,Letaki,Steniplis,Outer Rim Territories,L-19,L,19
sw-03220,Letev,Tapani,Colonies,L-13,L,13
sw-03221,Lettow,,Core Worlds,M-11,M,11
sw-03222,Levian,,Inner Rim,N-8,N,8
sw-03223,Lew'el,,Wild Space,J-3,J,3
sw-03224,Lexas Prime,Kessel,Outer Rim Territories,U-10,U,10
sw-03225,Lexrul,Trax,Mid Rim,Q-10,Q,10
sw-03226,Lexus,Thrasybule,Outer Rim Territories,P-6,P,6
sw-03227,Leyaki,Tregillis,Expansion Region,M-15,M,15
sw-03228,LFA-509,Thaere,Expansion Region,P-14,P,14
sw-03229,Lhosa,,Inner Rim,N-8,N,8
sw-03230,Li-Toran,,Inner Rim,M-13,M,13
sw-03231,Lialic,,Deep Core,K-12,K,12
sw-03232,Lianna,Allied Tion,Outer Rim Territories,S-6,S,6
sw-03233,Liaq,,Core Worlds,M-11,M,11
sw-03234,Licha In,Veragi (Gree Enclave),Outer Rim Territories,L-2,L,2
sw-03235,Ligna,Corva,Outer Rim Territories,P-4,P,4
sw-03236,Liinade,Ciutric,Outer Rim Territories,N-5,N,5
sw-03237,Liintaar,Gaulus,Outer Rim Territories,R-17,R,17
sw-03238,Likasha,Likasha,Mid Rim,Q-14,Q,14
sw-03239,Linasals,Mikaster,Expansion Region,N-15,N,15
sw-03240,Linuri,Doldur,Mid Rim,P-15,P,15
sw-03241,Lioaoi,Lioaoin Space*,Unknown Regions,E-7,E,7
sw-03242,Liok,Ciutric,Outer Rim Territories,N-5,N,5
sw-03243,Lipsec,Koradin,Outer Rim Territories,I-18,I,18
sw-03244,Lira San,,Wild Space,O-20,O,20
sw-03245,Lirra,Baxel,Outer Rim Territories,U-12,U,12
sw-03246,Lisal,Sarka,Mid Rim,Q-8,Q,8
sw-03247,Liskan,Ojoster,Outer Rim Territories,N-7,N,7
sw-03248,Lissam,Rayter,Outer Rim Territories,J-18,J,18
sw-03249,Listehol,Kwymar,Outer Rim Territories,Q-4,Q,4
sw-03250,Listoria,Tapani,Colonies,L-13,L,13
sw-03251,Little Atullus,Anthos,Inner Rim,N-8,N,8
sw-03252,Little Capella,Gordian Reach,Outer Rim Territories,Q-6,Q,6
sw-03253,Little Kessel,Kessel,Outer Rim Territories,T-10,T,10
sw-03254,Little Petrovi,Yushan,Mid Rim,K-17,K,17
sw-03255,Little Talhovi,Juvex,Mid Rim,K-18,K,18
sw-03256,Liul,Demetras,Outer Rim Territories,P-7,P,7
sw-03257,Livien,Tion Hegemony,Outer Rim Territories,S-5,S,5
sw-03258,Livno,,Wild Space,J-21,J,21
sw-03259,Livorno,Belderone,Outer Rim Territories,R-6,R,6
sw-03260,Llanic,Karthakk,Outer Rim Territories,Q-16,Q,16
sw-03261,Llewebum,Rolion,Outer Rim Territories,Q-7,Q,7
sw-03262,Llon Nebulae,Itopol,Expansion Region,K-15,K,15
sw-03263,Llorkan,,Inner Rim,N-10,N,10
sw-03264,Lo'Uran,Aparo,Outer Rim Territories,R-3,R,3
sw-03265,Loac,Hocatar,Expansion Region,P-12,P,12
sw-03266,Lobaoc,Mieru'kar,Outer Rim Territories,N-3,N,3
sw-03267,Lobaq Station,Rolion,Outer Rim Territories,Q-7,Q,7
sw-03268,Loce,,Wild Space,S-4,S,4
sw-03269,Lockest,Palamut,Expansion Region,N-13,N,13
sw-03270,Loedorvia,Weemell,Core Worlds,K-12,K,12
sw-03271,Lofquar,Chommell,Mid Rim,O-17,O,17
sw-03272,Logal Ri,Chaama,Mid Rim,J-7,J,7
sw-03273,Lohopa,Boeus,Expansion Region,M-15,M,15
sw-03274,Loj,,Colonies,M-9,M,9
sw-03275,Loken,Bryx,Mid Rim,R-7,R,7
sw-03276,Lokondo,Braxant,Outer Rim Territories,J-3,J,3
sw-03277,Lokori,Karthakk,Outer Rim Territories,Q-16,Q,16
sw-03278,Lokud,Chopani,Outer Rim Territories,L-3,L,3
sw-03279,Lol,Lol,Outer Rim Territories,Q-18,Q,18
sw-03280,Lola Sayu,Belderone,Outer Rim Territories,R-6,R,6
sw-03281,Lolet,Haserian,Mid Rim,Q-14,Q,14
sw-03282,Loletia,Ojoster,Outer Rim Territories,N-7,N,7
sw-03283,Lolnar,,Core Worlds,M-11,M,11
sw-03284,Lomabu,Aida,Mid Rim,Q-13,Q,13
sw-03285,Lonania,Kossa,Expansion Region,O-11,O,11
sw-03286,Lonatro,Veragi (Gree Enclave),Outer Rim Territories,L-3,L,3
sw-03287,Londor,Londori,Mid Rim,J-7,J,7
sw-03288,Lonera,,Inner Rim,O-12,O,12
sw-03289,Long Shadow,Kallea,Outer Rim Territories,K-21,K,21
sw-03290,Longwind,Trax,Mid Rim,Q-10,Q,10
sw-03291,Lonjair Prime,Danjar,Outer Rim Territories,M-19,M,19
sw-03292,Lonnaw,Droma,Mid Rim,K-6,K,6
sw-03293,Lontar,,Colonies,J-9,J,9
sw-03294,Loovria,Juvex,Mid Rim,L-18,L,18
sw-03295,Loped,,Inner Rim,O-9,O,9
sw-03296,Lopor Station,Spirva,Mid Rim,K-17,K,17
sw-03297,Loposi,Dustig,Mid Rim,M-17,M,17
sw-03298,Lorahns,Sloo,Mid Rim,P-14,P,14
sw-03299,Lorahns Cavity,Sloo,Mid Rim,P-14,P,14
sw-03300,Lorardia,D'Astan,Outer Rim Territories,O-6,O,6
sw-03301,Lorattick Nebula,Esstran,Outer Rim Territories,Q-5,Q,5
sw-03302,Loratus,Sanbra,Outer Rim Territories,O-17,O,17
sw-03303,Lorell,,Inner Rim,O-9,O,9
sw-03304,Lorenz,Tapani,Colonies,L-13,L,13
sw-03305,Loreth,Saijo,Outer Rim Territories,K-20,K,20
sw-03306,Loretto,,Core Worlds,M-11,M,11
sw-03307,Lorimax,Fakir,Colonies,K-9,K,9
sw-03308,Lorista,Glythe,Mid Rim,J-7,J,7
sw-03309,Lorn,Dalchon,Outer Rim Territories,R-17,R,17
sw-03310,Loronar,,Colonies,M-12,M,12
sw-03311,Lorpfan,Tynquay,Outer Rim Territories,R-4,R,4
sw-03312,Lorrad,Allied Tion,Outer Rim Territories,S-6,S,6
sw-03313,Lorrd,Kanz,Outer Rim Territories,N-4,N,4
sw-03314,Lorta,Gendius,Mid Rim,J-17,J,17
sw-03315,Lost Clusters,,Wild Space,I-20,I,20
sw-03316,Lost Murvey,,Wild Space,H-6,H,6
sw-03317,Lost Souls,Cademimu,Outer Rim Territories,L-6,L,6
sw-03318,Lota,Brak,Expansion Region,O-14,O,14
sw-03319,Loth,,Inner Rim,J-8,J,8
sw-03320,Lothal,Lothal,Outer Rim Territories,U-7,U,7
sw-03321,Lotho Minor,Wazta,Outer Rim Territories,I-17,I,17
sw-03322,Lotide,Mortex,Outer Rim Territories,S-5,S,5
sw-03323,Lovetus,,Core Worlds,L-9,L,9
sw-03324,Lovola,Hapes Cluster,Inner Rim,O-9,O,9
sw-03325,Low'n,Romintine,Mid Rim,Q-8,Q,8
sw-03326,Lower Flora Cloud,,Inner Rim,I-15,I,15
sw-03327,Lowick,Calaron,Outer Rim Territories,U-9,U,9
sw-03328,Lowik,Cadavine,Outer Rim Territories,P-17,P,17
sw-03329,Lozash,Bes Ber Bikade,Expansion Region,L-15,L,15
sw-03330,Lubang Minor,Illisurevimurasi,Outer Rim Territories,Q-4,Q,4
sw-03331,Lucazec,Nuiri,Outer Rim Territories,Q-6,Q,6
sw-03332,Lucrenn,Skine,Outer Rim Territories,Q-19,Q,19
sw-03333,Lucrusia,Seswenna,Outer Rim Territories,M-18,M,18
sw-03334,Luduria,,Colonies,M-12,M,12
sw-03335,Luj,Tamarin,Outer Rim Territories,N-19,N,19
sw-03336,Lujo,,Core Worlds,L-12,L,12
sw-03337,Luminous Magnificence,,Wild Space,H-14,H,14
sw-03338,Lupal,,Wild Space,G-20,G,20
sw-03339,Lupani,Tapani,Colonies,L-13,L,13
sw-03340,Luprora,,Unknown Regions,G-7,G,7
sw-03341,Luptoom,Seswenna,Outer Rim Territories,M-18,M,18
sw-03342,Lur,Aparo,Outer Rim Territories,R-4,R,4
sw-03343,Lurania,,Colonies,N-10,N,10
sw-03344,Luristan,,Inner Rim,M-14,M,14
sw-03345,Lurr,Rayter,Outer Rim Territories,J-19,J,19
sw-03346,Lusaanda,Meram,Outer Rim Territories,O-4,O,4
sw-03347,Lusdu,Alderaan,Core Worlds,M-10,M,10
sw-03348,Lusk,Tapani,Colonies,L-13,L,13
sw-03349,Lust,,Wild Space,J-20,J,20
sw-03350,Lutrillia,Javin (Yarith),Outer Rim Territories,J-18,J,18
sw-03351,Luudria,Dalchon,Outer Rim Territories,R-17,R,17
sw-03352,Luuhar,Hapes Cluster,Inner Rim,O-9,O,9
sw-03353,Luuq,Luuq,Mid Rim,L-7,L,7
sw-03354,Luxiar,Bon'nyuw-Luq,Outer Rim Territories,N-18,N,18
sw-03355,Lwhekk,Ssi-ruuvi Space*,Unknown Regions,C-16,C,16
sw-03356,Lybeya,Bajic,Outer Rim Territories,P-18,P,18
sw-03357,Lyjdaa,Kwymar,Outer Rim Territories,Q-4,Q,4
sw-03358,Lynos,Mortex,Outer Rim Territories,R-4,R,4
sw-03359,Lynx,Tapani,Colonies,L-13,L,13
sw-03360,Lyran,Quiberon,Outer Rim Territories,S-15,S,15
sw-03361,Lysatra,,Wild Space,I-8,I,8
sw-03362,Lythia,Suolriep,Outer Rim Territories,S-8,S,8
sw-03363,Lythos,Corporate Sector,Outer Rim Territories,S-3,S,3
sw-03364,M'Bardi,Kalamith,Outer Rim Territories,P-5,P,5
sw-03365,M'dweshuu Nova,,Hutt Space,S-9,S,9
sw-03366,M'haeli,Majoor,Expansion Region,N-15,N,15
sw-03367,M'Hanna,,Hutt Space,T-11,T,11
sw-03368,M132L4,,Inner Rim,K-8,K,8
sw-03369,M2934738,Tragan Cluster,Outer Rim Territories,N-5,N,5
sw-03370,M4-78,,Inner Rim,O-9,O,9
sw-03371,Ma'alkerr,Rago,Mid Rim,I-7,I,7
sw-03372,Ma'ar Shaddam,Rseik,Outer Rim Territories,N-20,N,20
sw-03373,Maarka,Perkell,Mid Rim,Q-7,Q,7
sw-03374,Maateen,,Inner Rim,O-10,O,10
sw-03375,Maccent,Phelleem,Outer Rim Territories,S-7,S,7
sw-03376,Mackar,Hewett,Mid Rim,M-6,M,6
sw-03377,Madurs,Maldrood,Mid Rim,R-7,R,7
sw-03378,Maelstrom Nebula,Relgim,Outer Rim Territories,K-5,K,5
sw-03379,Maerdocia,Maerdocian,Mid Rim,Q-13,Q,13
sw-03380,Magagran,Halthor,Outer Rim Territories,L-6,L,6
sw-03381,Magar's World,Stensen,Outer Rim Territories,H-17,H,17
sw-03382,Magataran Maelstrom,,Inner Rim,N-7,N,7
sw-03383,Magaveene,Prefsbelt,Outer Rim Territories,K-6,K,6
sw-03384,Magmar,,Core Worlds,M-10,M,10
sw-03385,Magna,,Wild Space,G-14,G,14
sw-03386,Magnus Horn,Talcene,Mid Rim,Q-8,Q,8
sw-03387,Magravia,Karthakk,Outer Rim Territories,Q-17,Q,17
sw-03388,Maher,,Unknown Regions,G-7,G,7
sw-03389,Mahranee,Taldot,Mid Rim,P-8,P,8
sw-03390,Maicombe,Corthenia,Mid Rim,K-7,K,7
sw-03391,Maill,Cadavine,Outer Rim Territories,P-17,P,17
sw-03392,Mairenhelm,Dona Laza,Expansion Region,P-9,P,9
sw-03393,Maires,Hapes Cluster,Inner Rim,O-9,O,9
sw-03394,Mairne,Kathol,Outer Rim Territories,M-21,M,21
sw-03395,Majilop,Lol,Outer Rim Territories,Q-18,Q,18
sw-03396,Majoor,Majoor,Expansion Region,N-15,N,15
sw-03397,Majoros,,Inner Rim,O-8,O,8
sw-03398,Makeb,Aida,Mid Rim,Q-13,Q,13
sw-03399,Makem Te,Nilgaard,Outer Rim Territories,S-5,S,5
sw-03400,Makksre,Uoti,Core Worlds,K-9,K,9
sw-03401,Mako-Ta,Noonian,Outer Rim Territories,M-6,M,6
sw-03402,Makthierse,Cegul,Outer Rim Territories,L-20,L,20
sw-03403,Malachor,Chorlian,Outer Rim Territories,S-4,S,4
sw-03404,Maladi,Maladi,Expansion Region,O-12,O,12
sw-03405,Malador,Juvex,Mid Rim,L-17,L,17
sw-03406,Malaga Cluster,Steniplis,Outer Rim Territories,L-19,L,19
sw-03407,Malagarr,,Wild Space,V-8,V,8
sw-03408,Malano,,Colonies,N-10,N,10
sw-03409,Malanose,Veragi (Gree Enclave),Outer Rim Territories,K-2,K,2
sw-03410,Malari,Churnis,Mid Rim,I-6,I,6
sw-03411,Malastare,Dustig,Mid Rim,N-16,N,16
sw-03412,Malathon,Ghost Nebula,Expansion Region,P-10,P,10
sw-03413,Maldo Kreis,Arkanis,Outer Rim Territories,R-16,R,16
sw-03414,Maldovea,Brema,Outer Rim Territories,M-17,M,17
sw-03415,Maldra,Shadola,Outer Rim Territories,U-8,U,8
sw-03416,Maldroth,Grumani,Outer Rim Territories,N-17,N,17
sw-03417,Maleinator,Great Agash,Expansion Region,K-15,K,15
sw-03418,Malenko,Eidoloni,Mid Rim,L-16,L,16
sw-03419,Malian,,Expansion Region,I-14,I,14
sw-03420,Malicar,Mieru'kar,Outer Rim Territories,N-4,N,4
sw-03421,Malkii,Mortex,Outer Rim Territories,S-5,S,5
sw-03422,Mall'ordian,Corporate Sector,Outer Rim Territories,R-3,R,3
sw-03423,Malloran,Garis,Outer Rim Territories,N-18,N,18
sw-03424,Malo,Sluis,Outer Rim Territories,M-19,M,19
sw-03425,Malpassia,,Core Worlds,L-10,L,10
sw-03426,Malpaz,Wazta,Outer Rim Territories,I-17,I,17
sw-03427,Malrev,Thrasybule,Outer Rim Territories,P-6,P,6
sw-03428,Malsuum,,Inner Rim,L-14,L,14
sw-03429,Maltha Obex,Mieru'kar,Outer Rim Territories,O-3,O,3
sw-03430,Malthor,Tandon,Mid Rim,Q-14,Q,14
sw-03431,Maltorian,Lifh,Mid Rim,R-8,R,8
sw-03432,Maltorra,,Core Worlds,M-12,M,12
sw-03433,Malus,Gaulus,Outer Rim Territories,S-17,S,17
sw-03434,Mamendin,Farrfin,Core Worlds,K-9,K,9
sw-03435,Mamkoda,Cassander,Outer Rim Territories,L-5,L,5
sw-03436,Manaan,,Inner Rim,O-11,O,11
sw-03437,Manakron,Tashtor,Mid Rim,I-16,I,16
sw-03438,Manali,Imberlin,Expansion Region,P-14,P,14
sw-03439,Manari,Brevost,Expansion Region,O-15,O,15
sw-03440,Manaxia,,Core Worlds,M-10,M,10
sw-03441,Manda,Manda,Mid Rim,R-15,R,15
sw-03442,Mandalore,Mandalore,Outer Rim Territories,O-7,O,7
sw-03443,Mandell,Bothan,Mid Rim,R-14,R,14
sw-03444,Mandellia,Nuiri,Outer Rim Territories,Q-7,Q,7
sw-03445,Mandrine,Kessel,Outer Rim Territories,T-10,T,10
sw-03446,Manella,,Core Worlds,M-9,M,9
sw-03447,Manforgon,Senex,Mid Rim,L-17,L,17
sw-03448,Mangan,,Colonies,J-9,J,9
sw-03449,Mangez,Brak,Expansion Region,O-14,O,14
sw-03450,Mannius,,Wild Space,I-14,I,14
sw-03451,Mannova,Gordian Reach,Outer Rim Territories,Q-5,Q,5
sw-03452,Manoe,Manoe,Mid Rim,K-7,K,7
sw-03453,Manpha,Seitia,Outer Rim Territories,K-20,K,20
sw-03454,Manress,,Inner Rim,N-9,N,9
sw-03455,Mantan,Calamari,Outer Rim Territories,U-6,U,6
sw-03456,Mantarran,,Inner Rim,L-14,L,14
sw-03457,Mantessa,Orus,Inner Rim,M-8,M,8
sw-03458,Mantilorr,Suolriep,Outer Rim Territories,S-10,S,10
sw-03459,Mantooine,Atrivis,Outer Rim Territories,L-5,L,5
sw-03460,Manwess,Kilbanis,Colonies,N-9,N,9
sw-03461,Maphus Tria,Cadma,Outer Rim Territories,T-8,T,8
sw-03462,Mapuzo,Hollan,Mid Rim,M-7,M,7
sw-03463,"Marais, The",Hatawa,Core Worlds,J-10,J,10
sw-03464,Maraken,Oktos,Mid Rim,R-12,R,12
sw-03465,Maramere,Karthakk,Outer Rim Territories,Q-17,Q,17
sw-03466,Marasai,Marasa Nebula,Inner Rim,O-10,O,10
sw-03467,Marasaln,Outer Jalor,Mid Rim,I-7,I,7
sw-03468,Marca,Meerian,Outer Rim Territories,N-6,N,6
sw-03469,Marcadia,,Inner Rim,N-14,N,14
sw-03470,Marcelan Prime,,Wild Space,J-5,J,5
sw-03471,Marcol Void,Kathol (Outback),Outer Rim Territories,M-21,M,21
sw-03472,Mardona,,Inner Rim,N-13,N,13
sw-03473,Mareg,,Wild Space,I-20,I,20
sw-03474,Marfa,,Core Worlds,M-10,M,10
sw-03475,Maridun,Rolion,Outer Rim Territories,Q-6,Q,6
sw-03476,Markbee's Star,Atrivis,Outer Rim Territories,L-5,L,5
sw-03477,Markon,,Core Worlds,L-9,L,9
sw-03478,Marleyvane,Tharin,Outer Rim Territories,T-8,T,8
sw-03479,Marmoth,Albarrio,Outer Rim Territories,K-4,K,4
sw-03480,Marngar,,Core Worlds,M-10,M,10
sw-03481,Maro Della,Mektrun,Mid Rim,L-17,L,17
sw-03482,Marotan,,Inner Rim,O-9,O,9
sw-03483,Marquarra,Prefsbelt,Outer Rim Territories,J-5,J,5
sw-03484,Marquinn,,Inner Rim,K-8,K,8
sw-03485,Marranis,Esstran,Outer Rim Territories,P-5,P,5
sw-03486,Marrovia,Gordian Reach,Outer Rim Territories,P-5,P,5
sw-03487,Martaus,,Inner Rim,N-8,N,8
sw-03488,Martle Station,Indrexu,Outer Rim Territories,S-5,S,5
sw-03489,Maryo,Corporate Sector,Outer Rim Territories,S-4,S,4
sw-03490,Maryx Minor,Sujimis,Outer Rim Territories,O-19,O,19
sw-03491,Marzoon,Marzoon,Mid Rim,I-16,I,16
sw-03492,Masgen,Churnis,Mid Rim,I-7,I,7
sw-03493,Masposhani,Taldot,Mid Rim,Q-9,Q,9
sw-03494,Massiff Nebula,,Core Worlds,K-9,K,9
sw-03495,Massoss,,Unknown Regions,G-8,G,8
sw-03496,Masterra,Hertae,Mid Rim,Q-14,Q,14
sw-03497,Matabre,Eucer,Mid Rim,Q-7,Q,7
sw-03498,Matacorn,Lambda,Mid Rim,P-15,P,15
sw-03499,Mataou,Javin (Anoat),Outer Rim Territories,K-18,K,18
sw-03500,Matarri,,Inner Rim,N-8,N,8
sw-03501,Mathas,,Inner Rim,J-14,J,14
sw-03502,Matra,Corporate Sector,Outer Rim Territories,S-4,S,4
sw-03503,Matterhelm,,Inner Rim,N-9,N,9
sw-03504,Mattri,,Inner Rim,O-10,O,10
sw-03505,Mauk,Metatessu,Mid Rim,R-9,R,9
sw-03506,Maun Digitalis,,Colonies,L-8,L,8
sw-03507,Mauphin,,Core Worlds,K-12,K,12
sw-03508,Mavinia,,Inner Rim,N-13,N,13
sw-03509,Mavva,Aparo,Outer Rim Territories,R-3,R,3
sw-03510,Maw Cluster,Kessel,Outer Rim Territories,T-10,T,10
sw-03511,Mawan,,Core Worlds,M-11,M,11
sw-03512,Maxca,Brak,Expansion Region,O-14,O,14
sw-03513,Maxet,Tragan Cluster,Outer Rim Territories,N-5,N,5
sw-03514,Maxilia,Vulcusion,Expansion Region,L-16,L,16
sw-03515,Maya Kovel,Zuma (Moddell),Outer Rim Territories,H-16,H,16
sw-03516,Mayagil,Mayagil,Outer Rim Territories,M-18,M,18
sw-03517,Mayvitch,Immalia,Expansion Region,L-8,L,8
sw-03518,Mazhar,Spadja,Outer Rim Territories,R-6,R,6
sw-03519,Mazuma,Nuiri,Outer Rim Territories,Q-6,Q,6
sw-03520,Mearalis,Bri'ahl,Outer Rim Territories,I-17,I,17
sw-03521,Meastrinnar,,Inner Rim,K-8,K,8
sw-03522,Mechis,,Inner Rim,L-14,L,14
sw-03523,Medepiest,Lambda,Mid Rim,P-15,P,15
sw-03524,Media,Corporate Sector,Outer Rim Territories,S-4,S,4
sw-03525,Medoslea,,Inner Rim,O-8,O,8
sw-03526,Medth,Ado,Mid Rim,M-17,M,17
sw-03527,Meedis Minor,Tandon,Mid Rim,Q-13,Q,13
sw-03528,Mefti,,Colonies,L-8,L,8
sw-03529,Megalox Beta,Bes Ber Bikade,Expansion Region,L-15,L,15
sw-03530,Megaria,,Inner Rim,M-8,M,8
sw-03531,Meglumine,,Inner Rim,J-8,J,8
sw-03532,Mek va Uil,Surron,Expansion Region,O-13,O,13
sw-03533,Mek'tradi,Baroli,Expansion Region,N-14,N,14
sw-03534,Mek-Sha,Belderone,Outer Rim Territories,R-6,R,6
sw-03535,Mektrun Cluster,Mektrun,Mid Rim,L-17,L,17
sw-03536,Melagawni,Likasha,Mid Rim,Q-15,Q,15
sw-03537,Melahna,,Core Worlds,K-9,K,9
sw-03538,Melasaton,Jjannex,Outer Rim Territories,L-18,L,18
sw-03539,Melchior,Zeemacht Cluster,Inner Rim,N-8,N,8
sw-03540,Meldazar,Immalia,Expansion Region,K-8,K,8
sw-03541,Melida/Daan,Cadavine,Outer Rim Territories,P-17,P,17
sw-03542,Meligin,Ehosiq,Expansion Region,L-8,L,8
sw-03543,Melinz,,Core Worlds,L-9,L,9
sw-03544,Melldia,Esstran,Outer Rim Territories,Q-4,Q,4
sw-03545,Melm,Wyl,Outer Rim Territories,S-4,S,4
sw-03546,Melnea's World,Arkanis,Outer Rim Territories,R-16,R,16
sw-03547,Melus,Nicandra,Mid Rim,L-7,L,7
sw-03548,Mendacia,Fei Hu,Mid Rim,P-13,P,13
sw-03549,Mendavi,Ferra,Outer Rim Territories,S-16,S,16
sw-03550,Mendenbatt,Mortex,Outer Rim Territories,R-5,R,5
sw-03551,Mendicat,,Wild Space,I-8,I,8
sw-03552,Mengjini,Bright Jewel,Mid Rim,L-7,L,7
sw-03553,Mennar-Daye,Thesme,Outer Rim Territories,O-6,O,6
sw-03554,Mentanar Vosk,Nijune,Outer Rim Territories,O-4,O,4
sw-03555,Menthusa,,Colonies,M-9,M,9
sw-03556,Meor Ain,Jubilar,Outer Rim Territories,T-7,T,7
sw-03557,Mepha'as Prime,Belsmuth,Outer Rim Territories,O-6,O,6
sw-03558,Mephitis,,Colonies,J-13,J,13
sw-03559,Mephout,Mephout Dominion*,Wild Space,H-20,H,20
sw-03560,Merakai,,Core Worlds,K-9,K,9
sw-03561,Meria,,Mid Rim,H-15,H,15
sw-03562,Meridian,Meridian,Outer Rim Territories,R-7,R,7
sw-03563,Merikon,Fath,Outer Rim Territories,K-6,K,6
sw-03564,Merisee,Elrood,Outer Rim Territories,M-19,M,19
sw-03565,Merj,Thesme,Outer Rim Territories,O-6,O,6
sw-03566,Merokia,Koradin,Outer Rim Territories,J-18,J,18
sw-03567,Merren,Chaykin,Expansion Region,O-14,O,14
sw-03568,Merson,,Inner Rim,O-10,O,10
sw-03569,Merthia,Merthian,Expansion Region,N-13,N,13
sw-03570,Meruud,Narrant,Mid Rim,I-16,I,16
sw-03571,Mes Cavoli,Venaarian,Mid Rim,O-7,O,7
sw-03572,Meserian,Nijune,Outer Rim Territories,O-4,O,4
sw-03573,Meshakia,Likasha,Mid Rim,Q-14,Q,14
sw-03574,Messert,Mytaranor,Mid Rim,Q-10,Q,10
sw-03575,Messia,,Core Worlds,M-11,M,11
sw-03576,Mestare,,Deep Core,L-12,L,12
sw-03577,Mestra,Minos Cluster,Outer Rim Territories,M-20,M,20
sw-03578,Mestun,Thrasybule,Outer Rim Territories,P-6,P,6
sw-03579,Mesula,Eidoloni,Mid Rim,M-16,M,16
sw-03580,Metalorn,Talcene,Mid Rim,R-8,R,8
sw-03581,Metellos,Corusca,Core Worlds,K-10,K,10
sw-03582,Metharg,Hook Nebula,Outer Rim Territories,O-17,O,17
sw-03583,Metharian Nebula,Tantra,Outer Rim Territories,M-19,M,19
sw-03584,Metlok,Nouane,Inner Rim,N-8,N,8
sw-03585,Mev,Javin (Anoat),Outer Rim Territories,K-18,K,18
sw-03586,Mexeluine,Javin (Anoat),Outer Rim Territories,K-18,K,18
sw-03587,Mezeg,Mezeg,Mid Rim,N-7,N,7
sw-03588,Mhalanduin,Oktos,Mid Rim,R-12,R,12
sw-03589,Mhatma,,Mid Rim,I-16,I,16
sw-03590,Mhettghar,Atravis,Outer Rim Territories,L-19,L,19
sw-03591,Midani,Thuris,Outer Rim Territories,P-18,P,18
sw-03592,Midarr,Mulgard,Mid Rim,N-16,N,16
sw-03593,Midgor,Croynar,Inner Rim,M-14,M,14
sw-03594,Miele Nova,,Core Worlds,L-9,L,9
sw-03595,Miglar,Morshdine,Outer Rim Territories,O-4,O,4
sw-03596,Mijos,Javin (Anoat),Outer Rim Territories,K-18,K,18
sw-03597,Mika,Arkanis,Outer Rim Territories,R-17,R,17
sw-03598,Mikaster,Mikaster,Expansion Region,N-15,N,15
sw-03599,Mikkia,Greater Plooriod,Expansion Region,M-7,M,7
sw-03600,Miko,Esaga,Mid Rim,Q-11,Q,11
sw-03601,Mil Velay,,Inner Rim,M-8,M,8
sw-03602,Mila,Brak,Expansion Region,O-14,O,14
sw-03603,Milagro,Chaykin,Expansion Region,O-14,O,14
sw-03604,Milarian,Trans-Nebular,Mid Rim,R-16,R,16
sw-03605,Mileva,Maldrood,Mid Rim,R-7,R,7
sw-03606,Millinar,Hapes Cluster,Inner Rim,O-9,O,9
sw-03607,Milvayne,,Inner Rim,L-8,L,8
sw-03608,Mima,D'Aelgoth,Mid Rim,L-17,L,17
sw-03609,Minashee,Cassander (Tadrin),Outer Rim Territories,K-5,K,5
sw-03610,Minavar,Bheriz,Outer Rim Territories,U-10,U,10
sw-03611,Mindabaal,Faultheen,Inner Rim,J-13,J,13
sw-03612,Mindemir,,Colonies,N-10,N,10
sw-03613,Mindor,,Inner Rim,M-8,M,8
sw-03614,Minfar,,Inner Rim,I-13,I,13
sw-03615,Minkring,Shelsha,Colonies,M-9,M,9
sw-03616,Minntaa,Nilgaard,Outer Rim Territories,S-5,S,5
sw-03617,Minntooine,Calamari,Outer Rim Territories,T-6,T,6
sw-03618,Minoth,Masla,Mid Rim,J-17,J,17
sw-03619,Mirak Major,,Inner Rim,M-14,M,14
sw-03620,Mircapala,,Wild Space,S-3,S,3
sw-03621,Mirial,Illisurevimurasi,Outer Rim Territories,Q-4,Q,4
sw-03622,Miriatin,Var Hagen,Mid Rim,M-16,M,16
sw-03623,Mirit,,Colonies,K-9,K,9
sw-03624,Mirnic,Seswenna,Outer Rim Territories,M-18,M,18
sw-03625,Miro,Fath,Outer Rim Territories,K-6,K,6
sw-03626,Mirran,Morobe,Colonies,N-11,N,11
sw-03627,Mirrin Prime,Kalamith (Mirrin),Outer Rim Territories,P-5,P,5
sw-03628,Mirshaf,,Core Worlds,L-9,L,9
sw-03629,Mirshilan,Dalchon,Outer Rim Territories,R-17,R,17
sw-03630,Mis-Tenek,Manda,Mid Rim,S-15,S,15
sw-03631,Misnor,Meram,Outer Rim Territories,O-4,O,4
sw-03632,Mistar,Tragan Cluster,Outer Rim Territories,N-5,N,5
sw-03633,Mitek-Por,,Inner Rim,M-8,M,8
sw-03634,Mittoblade,,Inner Rim,K-8,K,8
sw-03635,Miv'rah,Gaulus,Outer Rim Territories,R-17,R,17
sw-03636,Mizra,,Inner Rim,O-8,O,8
sw-03637,Miztoc,Irnaj,Mid Rim,K-17,K,17
sw-03638,Mobetta,Airam,Outer Rim Territories,M-20,M,20
sw-03639,Modus,Hapes Cluster,Inner Rim,O-9,O,9
sw-03640,Moer,Hewett,Mid Rim,M-7,M,7
sw-03641,Mogoshyn,Gordian Reach,Outer Rim Territories,P-5,P,5
sw-03642,Mohsenia,Meridian,Outer Rim Territories,R-6,R,6
sw-03643,Mokivj,Pacanth Reach,Outer Rim Territories,G-16,G,16
sw-03644,Mokk,,Inner Rim,N-10,N,10
sw-03645,Mol'leaj,Thaere,Expansion Region,O-14,O,14
sw-03646,Molavar,Abrion,Outer Rim Territories,S-15,S,15
sw-03647,Moldour,Lothal,Outer Rim Territories,U-7,U,7
sw-03648,Mollo Tanka,Corellian,Core Worlds,M-11,M,11
sw-03649,Molos,Stensen,Outer Rim Territories,I-17,I,17
sw-03650,Moloskia,Mbandamonte,Expansion Region,N-15,N,15
sw-03651,Moltok,Atrivis,Outer Rim Territories,L-5,L,5
sw-03652,Momansi,Brevost,Expansion Region,O-15,O,15
sw-03653,Mon Cala,Calamari,Outer Rim Territories,U-6,U,6
sw-03654,Mon Gazza,Lambda,Mid Rim,Q-16,Q,16
sw-03655,Mon Torri,Msst,Mid Rim,P-7,P,7
sw-03656,Monadin,Kuat,Core Worlds,M-10,M,10
sw-03657,Monastery,Haserian,Mid Rim,Q-14,Q,14
sw-03658,Mondress,Mondress,Expansion Region,J-7,J,7
sw-03659,Monhudle,Cassander (Tadrin),Outer Rim Territories,K-5,K,5
sw-03660,Monic,Trianii Space*,Wild Space,R-3,R,3
sw-03661,Monor,Doldur,Mid Rim,P-15,P,15
sw-03662,Monsua Nebula,Zuma (Moddell),Outer Rim Territories,H-16,H,16
sw-03663,Monta,Daimar,Mid Rim,Q-16,Q,16
sw-03664,Montalsia,Corellian,Core Worlds,M-11,M,11
sw-03665,Montitia,Montitian Grant,Expansion Region,J-15,J,15
sw-03666,Montross,Truum,Mid Rim,P-8,P,8
sw-03667,Moobia,Kastolar,Mid Rim,R-10,R,10
sw-03668,Moog Mot,Tharin,Outer Rim Territories,S-8,S,8
sw-03669,Mooga,Perkell,Mid Rim,Q-7,Q,7
sw-03670,Moonflower Nebula,,Wild Space,U-16,U,16
sw-03671,Moonus Mandel,Bothan,Mid Rim,R-14,R,14
sw-03672,Moorja,,Inner Rim,L-15,L,15
sw-03673,Moorjhone,Jospro,Outer Rim Territories,R-7,R,7
sw-03674,Mooshie Cluster,Videnda,Outer Rim Territories,L-18,L,18
sw-03675,Moraband,Esstran (Sith Worlds),Outer Rim Territories,R-5,R,5
sw-03676,Morado,Hune,Mid Rim,Q-11,Q,11
sw-03677,Moraga,Oricho,Outer Rim Territories,M-5,M,5
sw-03678,Morak,,Wild Space,H-18,H,18
sw-03679,Moralan,,Hutt Space,T-10,T,10
sw-03680,Morath Nebula,Hatawa,Core Worlds,J-10,J,10
sw-03681,Moravia,Lambda,Mid Rim,Q-16,Q,16
sw-03682,Moraysi,Skine,Outer Rim Territories,P-18,P,18
sw-03683,Mordagon,Authala,Expansion Region,P-12,P,12
sw-03684,Mordal,Illisurevimurasi,Outer Rim Territories,Q-4,Q,4
sw-03685,Mordis,Lambda,Mid Rim,P-16,P,16
sw-03686,Morellia,Morellian CW*,Wild Space,S-3,S,3
sw-03687,Morgania,Yminis,Outer Rim Territories,S-14,S,14
sw-03688,Morishim,Albarrio,Outer Rim Territories,K-5,K,5
sw-03689,Morning's Bell,Farlax,Core Worlds,K-10,K,10
sw-03690,Moro,Rago,Mid Rim,I-7,I,7
sw-03691,Morogia,,Core Worlds,M-10,M,10
sw-03692,Morseer,Quelii,Outer Rim Territories,O-6,O,6
sw-03693,Morton,Majoor,Expansion Region,N-15,N,15
sw-03694,Morturia,Relgim,Outer Rim Territories,L-4,L,4
sw-03695,Morvogodine,Calaron,Outer Rim Territories,T-9,T,9
sw-03696,Moseum,Thesme,Outer Rim Territories,O-6,O,6
sw-03697,Moshaw,Seswenna,Outer Rim Territories,M-18,M,18
sw-03698,Moskk,Albarrio,Outer Rim Territories,K-5,K,5
sw-03699,Mossak,Thanium,Outer Rim Territories,R-6,R,6
sw-03700,Motexx,,Colonies,M-13,M,13
sw-03701,Movris,Noonian,Outer Rim Territories,M-6,M,6
sw-03702,Mowgle,Demophon,Core Worlds,M-10,M,10
sw-03703,Mrinzebon,Sombure,Mid Rim,K-16,K,16
sw-03704,Mrisst,Fakir,Colonies,K-9,K,9
sw-03705,Mrlsst,Tapani,Colonies,L-13,L,13
sw-03706,Msst,Msst,Mid Rim,P-7,P,7
sw-03707,Mugaar,Bruanii,Mid Rim,K-18,K,18
sw-03708,Mulatan,,Hutt Space,S-10,S,10
sw-03709,Muldore,,Core Worlds,J-9,J,9
sw-03710,Mulita,,Wild Space,H-19,H,19
sw-03711,Mullan,Keldrath,Outer Rim Territories,T-6,T,6
sw-03712,Mulvar,Obtrexta,Outer Rim Territories,K-3,K,3
sw-03713,Munlali Mafir,,Unknown Regions,G-5,G,5
sw-03714,Munt Ontdal,Fei Hu,Mid Rim,Q-13,Q,13
sw-03715,Munto Codru,Pakuuni,Outer Rim Territories,T-6,T,6
sw-03716,Muntro,Mayagil,Outer Rim Territories,N-18,N,18
sw-03717,Muntuur,Sloo,Mid Rim,P-14,P,14
sw-03718,Mupin,Rocantor,Expansion Region,L-15,L,15
sw-03719,Muqular,Montitian Grant,Expansion Region,J-15,J,15
sw-03720,Murakam,,Deep Core,M-11,M,11
sw-03721,Murgo,,Wild Space,I-7,I,7
sw-03722,Murk,Zuma (Moddell),Outer Rim Territories,H-16,H,16
sw-03723,Murkhana,Auril,Outer Rim Territories,S-6,S,6
sw-03724,Murninkam,Corva,Outer Rim Territories,O-3,O,3
sw-03725,Musca,Merthian,Expansion Region,N-14,N,14
sw-03726,Muskree,Colundra,Outer Rim Territories,S-5,S,5
sw-03727,Musson,Karthakk,Outer Rim Territories,Q-16,Q,16
sw-03728,Mussubir,Senex,Mid Rim,L-17,L,17
sw-03729,Mustafar,Atravis,Outer Rim Territories,L-19,L,19
sw-03730,Muunilinst,Obtrexta,Outer Rim Territories,K-4,K,4
sw-03731,Muuria,,Inner Rim,M-13,M,13
sw-03732,Muzara,Trestis,Expansion Region,K-8,K,8
sw-03733,Muzzli,Citlik,Expansion Region,O-15,O,15
sw-03734,Mycroft,Fakir,Colonies,K-9,K,9
sw-03735,Mydasos,Dalicron,Outer Rim Territories,K-19,K,19
sw-03736,Mygeeto,Albarrio,Outer Rim Territories,K-5,K,5
sw-03737,Mykapo,Ash Worlds,Outer Rim Territories,T-7,T,7
sw-03738,Mylok,Airam,Outer Rim Territories,L-20,L,20
sw-03739,Mynock 7 Station,Mayagil,Outer Rim Territories,M-18,M,18
sw-03740,Myomar,Deadalis,Expansion Region,J-7,J,7
sw-03741,Myrenia,,Core Worlds,L-9,L,9
sw-03742,Myrkr,,Inner Rim,N-7,N,7
sw-03743,Mytar,Dufilvian,Mid Rim,Q-15,Q,15
sw-03744,Mytaranor,Mytaranor,Mid Rim,P-10,P,10
sw-03745,Mytus,,Wild Space,S-3,S,3
sw-03746,MZX32905,Kanz,Outer Rim Territories,N-4,N,4
sw-03747,N'dian,Spadja,Outer Rim Territories,R-6,R,6
sw-03748,N'ildwab,Tynquay,Outer Rim Territories,Q-4,Q,4
sw-03749,N'zoth,Farlax,Core Worlds,K-10,K,10
sw-03750,Naalol,Spirva,Mid Rim,L-17,L,17
sw-03751,Naator,,Colonies,L-13,L,13
sw-03752,Naboo,Chommell,Mid Rim,O-17,O,17
sw-03753,Nacon,,Deep Core,L-10,L,10
sw-03754,Nacronis,Hollan,Mid Rim,M-7,M,7
sw-03755,Nadaav,,Inner Rim,M-8,M,8
sw-03756,Nadhe,Rolion,Outer Rim Territories,Q-6,Q,6
sw-03757,Nadiem,Baxel,Outer Rim Territories,U-11,U,11
sw-03758,Nadiri,Bormea,Core Worlds,L-9,L,9
sw-03759,Nag Ubdur,Demetras,Outer Rim Territories,P-7,P,7
sw-03760,Nagoa,,Wild Space,O-3,O,3
sw-03761,Nahsu Minor,Ktilac Regions,Inner Rim,N-9,N,9
sw-03762,Najan-Rovi,Brema,Outer Rim Territories,M-17,M,17
sw-03763,Najarka,Rayter,Outer Rim Territories,J-19,J,19
sw-03764,Najiba,Arkanis,Outer Rim Territories,R-17,R,17
sw-03765,Nak Shimor,,Colonies,M-9,M,9
sw-03766,Nakadia,Tregillis,Expansion Region,M-15,M,15
sw-03767,Nakrikal Singularity,Grumani,Outer Rim Territories,N-17,N,17
sw-03768,Nal Hutta,,Hutt Space,S-12,S,12
sw-03769,Nal Kapok,Taldot,Mid Rim,Q-9,Q,9
sw-03770,Naldar,Phelleem,Outer Rim Territories,S-7,S,7
sw-03771,Nalrith,Rseik,Outer Rim Territories,N-20,N,20
sw-03772,Nalyd,Tharin,Outer Rim Territories,S-7,S,7
sw-03773,Nam Chorios,Meridian,Outer Rim Territories,R-6,R,6
sw-03774,Nam Priax,Nilgaard,Outer Rim Territories,S-5,S,5
sw-03775,Nam'ta,Atrivis,Outer Rim Territories,L-5,L,5
sw-03776,Namadii,Churnis,Mid Rim,I-6,I,6
sw-03777,Nameel,Mytaranor,Mid Rim,Q-10,Q,10
sw-03778,Namore,,Colonies,L-13,L,13
sw-03779,Namzor,Esuain,Mid Rim,P-7,P,7
sw-03780,Nanta-Ri,Farlax,Core Worlds,K-10,K,10
sw-03781,Nantama,Senex,Mid Rim,L-17,L,17
sw-03782,Nanth'ri,Kurost,Mid Rim,Q-12,Q,12
sw-03783,Nantoon,,Colonies,M-13,M,13
sw-03784,Nantuker,Hapes Cluster,Inner Rim,O-9,O,9
sw-03785,Naos,,Wild Space,S-18,S,18
sw-03786,Naplousea,Tynquay,Outer Rim Territories,R-4,R,4
sw-03787,Naporar,Chiss Space*,Unknown Regions,F-8,F,8
sw-03788,Naps Fral Cluster,Ferra,Outer Rim Territories,S-16,S,16
sw-03789,Nar Bo Sholla,,Hutt Space,R-10,R,10
sw-03790,Nar Chunna,,Hutt Space,S-10,S,10
sw-03791,Nar Haaska,,Hutt Space,T-11,T,11
sw-03792,Nar Kaaga,,Hutt Space,S-13,S,13
sw-03793,Nar Kanji,Suolriep,Outer Rim Territories,S-9,S,9
sw-03794,Nar Kreeta,,Hutt Space,S-10,S,10
sw-03795,Nara,,Colonies,L-9,L,9
sw-03796,Naraka,Phelleem,Outer Rim Territories,S-7,S,7
sw-03797,Naran-Shiv,Tacuni,Expansion Region,O-15,O,15
sw-03798,Naratar,Wornal,Mid Rim,K-16,K,16
sw-03799,Narg,Rayter,Outer Rim Territories,J-19,J,19
sw-03800,Narigus,Belsmuth,Outer Rim Territories,O-6,O,6
sw-03801,Narkina,Abrion,Outer Rim Territories,S-15,S,15
sw-03802,Narq,,Colonies,N-11,N,11
sw-03803,Narragader,Kibilini,Outer Rim Territories,Q-17,Q,17
sw-03804,Narrant,Narrant,Mid Rim,J-17,J,17
sw-03805,Nars,Senex,Mid Rim,L-17,L,17
sw-03806,Narth,Mayagil,Outer Rim Territories,N-18,N,18
sw-03807,Narvath,Narvath,Expansion Region,O-14,O,14
sw-03808,Natalon,Piryn Shar,Expansion Region,K-16,K,16
sw-03809,Nath Goordi,Tennuutta,Mid Rim,Q-7,Q,7
sw-03810,Nathas,Questal,Core Worlds,J-12,J,12
sw-03811,Nathema,Chorlian,Outer Rim Territories,S-4,S,4
sw-03812,Natinati,,Wild Space,S-4,S,4
sw-03813,Nativum,Halla,Mid Rim,R-9,R,9
sw-03814,Nauton,Taldot,Mid Rim,Q-9,Q,9
sw-03815,Nazzri,Lantillian,Mid Rim,P-9,P,9
sw-03816,NCW-781,,Wild Space,H-18,H,18
sw-03817,Nea Dajanam,Sern,Colonies,L-13,L,13
sw-03818,Near Indosa,Gordian Reach,Outer Rim Territories,P-6,P,6
sw-03819,Near Pando,,Hutt Space,S-14,S,14
sw-03820,Neary,Calaron,Outer Rim Territories,T-9,T,9
sw-03821,Nebula Forso,Meram,Outer Rim Territories,P-4,P,4
sw-03822,Necr'ygor,Chommell,Mid Rim,O-16,O,16
sw-03823,Necropolis,Zuma (Sugai),Outer Rim Territories,H-16,H,16
sw-03824,Nedij,Samix,Outer Rim Territories,Q-19,Q,19
sw-03825,Needan,,Wild Space,I-20,I,20
sw-03826,Neelabi,Kibilini,Outer Rim Territories,Q-17,Q,17
sw-03827,Neelanon,Senex,Mid Rim,L-17,L,17
sw-03828,Neelgaimon,Xappyh,Outer Rim Territories,Q-3,Q,3
sw-03829,Nefitifi,Wazta,Outer Rim Territories,J-18,J,18
sw-03830,Nefri,Ciutric,Outer Rim Territories,N-5,N,5
sw-03831,Neijaia,Majoor,Expansion Region,N-15,N,15
sw-03832,Neimoidia,Quellor,Colonies,M-10,M,10
sw-03833,Neka,Raioballo,Outer Rim Territories,L-4,L,4
sw-03834,Nela-Ray,Kalamith,Outer Rim Territories,P-5,P,5
sw-03835,Nelfrus,Elrood,Outer Rim Territories,M-20,M,20
sw-03836,Nelgenam,Tashtor,Mid Rim,I-16,I,16
sw-03837,Nella,Tapani,Colonies,L-13,L,13
sw-03838,Nellac Kram,Bon'nyuw-Luq,Outer Rim Territories,N-18,N,18
sw-03839,Nelvaan,Savareen,Outer Rim Territories,Q-16,Q,16
sw-03840,Nelvana Gas Cluster,Iskin,Mid Rim,O-16,O,16
sw-03841,Nentan,Glythe,Mid Rim,K-7,K,7
sw-03842,Neoli,,Wild Space,O-20,O,20
sw-03843,Neona,Tapani,Colonies,L-13,L,13
sw-03844,Nepotis,Calaron,Outer Rim Territories,T-9,T,9
sw-03845,Nepoy,Senex,Mid Rim,L-17,L,17
sw-03846,Neral,Corellian,Core Worlds,M-11,M,11
sw-03847,Neree,Suolriep,Outer Rim Territories,S-9,S,9
sw-03848,Nerria,Suolriep,Outer Rim Territories,S-9,S,9
sw-03849,Nerrif,Vilonis,Mid Rim,O-16,O,16
sw-03850,Neshei,Neshei,Expansion Region,J-8,J,8
sw-03851,Neshtab,Quohag,Inner Rim,K-8,K,8
sw-03852,Neskar,Tashtor,Mid Rim,I-16,I,16
sw-03853,Nessem,Lostar,Expansion Region,M-8,M,8
sw-03854,Netalych,,Inner Rim,N-14,N,14
sw-03855,Netolio,Tapani,Colonies,L-13,L,13
sw-03856,Nettehi,Paataatus Hiveborn*,Unknown Regions,F-9,F,9
sw-03857,Neutra,Oeiros,Expansion Region,P-10,P,10
sw-03858,Neuvia,,Colonies,L-9,L,9
sw-03859,Nevarro,Dalicron,Outer Rim Territories,K-20,K,20
sw-03860,New Agamar,Sprizen,Outer Rim Territories,N-5,N,5
sw-03861,New Alderaan,Ash Worlds,Outer Rim Territories,T-6,T,6
sw-03862,New Apsolon,Terr'skiar,Mid Rim,P-10,P,10
sw-03863,New Ator,Arkanis,Outer Rim Territories,R-16,R,16
sw-03864,New Bakstre,Cassander (Tendrannan),Outer Rim Territories,K-5,K,5
sw-03865,New Balosar,Arc d'Stot,Expansion Region,K-15,K,15
sw-03866,New Bornalex,Belsmuth,Outer Rim Territories,O-6,O,6
sw-03867,New Brampis,,Inner Rim,M-13,M,13
sw-03868,New Brigia,Farlax,Core Worlds,K-10,K,10
sw-03869,New Canistel,Demetras,Outer Rim Territories,P-7,P,7
sw-03870,New Cov,Churba,Mid Rim,P-14,P,14
sw-03871,New Cylimba,D'Aelgoth,Mid Rim,L-17,L,17
sw-03872,New Drev'starn,Thesme,Outer Rim Territories,O-6,O,6
sw-03873,New Heurkea,Calamari,Outer Rim Territories,U-6,U,6
sw-03874,New Holgha,Ciutric,Outer Rim Territories,N-5,N,5
sw-03875,New Holstice,Maldrood,Mid Rim,R-7,R,7
sw-03876,New Javis,Tapani,Colonies,L-13,L,13
sw-03877,New Parsh,Perinn,Outer Rim Territories,J-4,J,4
sw-03878,New Plympto,Corellian,Core Worlds,M-11,M,11
sw-03879,New Polokia,,Inner Rim,M-13,M,13
sw-03880,New Raithal,Annecy,Expansion Region,P-9,P,9
sw-03881,New Ralltiir,Lantillian,Mid Rim,P-8,P,8
sw-03882,New Shella,Tapani,Colonies,L-13,L,13
sw-03883,New Valis,Bri'ahl,Outer Rim Territories,I-17,I,17
sw-03884,Nexator,,Inner Rim,O-10,O,10
sw-03885,Nexer,Prackla,Expansion Region,O-8,O,8
sw-03886,Nexus Ortai,Hertae,Mid Rim,Q-14,Q,14
sw-03887,Nez Peron,D'Astan,Outer Rim Territories,O-5,O,5
sw-03888,Nezni,Mayagil,Outer Rim Territories,N-18,N,18
sw-03889,Nfolgai,Esstran (Sith Worlds),Outer Rim Territories,R-4,R,4
sw-03890,Nharqis'l,Veragi,Outer Rim Territories,K-2,K,2
sw-03891,Niamos,Vorzyd,Outer Rim Territories,R-6,R,6
sw-03892,Nibiru,Zuma (Kakani),Outer Rim Territories,H-16,H,16
sw-03893,Nicandra,Nicandra,Mid Rim,M-7,M,7
sw-03894,Nichen,Morshdine,Outer Rim Territories,N-4,N,4
sw-03895,Nicht Ka,Esstran (Sith Worlds),Outer Rim Territories,R-5,R,5
sw-03896,Niele,,Colonies,K-13,K,13
sw-03897,Nierport,,Colonies,L-8,L,8
sw-03898,Nieuth,Wyloff,Colonies,L-8,L,8
sw-03899,Nigel,Kira,Expansion Region,N-16,N,16
sw-03900,Nightsend,Phelleem,Outer Rim Territories,S-7,S,7
sw-03901,Nightside,Sertar,Outer Rim Territories,R-5,R,5
sw-03902,Niian,Thaere,Expansion Region,O-14,O,14
sw-03903,Nijune,Nijune,Outer Rim Territories,N-5,N,5
sw-03904,Nilash,Grumani,Outer Rim Territories,M-17,M,17
sw-03905,Nilg,Alderath,Mid Rim,L-7,L,7
sw-03906,Nilgaria,Masla,Mid Rim,J-16,J,16
sw-03907,Nim Drovis,Meridian,Outer Rim Territories,R-7,R,7
sw-03908,Nimat,Tharin,Outer Rim Territories,T-8,T,8
sw-03909,Nimba,,Wild Space,T-17,T,17
sw-03910,Nimban,,Hutt Space,S-10,S,10
sw-03911,Nimgorrhea,Yminis,Outer Rim Territories,S-14,S,14
sw-03912,Nimia,,Hutt Space,S-9,S,9
sw-03913,Ningoth,Karthakk,Outer Rim Territories,Q-16,Q,16
sw-03914,Ninn,Corporate Sector,Outer Rim Territories,R-3,R,3
sw-03915,Ninzam,Ryndellian,Mid Rim,P-17,P,17
sw-03916,Niorven,Lambda,Mid Rim,P-16,P,16
sw-03917,Niran,Tunka,Outer Rim Territories,I-18,I,18
sw-03918,Nirauan,,Wild Space,I-5,I,5
sw-03919,Nirellia,Oktos,Mid Rim,Q-11,Q,11
sw-03920,Niro,Circarpous,Expansion Region,O-12,O,12
sw-03921,Nishmar,,Wild Space,G-15,G,15
sw-03922,Nishr,Hunnoverrs,Outer Rim Territories,R-17,R,17
sw-03923,Nista,Tapani,Colonies,L-13,L,13
sw-03924,Nithorni,,Colonies,K-8,K,8
sw-03925,Nivek,Citlik,Expansion Region,O-14,O,14
sw-03926,Nixor,Eclorar,Mid Rim,Q-12,Q,12
sw-03927,Nixus,Parmic,Outer Rim Territories,P-18,P,18
sw-03928,Nkllon,Alchenaut,Expansion Region,L-16,L,16
sw-03929,No-ad,Bryx,Mid Rim,R-7,R,7
sw-03930,Noaxson,Oricho,Outer Rim Territories,M-6,M,6
sw-03931,Nocto,Airam,Outer Rim Territories,L-20,L,20
sw-03932,Noctralis,Ehosiq,Expansion Region,L-8,L,8
sw-03933,Noctu,,Colonies,J-13,J,13
sw-03934,Nodgra,Airam,Outer Rim Territories,L-20,L,20
sw-03935,Noe'ha'on,Piryn Shar,Expansion Region,K-16,K,16
sw-03936,Nojic,Nojic,Expansion Region,O-9,O,9
sw-03937,Nolar,,Inner Rim,N-8,N,8
sw-03938,Nomaria,Suolriep,Outer Rim Territories,S-8,S,8
sw-03939,Nomlis,Vilonis,Mid Rim,O-16,O,16
sw-03940,Noola,Relgim,Outer Rim Territories,L-5,L,5
sw-03941,Nooli,Noolian,Mid Rim,Q-13,Q,13
sw-03942,Noomis Riga,Yminis,Outer Rim Territories,S-14,S,14
sw-03943,Noonar,Noonian,Outer Rim Territories,M-6,M,6
sw-03944,"Noopiths, The",Bozhnee,Outer Rim Territories,L-18,L,18
sw-03945,Noori,Noori,Expansion Region,O-10,O,10
sw-03946,Nooroyo,Cadavine,Outer Rim Territories,P-17,P,17
sw-03947,Nopachi,,Core Worlds,M-10,M,10
sw-03948,Nopces,Bormea,Core Worlds,L-9,L,9
sw-03949,Nopsin,,Mid Rim,I-15,I,15
sw-03950,Noquivzor,,Colonies,K-9,K,9
sw-03951,Nora,Belshar,Mid Rim,J-7,J,7
sw-03952,Norah,,Inner Rim,L-14,L,14
sw-03953,Norat,Farlax,Core Worlds,K-10,K,10
sw-03954,Norclune,,Colonies,L-8,L,8
sw-03955,Nord,Kanz,Outer Rim Territories,N-4,N,4
sw-03956,Nordis Prime,Vatha,Mid Rim,K-16,K,16
sw-03957,Nordra,,Inner Rim,N-14,N,14
sw-03958,Noremac,Kanz,Outer Rim Territories,N-4,N,4
sw-03959,Noris,Chiss Space*,Unknown Regions,F-8,F,8
sw-03960,Norkronia,,Core Worlds,K-10,K,10
sw-03961,Norne,,Core Worlds,K-10,K,10
sw-03962,Norsid,Rseik,Outer Rim Territories,N-19,N,19
sw-03963,Norulac,,Inner Rim,O-9,O,9
sw-03964,Norval,Calaron,Outer Rim Territories,T-9,T,9
sw-03965,Noryath,Nuiri,Outer Rim Territories,Q-6,Q,6
sw-03966,Noryokon,,Inner Rim,K-8,K,8
sw-03967,Nosken,Prefsbelt,Outer Rim Territories,J-6,J,6
sw-03968,Notak,Doldur,Mid Rim,P-15,P,15
sw-03969,Nothoiin,Javin (Anoat),Outer Rim Territories,K-18,K,18
sw-03970,Notonia,Illisurevimurasi,Outer Rim Territories,Q-4,Q,4
sw-03971,Nouane,Nouane,Inner Rim,N-8,N,8
sw-03972,Noult,,Core Worlds,L-12,L,12
sw-03973,Nova Garon,Rayter,Outer Rim Territories,J-19,J,19
sw-03974,Novar,Lostar,Expansion Region,M-8,M,8
sw-03975,Novi,Hapes Cluster,Inner Rim,O-9,O,9
sw-03976,Novka,Manda,Mid Rim,R-14,R,14
sw-03977,Novoil Cluster,,Colonies,N-12,N,12
sw-03978,Novolek Beacon,Tharin (Periphery),Outer Rim Territories,S-8,S,8
sw-03979,Novor,Tharin,Outer Rim Territories,S-8,S,8
sw-03980,Nuala,Trans-Gascon,Mid Rim,P-7,P,7
sw-03981,Nubia,Corellian,Core Worlds,M-11,M,11
sw-03982,Nuja,Axion,Mid Rim,P-10,P,10
sw-03983,Nulan,Hook Nebula,Outer Rim Territories,O-18,O,18
sw-03984,Null,Trans-Vulta,Mid Rim,N-7,N,7
sw-03985,Numatra,,Core Worlds,L-12,L,12
sw-03986,Numidian Prime,Bright Jewel,Mid Rim,L-7,L,7
sw-03987,Nummunr,Ash Worlds,Outer Rim Territories,S-7,S,7
sw-03988,Nunce,,Core Worlds,L-13,L,13
sw-03989,Nuralee,Tyus,Mid Rim,N-16,N,16
sw-03990,Nurasenti,Abrion,Outer Rim Territories,S-15,S,15
sw-03991,Nuswatta,Cronese Mandate,Outer Rim Territories,S-6,S,6
sw-03992,Nuvar,Dustig,Mid Rim,N-17,N,17
sw-03993,Nux,Endocray,Mid Rim,R-14,R,14
sw-03994,Nwarcol,Tharin (Periphery),Outer Rim Territories,S-8,S,8
sw-03995,Nyara,,Inner Rim,L-8,L,8
sw-03996,Nyarikan Nebula,Msst,Mid Rim,P-7,P,7
sw-03997,Nyasko,Phelleem (Colunda),Outer Rim Territories,S-7,S,7
sw-03998,Nyemari,Meridian,Outer Rim Territories,R-6,R,6
sw-03999,Nymalia,Eidoloni,Mid Rim,M-17,M,17
sw-04000,Nyny,Ash Worlds,Outer Rim Territories,T-7,T,7
sw-04001,Nyonpur,Daimar,Mid Rim,Q-16,Q,16
sw-04002,Nyriaan,Trans-Vulta,Mid Rim,N-7,N,7
sw-04003,Nyssa,Tapani,Colonies,L-13,L,13
sw-04004,Nysza,Dalchon,Outer Rim Territories,R-17,R,17
sw-04005,O'reen,,Unknown Regions,H-13,H,13
sw-04006,Oaka Prime,,Inner Rim,J-8,J,8
sw-04007,Oba Diah,Kessel,Outer Rim Territories,T-10,T,10
sw-04008,Obana,Arkanis,Outer Rim Territories,R-16,R,16
sw-04009,Obas,Andirma,Expansion Region,L-15,L,15
sw-04010,Obelia,Tapani,Colonies,L-13,L,13
sw-04011,Oben,,Wild Space,J-4,J,4
sw-04012,Obica,Grumani,Outer Rim Territories,M-17,M,17
sw-04013,Obinipor,Demetras,Outer Rim Territories,P-7,P,7
sw-04014,Obran Cluster,Videnda,Outer Rim Territories,L-18,L,18
sw-04015,Obredaan,Irishi,Mid Rim,K-6,K,6
sw-04016,Obroa-skai,,Inner Rim,N-8,N,8
sw-04017,Obsidia,,Unknown Regions,G-7,G,7
sw-04018,Obulette,Tapani,Colonies,L-13,L,13
sw-04019,Obumubo,,Core Worlds,L-13,L,13
sw-04020,Obus,,Wild Space,I-4,I,4
sw-04021,Ocahont,Alui,Mid Rim,N-17,N,17
sw-04022,Ochotl,Airam,Outer Rim Territories,L-20,L,20
sw-04023,Ocktai,Kriz,Outer Rim Territories,K-19,K,19
sw-04024,Ocsin,Corporate Sector,Outer Rim Territories,S-3,S,3
sw-04025,Octavia,Nicandra,Mid Rim,M-7,M,7
sw-04026,Octero,Portmoak,Outer Rim Territories,P-18,P,18
sw-04027,Odacer-Faustin,Esstran (Sith Worlds),Outer Rim Territories,Q-5,Q,5
sw-04028,Odessen,,Wild Space,G-11,G,11
sw-04029,Odik,,Deep Core,K-11,K,11
sw-04030,Odona,Tolonda,Outer Rim Territories,Q-17,Q,17
sw-04031,Odos,Meridian,Outer Rim Territories,R-7,R,7
sw-04032,Odryn,Noonian,Outer Rim Territories,N-7,N,7
sw-04033,Odynnia Gavo,Bryx,Mid Rim,R-7,R,7
sw-04034,Oetchi,Bon'nyuw-Luq,Outer Rim Territories,N-17,N,17
sw-04035,Oetrago,Mayagil,Outer Rim Territories,M-18,M,18
sw-04036,Off-Canau,,Colonies,N-12,N,12
sw-04037,Ogden Minor,Maerdocian,Mid Rim,Q-12,Q,12
sw-04038,Ogem,D'Aelgoth,Mid Rim,L-17,L,17
sw-04039,Oggustus Nebula,Kira,Expansion Region,N-15,N,15
sw-04040,Ogoth Tiir,Atravis,Outer Rim Territories,L-19,L,19
sw-04041,Ohratuu,Piryn Shar,Expansion Region,K-16,K,16
sw-04042,OHS1782-03,Ash Worlds,Outer Rim Territories,T-7,T,7
sw-04043,OHS2132-04,Ash Worlds,Outer Rim Territories,T-7,T,7
sw-04044,OHS3842-03,Ash Worlds,Outer Rim Territories,T-7,T,7
sw-04045,OHS4140-02,Ash Worlds,Outer Rim Territories,T-7,T,7
sw-04046,Ojom,,Deep Core,M-11,M,11
sw-04047,Okator,Eucer,Mid Rim,Q-7,Q,7
sw-04048,Oko E,Wazta,Outer Rim Territories,J-18,J,18
sw-04049,Oktaro,Lannik Space,Mid Rim,R-13,R,13
sw-04050,Oktos Nebula,,Hutt Space,R-12,R,12
sw-04051,Okyaab,Ojoster,Outer Rim Territories,N-7,N,7
sw-04052,Olabria,Seitia,Outer Rim Territories,J-20,J,20
sw-04053,Olanji,Hapes Cluster,Inner Rim,O-9,O,9
sw-04054,Old Barag,Epsi Collective,Expansion Region,M-15,M,15
sw-04055,Old Mankoo,Quess,Mid Rim,N-17,N,17
sw-04056,Oligtaz,,Core Worlds,L-12,L,12
sw-04057,Oliu,Jubilar,Outer Rim Territories,T-7,T,7
sw-04058,Omaka,Dalchon,Outer Rim Territories,R-17,R,17
sw-04059,Omar,,Colonies,K-13,K,13
sw-04060,Omereth,Albanin,Outer Rim Territories,U-13,U,13
sw-04061,Omiddelon,Halla,Mid Rim,S-9,S,9
sw-04062,Omman,Tion Hegemony,Outer Rim Territories,S-6,S,6
sw-04063,Omman Minor,Kibilini,Outer Rim Territories,Q-17,Q,17
sw-04064,Omonoth,,Inner Rim,M-8,M,8
sw-04065,Ompersan,Prefsbelt,Outer Rim Territories,K-5,K,5
sw-04066,Omphalos,Venaarian,Mid Rim,O-7,O,7
sw-04067,Omwat,Garis,Outer Rim Territories,N-18,N,18
sw-04068,Onadax,Minos Cluster,Outer Rim Territories,M-20,M,20
sw-04069,Onatos,Onatos,Mid Rim,R-15,R,15
sw-04070,Ondara,Lantillian,Mid Rim,P-8,P,8
sw-04071,Onderia,,Inner Rim,M-13,M,13
sw-04072,Onderon,Japrael,Inner Rim,O-9,O,9
sw-04073,Ondo,,Colonies,N-12,N,12
sw-04074,Ondos,,Core Worlds,K-10,K,10
sw-04075,Ongary,Ividal,Mid Rim,P-14,P,14
sw-04076,Ongella,,Inner Rim,N-10,N,10
sw-04077,Onod,Irnaj,Mid Rim,K-17,K,17
sw-04078,Ontotho,Nembus,Outer Rim Territories,P-4,P,4
sw-04079,Ookbat,Kastolar,Mid Rim,Q-10,Q,10
sw-04080,Ool,Chiss Space*,Unknown Regions,E-8,E,8
sw-04081,Oolex Pulsar,Sumitra,Expansion Region,N-7,N,7
sw-04082,Oolidi,Hythrope,Expansion Region,M-16,M,16
sw-04083,Ooloponi,Bes Ber Bikade,Expansion Region,L-15,L,15
sw-04084,Oon,Lothal,Outer Rim Territories,U-7,U,7
sw-04085,Oon Tien,Kathol,Outer Rim Territories,M-21,M,21
sw-04086,Ooo-sek,Daimar,Mid Rim,Q-16,Q,16
sw-04087,Ooo-temiuk,Arkanis,Outer Rim Territories,R-16,R,16
sw-04088,Oor,Cronese Mandate,Outer Rim Territories,S-6,S,6
sw-04089,Oordo,Strabin,Mid Rim,M-7,M,7
sw-04090,Oorn Tchis,Lahara,Outer Rim Territories,M-5,M,5
sw-04091,Oosalon,Baxel,Outer Rim Territories,U-12,U,12
sw-04092,Ootoo Prime,Tungra,Outer Rim Territories,K-18,K,18
sw-04093,Ootoola,Morshdine,Outer Rim Territories,O-5,O,5
sw-04094,Oovo,Tharin,Outer Rim Territories,S-8,S,8
sw-04095,Oovri,Tungra,Outer Rim Territories,K-18,K,18
sw-04096,Opari,Dustig,Mid Rim,N-16,N,16
sw-04097,Opatajji,Alsaka,Core Worlds,L-9,L,9
sw-04098,Open Sea,Centrality,Outer Rim Territories,U-8,U,8
sw-04099,Ophideraan,,Colonies,K-13,K,13
sw-04100,Opiteihr,Var Hagen,Mid Rim,M-16,M,16
sw-04101,Opitha Tren,,Mid Rim,J-15,J,15
sw-04102,Oplovis,Oplovis,Outer Rim Territories,M-5,M,5
sw-04103,Opop Hibbedit,Sevastol,Mid Rim,Q-14,Q,14
sw-04104,OR-Kappa-2722,Lahara,Outer Rim Territories,M-5,M,5
sw-04105,Oracaia,Dantus,Outer Rim Territories,J-6,J,6
sw-04106,Oranessan,Grumani,Outer Rim Territories,M-17,M,17
sw-04107,Orax,Subterrel,Outer Rim Territories,L-20,L,20
sw-04108,Orchis,,Inner Rim,N-8,N,8
sw-04109,Ord Adinorr,Meridian,Outer Rim Territories,R-7,R,7
sw-04110,Ord Antalaha,,Colonies,L-8,L,8
sw-04111,Ord Biniir,Relgim,Outer Rim Territories,L-5,L,5
sw-04112,Ord Bueri,Nilgaard,Outer Rim Territories,S-5,S,5
sw-04113,Ord Canfre,Cassander,Outer Rim Territories,K-5,K,5
sw-04114,Ord Cantrell,Fath,Outer Rim Territories,K-6,K,6
sw-04115,Ord Celbus,Karthakk,Outer Rim Territories,Q-16,Q,16
sw-04116,Ord Cestus,D'Astan,Outer Rim Territories,O-6,O,6
sw-04117,Ord Dalet,Sertar,Outer Rim Territories,R-5,R,5
sw-04118,Ord Dorlass,Iskin,Mid Rim,O-16,O,16
sw-04119,Ord Dycoll,Lannik Wilds,Mid Rim,R-13,R,13
sw-04120,Ord Fanthal,Ojoster,Outer Rim Territories,O-7,O,7
sw-04121,Ord Gimmel,Ado,Mid Rim,M-17,M,17
sw-04122,Ord Grovner,Khuiumin,Outer Rim Territories,O-18,O,18
sw-04123,Ord Gustald,Mytaranor,Mid Rim,Q-9,Q,9
sw-04124,Ord Hout,Brema,Outer Rim Territories,M-17,M,17
sw-04125,Ord Ibanna,Brema,Outer Rim Territories,M-17,M,17
sw-04126,Ord Ivarn,Hakartha,Expansion Region,L-16,L,16
sw-04127,Ord Janon,Spinward,Outer Rim Territories,N-2,N,2
sw-04128,Ord Klina,Klina,Outer Rim Territories,S-13,S,13
sw-04129,Ord Lithone,,Inner Rim,L-8,L,8
sw-04130,Ord Lonesome,Albanin,Outer Rim Territories,T-12,T,12
sw-04131,Ord Mantell,Bright Jewel,Mid Rim,L-7,L,7
sw-04132,Ord Marsax,Belderone,Outer Rim Territories,R-6,R,6
sw-04133,Ord Mynock,Prefsbelt,Outer Rim Territories,K-6,K,6
sw-04134,Ord Namurt,Tharin,Outer Rim Territories,S-8,S,8
sw-04135,Ord Ortag,,Hutt Space,S-13,S,13
sw-04136,Ord Pardron,Dufilvian,Mid Rim,R-15,R,15
sw-04137,Ord Pentala,,Inner Rim,K-14,K,14
sw-04138,Ord Radama,Esstran,Outer Rim Territories,Q-5,Q,5
sw-04139,Ord Sabaok,,Core Worlds,J-13,J,13
sw-04140,Ord Sedra,Clacis,Outer Rim Territories,K-4,K,4
sw-04141,Ord Segra,Dufilvian,Mid Rim,Q-15,Q,15
sw-04142,Ord Sigatt,Noonian,Outer Rim Territories,N-6,N,6
sw-04143,Ord Simres,Brema,Outer Rim Territories,M-17,M,17
sw-04144,Ord Tellarom,Suolriep,Outer Rim Territories,S-8,S,8
sw-04145,Ord Tessebok,Irishi,Mid Rim,K-6,K,6
sw-04146,Ord Thabl,Elochar,Mid Rim,R-9,R,9
sw-04147,Ord Thoden,Dynali,Outer Rim Territories,J-4,J,4
sw-04148,Ord Tiddell,Tennuutta,Mid Rim,Q-7,Q,7
sw-04149,Ord Torrenze,Sertar,Outer Rim Territories,S-5,S,5
sw-04150,Ord Traga,Tragan Cluster,Outer Rim Territories,N-5,N,5
sw-04151,Ord Trasi,Relgim,Outer Rim Territories,L-4,L,4
sw-04152,Ord Varee,Belshar,Mid Rim,J-7,J,7
sw-04153,Ord Vaug,Rocantor,Expansion Region,L-15,L,15
sw-04154,Ord Vaxal,Callia,Inner Rim,N-13,N,13
sw-04155,Ord Wylan,Oktos,Mid Rim,R-12,R,12
sw-04156,Ord Yndar,Esaga,Mid Rim,Q-11,Q,11
sw-04157,Ord Zat,Jospro,Outer Rim Territories,S-7,S,7
sw-04158,Ord Zeuol,Vilonis,Mid Rim,O-16,O,16
sw-04159,Ord Zynthar,Lambda,Mid Rim,P-16,P,16
sw-04160,Ordnandell,Kastolar,Mid Rim,R-10,R,10
sw-04161,Ordo,Mandalore,Outer Rim Territories,O-7,O,7
sw-04162,Ordo Eris,Chorlian,Outer Rim Territories,S-4,S,4
sw-04163,Ordo Moon,Bortele,Mid Rim,R-8,R,8
sw-04164,Ordo Tera,Belasco,Expansion Region,P-11,P,11
sw-04165,Oreenda Fayett,,Colonies,L-13,L,13
sw-04166,Orelon,Hapes Cluster,Inner Rim,O-9,O,9
sw-04167,"Orgri, The",Jubilar,Outer Rim Territories,T-7,T,7
sw-04168,Oricho,Oricho,Outer Rim Territories,M-6,M,6
sw-04169,Oricon,Corva,Outer Rim Territories,P-3,P,3
sw-04170,Oridol Cluster,Rolion,Outer Rim Territories,P-7,P,7
sw-04171,Orimanther,Quelii,Outer Rim Territories,O-6,O,6
sw-04172,Orinackra,,Wild Space,J-3,J,3
sw-04173,Orinca,Tunka,Outer Rim Territories,I-19,I,19
sw-04174,Orinda,Irishi,Mid Rim,K-6,K,6
sw-04175,Oriolanis,Oriolan,Mid Rim,J-16,J,16
sw-04176,Orion,Tion Hegemony,Outer Rim Territories,T-6,T,6
sw-04177,Orish,Brema,Outer Rim Territories,M-17,M,17
sw-04178,Oristrom,,Unknown Regions,I-5,I,5
sw-04179,Orixon Nebula,Phelleem,Outer Rim Territories,S-7,S,7
sw-04180,Orkellia,Haserian,Mid Rim,Q-15,Q,15
sw-04181,Orko,Videnda,Outer Rim Territories,L-18,L,18
sw-04182,Orleon,Talcene,Mid Rim,Q-8,Q,8
sw-04183,Orma,Brak,Expansion Region,O-14,O,14
sw-04184,Orn Kios,Javin (Yarith),Outer Rim Territories,K-18,K,18
sw-04185,Ornfra,Chiss Space*,Unknown Regions,F-8,F,8
sw-04186,Oro Sankeria,Tharin,Outer Rim Territories,S-7,S,7
sw-04187,Orocco,Ottega,Mid Rim,M-7,M,7
sw-04188,Orondia,,Hutt Space,S-11,S,11
sw-04189,Orooturoo,Farlax,Core Worlds,K-10,K,10
sw-04190,Orowat,Myto,Outer Rim Territories,K-4,K,4
sw-04191,Orra,D'Astan,Outer Rim Territories,O-5,O,5
sw-04192,Orranana,Cadma,Outer Rim Territories,T-8,T,8
sw-04193,Orrik,Dalicron,Outer Rim Territories,K-19,K,19
sw-04194,Orroman,,Wild Space,I-14,I,14
sw-04195,Orron,Corporate Sector,Outer Rim Territories,S-4,S,4
sw-04196,Orryxia,Seswenna,Outer Rim Territories,M-18,M,18
sw-04197,Orsis,Haserian,Mid Rim,Q-15,Q,15
sw-04198,Orthellin,Binarran Cloud,Colonies,M-9,M,9
sw-04199,Orto,Sluis,Outer Rim Territories,M-19,M,19
sw-04200,Orto Norwe,Trans-Vulta,Mid Rim,N-7,N,7
sw-04201,Oru,Veragi,Outer Rim Territories,L-3,L,3
sw-04202,Orvax,Dalchon,Outer Rim Territories,R-17,R,17
sw-04203,Osadia,,Core Worlds,K-10,K,10
sw-04204,Osara,,Inner Rim,K-8,K,8
sw-04205,Oseon,Centrality,Outer Rim Territories,T-8,T,8
sw-04206,Oshetti,Aparo,Outer Rim Territories,R-3,R,3
sw-04207,Oshira,Vilonis,Mid Rim,O-16,O,16
sw-04208,Oshora,Tolonda,Outer Rim Territories,Q-17,Q,17
sw-04209,Osirrag,Elrood,Outer Rim Territories,M-20,M,20
sw-04210,Osisis Station,Regani,Inner Rim,M-8,M,8
sw-04211,Oslumpex,Corporate Sector,Outer Rim Territories,S-4,S,4
sw-04212,Osmani,Senex,Mid Rim,L-18,L,18
sw-04213,Ossel,Bozhnee,Outer Rim Territories,L-18,L,18
sw-04214,Osseriton,,Unknown Regions,G-9,G,9
sw-04215,Ossi,Mezeg,Mid Rim,N-7,N,7
sw-04216,Ossiathora,Juvex,Mid Rim,L-17,L,17
sw-04217,Osskorn,Tyan,Mid Rim,L-6,L,6
sw-04218,Osssorck Nebulae,,Core Worlds,J-12,J,12
sw-04219,Ossus,Auril,Outer Rim Territories,R-6,R,6
sw-04220,Ostega,Grohl,Outer Rim Territories,R-15,R,15
sw-04221,Ostor,Koradin,Outer Rim Territories,I-18,I,18
sw-04222,Ota,Mytaranor,Mid Rim,Q-10,Q,10
sw-04223,Otavon,Hollan,Mid Rim,M-7,M,7
sw-04224,Oteroa,Corthenia,Mid Rim,K-7,K,7
sw-04225,Otomok,Prefsbelt,Outer Rim Territories,K-6,K,6
sw-04226,Otor's Hub,Ojoster,Outer Rim Territories,N-7,N,7
sw-04227,Otranto,Nembus,Outer Rim Territories,P-4,P,4
sw-04228,Ottabesk,,Deep Core,M-11,M,11
sw-04229,Ottethan,Halthor,Outer Rim Territories,M-6,M,6
sw-04230,Ottinger,Perinn,Outer Rim Territories,J-4,J,4
sw-04231,Otunia,Bosph,Outer Rim Territories,Q-3,Q,3
sw-04232,Oulanne,,Inner Rim,L-14,L,14
sw-04233,Outer Mebarius,,Inner Rim,N-10,N,10
sw-04234,Outland Station,Baxel,Outer Rim Territories,T-12,T,12
sw-04235,Ova,Quelii,Outer Rim Territories,O-6,O,6
sw-04236,Ovanis,Pacanth Reach,Outer Rim Territories,G-16,G,16
sw-04237,Ovise,Zuma (Moddell),Outer Rim Territories,H-16,H,16
sw-04238,Ovissi,Manda,Mid Rim,R-14,R,14
sw-04239,Oyokal,Chiss Space*,Unknown Regions,E-8,E,8
sw-04240,Oznek,Cademimu,Outer Rim Territories,M-6,M,6
sw-04241,Ozri,Far Xandil,Mid Rim,P-16,P,16
sw-04242,Ozu,Javin (Anoat),Outer Rim Territories,K-18,K,18
sw-04243,P'frorin,Bheriz,Outer Rim Territories,U-10,U,10
sw-04244,Pa Tho,,Inner Rim,K-14,K,14
sw-04245,Pa'hir'al,Urce Space,Mid Rim,L-7,L,7
sw-04246,Paarin Minor,Cademimu,Outer Rim Territories,M-6,M,6
sw-04247,Pabu,Chopani,Outer Rim Territories,L-3,L,3
sw-04248,Pacara,,Mid Rim,J-15,J,15
sw-04249,Padua,,Core Worlds,M-12,M,12
sw-04250,Paecia,Quelii,Outer Rim Territories,O-6,O,6
sw-04251,Pagodon,Pelgrin,Outer Rim Territories,R-18,R,18
sw-04252,Paig,Drannik,Expansion Region,K-8,K,8
sw-04253,Paigu,Vorzyd,Outer Rim Territories,R-6,R,6
sw-04254,Paklan,Niuri,Outer Rim Territories,Q-6,Q,6
sw-04255,Paklarn,Abaar,Mid Rim,K-7,K,7
sw-04256,Pako Ramoon,Rayter,Outer Rim Territories,J-19,J,19
sw-04257,Pakrik,Kanchen,Core Worlds,K-9,K,9
sw-04258,Pakuuni,Pakuuni,Outer Rim Territories,T-6,T,6
sw-04259,Pal Goral,Mortex,Outer Rim Territories,R-4,R,4
sw-04260,Palanhi,Fakir,Colonies,K-9,K,9
sw-04261,Palawa,,Core Worlds,L-10,L,10
sw-04262,Palek,Cyrillian Protectorate,Expansion Region,O-12,O,12
sw-04263,Pallaxides,Ojoster,Outer Rim Territories,N-7,N,7
sw-04264,Palliduva,,Wild Space,U-12,U,12
sw-04265,Palmatian,Baronos,Colonies,M-9,M,9
sw-04266,Pam'ba,,Mid Rim,H-15,H,15
sw-04267,Pamaradia,,Colonies,L-8,L,8
sw-04268,Pamarthe,Mayagil,Outer Rim Territories,N-18,N,18
sw-04269,Pamina Prime,,Inner Rim,M-8,M,8
sw-04270,Pammant,Calamari,Outer Rim Territories,U-6,U,6
sw-04271,Pamorjal,Immerian Outback,Expansion Region,N-14,N,14
sw-04272,Panatha,Pacanth Reach,Outer Rim Territories,H-16,H,16
sw-04273,Pandem Nai,Thrasybule,Outer Rim Territories,P-6,P,6
sw-04274,Pandori,Sarin,Outer Rim Territories,O-18,O,18
sw-04275,Panela,,Core Worlds,M-12,M,12
sw-04276,"Pangarees, The",Airam,Outer Rim Territories,L-20,L,20
sw-04277,Panisia,Halthor,Outer Rim Territories,L-6,L,6
sw-04278,Panna,Cronese Mandate,Outer Rim Territories,S-6,S,6
sw-04279,Pantolomin,Dolomar,Core Worlds,K-9,K,9
sw-04280,Pantora,Sujimis,Outer Rim Territories,P-19,P,19
sw-04281,Pantrosian Eye,Endocray,Mid Rim,R-14,R,14
sw-04282,Paonid,,Inner Rim,O-8,O,8
sw-04283,Paqualis,,Inner Rim,L-8,L,8
sw-04284,Paqwepor Major,Paqwepori,Mid Rim,P-15,P,15
sw-04285,Parabaw Station,Jospro,Outer Rim Territories,S-7,S,7
sw-04286,Parada,Hadar,Mid Rim,L-17,L,17
sw-04287,Paradise,Airam,Outer Rim Territories,M-20,M,20
sw-04288,Paradise Station,Gendius,Mid Rim,J-17,J,17
sw-04289,Paramatan,Senex,Mid Rim,L-17,L,17
sw-04290,Parau,Great Agash,Expansion Region,K-15,K,15
sw-04291,Parcelus Major,Parcelus,Expansion Region,O-12,O,12
sw-04292,Parcelus Minor,Parcelus,Expansion Region,O-12,O,12
sw-04293,Parcovey Minor,Hune,Mid Rim,Q-12,Q,12
sw-04294,Parein,Sarin,Outer Rim Territories,O-18,O,18
sw-04295,Pargaux,,Core Worlds,K-12,K,12
sw-04296,Parkella,Elbaran,Mid Rim,J-17,J,17
sw-04297,Parkis,,Colonies,M-10,M,10
sw-04298,Parlatal,Javin (Yarith),Outer Rim Territories,K-18,K,18
sw-04299,Parliock,Ariarch,Mid Rim,J-6,J,6
sw-04300,Parmel,Parmel,Outer Rim Territories,O-18,O,18
sw-04301,Parmic,Parmic,Outer Rim Territories,P-19,P,19
sw-04302,Parnassos,,Unknown Regions,H-6,H,6
sw-04303,Parozha,Dustig,Mid Rim,M-16,M,16
sw-04304,Parshoone,Perinn,Outer Rim Territories,J-4,J,4
sw-04305,Parthovian Cluster,,Wild Space,T-4,T,4
sw-04306,Partold,Instrop,Outer Rim Territories,T-17,T,17
sw-04307,Parwa,Seswenna,Outer Rim Territories,M-18,M,18
sw-04308,Pas'sic,Oricho,Outer Rim Territories,M-5,M,5
sw-04309,Pasa Novo,Onatos,Mid Rim,R-15,R,15
sw-04310,Pasaana,Altier (Ombakand),Expansion Region,O-13,O,13
sw-04311,Pasher,,Inner Rim,M-14,M,14
sw-04312,Pashvi,,Wild Space,I-5,I,5
sw-04313,Pasmin,Cronese Mandate,Outer Rim Territories,S-6,S,6
sw-04314,Pastil,Abrion,Outer Rim Territories,S-15,S,15
sw-04315,Pastoria,Juris,Outer Rim Territories,P-17,P,17
sw-04316,Patch,Cademimu,Outer Rim Territories,M-6,M,6
sw-04317,Pathandr,,Inner Rim,O-8,O,8
sw-04318,Patitite Pattuna,Bright Jewel,Mid Rim,L-7,L,7
sw-04319,Patriim,Seswenna,Outer Rim Territories,M-18,M,18
sw-04320,Patrolia,,Inner Rim,L-14,L,14
sw-04321,Paucris Major,Tamarin,Outer Rim Territories,N-18,N,18
sw-04322,Paulking,Centrality,Outer Rim Territories,U-8,U,8
sw-04323,Pavia,Tapani,Colonies,L-13,L,13
sw-04324,Pavo Prime,,Inner Rim,N-10,N,10
sw-04325,Pax,Kira,Expansion Region,N-16,N,16
sw-04326,PDC3141-02,Trax,Mid Rim,P-10,P,10
sw-04327,Pedd,D'Astan,Outer Rim Territories,O-6,O,6
sw-04328,Pedducis Chorios,Meridian,Outer Rim Territories,R-7,R,7
sw-04329,Pedoria,Bryx,Mid Rim,R-8,R,8
sw-04330,Peg Shar,Halla,Mid Rim,R-8,R,8
sw-04331,Pegg,Tynquay,Outer Rim Territories,R-4,R,4
sw-04332,Peirs,Kathol,Outer Rim Territories,M-21,M,21
sw-04333,Pelagon,Tapani,Colonies,L-13,L,13
sw-04334,Peldon Minor,Cassander,Outer Rim Territories,L-5,L,5
sw-04335,Pelemax,,Colonies,M-9,M,9
sw-04336,Pelgrin,Pelgrin,Outer Rim Territories,R-17,R,17
sw-04337,Pella,Tapani,Colonies,L-13,L,13
sw-04338,Pellastrallas,Agarix,Mid Rim,K-18,K,18
sw-04339,Peluchia,Kurost,Mid Rim,Q-11,Q,11
sw-04340,Pembric,Kathol,Outer Rim Territories,M-21,M,21
sw-04341,Pencael,,Colonies,M-12,M,12
sw-04342,Pendal,Homon,Mid Rim,M-7,M,7
sw-04343,Pendari,Vensensor,Expansion Region,K-16,K,16
sw-04344,Pendarr,Alchenaut,Expansion Region,L-15,L,15
sw-04345,Pendaxa,Jjannex,Outer Rim Territories,K-19,K,19
sw-04346,Penegelen,,Inner Rim,L-14,L,14
sw-04347,Penga,,Inner Rim,N-10,N,10
sw-04348,Pengalan,,Inner Rim,O-8,O,8
sw-04349,Penhalla,Klina,Outer Rim Territories,S-13,S,13
sw-04350,Peppel,Corva,Outer Rim Territories,P-3,P,3
sw-04351,Per Lupelo,,Inner Rim,L-8,L,8
sw-04352,Peragus,Xappyh,Outer Rim Territories,Q-4,Q,4
sw-04353,Pergitor,Minos Cluster,Outer Rim Territories,M-20,M,20
sw-04354,Peridon's Folly,Esaga,Mid Rim,Q-11,Q,11
sw-04355,Perilious,Pelgrin,Outer Rim Territories,R-17,R,17
sw-04356,Perilix,,Colonies,L-9,L,9
sw-04357,Perimako Major,Ash Worlds,Outer Rim Territories,S-7,S,7
sw-04358,Perin,Trianii Space*,Wild Space,R-3,R,3
sw-04359,Perithal,,Inner Rim,N-14,N,14
sw-04360,Perlemia,,Core Worlds,L-9,L,9
sw-04361,Perma,,Core Worlds,M-11,M,11
sw-04362,Permondiri,,Core Worlds,J-13,J,13
sw-04363,Pernam Minor,Minos Cluster,Outer Rim Territories,M-20,M,20
sw-04364,Pernella,Tapani,Colonies,L-13,L,13
sw-04365,Persavi,Taldot,Mid Rim,Q-9,Q,9
sw-04366,Persaya,,Inner Rim,K-8,K,8
sw-04367,Persis,Bes Ber Bikade,Expansion Region,L-15,L,15
sw-04368,Perthrillia,,Colonies,J-13,J,13
sw-04369,Pervi,,Colonies,L-13,L,13
sw-04370,Pervick,Corva,Outer Rim Territories,P-3,P,3
sw-04371,Pesfavri,,Unknown Regions,G-8,G,8
sw-04372,Peshara,,Core Worlds,L-10,L,10
sw-04373,Pesitiin,,Expansion Region,I-8,I,8
sw-04374,Pesmenben,Teraab,Mid Rim,Q-11,Q,11
sw-04375,Pestoriv,,Colonies,N-12,N,12
sw-04376,Petabys Station,Halm,Mid Rim,J-16,J,16
sw-04377,Petrakis,,Inner Rim,O-11,O,11
sw-04378,Petrusia,Nuon e Safyd,Expansion Region,P-12,P,12
sw-04379,Phaeda,Cademimu,Outer Rim Territories,L-6,L,6
sw-04380,Phaegon,Grumani,Outer Rim Territories,N-17,N,17
sw-04381,Phandas,,Deep Core,M-11,M,11
sw-04382,Phaseera,Lantillian,Mid Rim,P-8,P,8
sw-04383,Phateem,,Inner Rim,N-8,N,8
sw-04384,Phatrong,Thrasybule,Outer Rim Territories,P-6,P,6
sw-04385,Phattro,Abrion,Outer Rim Territories,S-15,S,15
sw-04386,Phelarion,Seswenna,Outer Rim Territories,M-18,M,18
sw-04387,Phelbos,Bright Jewel,Mid Rim,L-7,L,7
sw-04388,Phelope,Hapes Cluster,Inner Rim,O-9,O,9
sw-04389,Phelzepham,Esuain,Mid Rim,P-7,P,7
sw-04390,Phemis,Corellian,Core Worlds,M-11,M,11
sw-04391,Pheryon,,Inner Rim,J-8,J,8
sw-04392,Phibia,Haserian,Mid Rim,Q-15,Q,15
sw-04393,Philaxia,Har Worlds,Expansion Region,J-16,J,16
sw-04394,Phindar,Demetras,Outer Rim Territories,P-6,P,6
sw-04395,Phinel's Folly,Auril,Outer Rim Territories,R-7,R,7
sw-04396,Pho Ph'eah,Kalamith,Outer Rim Territories,P-5,P,5
sw-04397,Phoebus,Thanium,Outer Rim Territories,R-6,R,6
sw-04398,Phorliss,Dolomar,Core Worlds,K-9,K,9
sw-04399,Phorose,,Colonies,M-13,M,13
sw-04400,Phorsa Gedd,Dohlbani,Mid Rim,R-13,R,13
sw-04401,Phosphura Belt Nebula,Atravis,Outer Rim Territories,L-20,L,20
sw-04402,Phr'sha,Fei Hu,Mid Rim,P-13,P,13
sw-04403,Phracas,,Core Worlds,J-10,J,10
sw-04404,Phraetiss,Farrfin,Core Worlds,K-9,K,9
sw-04405,Phu,,Colonies,J-13,J,13
sw-04406,Pickerin,Bright Jewel,Mid Rim,L-7,L,7
sw-04407,Picutorion,Kwymar,Outer Rim Territories,Q-4,Q,4
sw-04408,Pieldi,Juvex,Mid Rim,L-18,L,18
sw-04409,Pii,Arkanis,Outer Rim Territories,R-16,R,16
sw-04410,Pijal,,Inner Rim,L-8,L,8
sw-04411,Pil Diller,Quelii,Outer Rim Territories,O-6,O,6
sw-04412,Piluvia,Torch Nebula,Outer Rim Territories,P-19,P,19
sw-04413,Pindra,,Inner Rim,N-9,N,9
sw-04414,Pinett,Elrood,Outer Rim Territories,M-20,M,20
sw-04415,Pinoora,Gordian Reach,Outer Rim Territories,P-6,P,6
sw-04416,Pinperu,Calamari,Outer Rim Territories,U-6,U,6
sw-04417,Pinurquia,Rolion,Outer Rim Territories,Q-7,Q,7
sw-04418,Pioku,Trans-Jardeen,Expansion Region,K-15,K,15
sw-04419,Pion,,Wild Space,H-14,H,14
sw-04420,Pipada,Videnda,Outer Rim Territories,M-18,M,18
sw-04421,Pippip,Illisurevimurasi,Outer Rim Territories,Q-4,Q,4
sw-04422,Pirik,Tharin (Divis Arm),Outer Rim Territories,S-8,S,8
sw-04423,Pirin,Locris,Expansion Region,O-8,O,8
sw-04424,Piroket,Arkanis,Outer Rim Territories,R-16,R,16
sw-04425,Pirol,Farlax,Core Worlds,K-10,K,10
sw-04426,Pirralor,Juvex,Mid Rim,L-18,L,18
sw-04427,Pirsen,Eidoloni,Mid Rim,L-16,L,16
sw-04428,Pitann,Kathol (Outback),Outer Rim Territories,M-21,M,21
sw-04429,Piton,,Core Worlds,K-12,K,12
sw-04430,Pitrillistia,Mieru'kar,Outer Rim Territories,O-3,O,3
sw-04431,Pits of Plooma,Veragi,Outer Rim Territories,L-3,L,3
sw-04432,Piu,Kallea,Outer Rim Territories,K-21,K,21
sw-04433,Pizilis,Terr'skiar,Mid Rim,P-10,P,10
sw-04434,Pizkoss,,Core Worlds,K-10,K,10
sw-04435,Pkihantri,,Core Worlds,L-12,L,12
sw-04436,Pkori,,Wild Space,J-5,J,5
sw-04437,Plavin,,Colonies,L-9,L,9
sw-04438,Plavonia,Kriz,Outer Rim Territories,J-18,J,18
sw-04439,Plazir,,Outer Rim Territories,N-2,N,2
sw-04440,Pleem's Nexus,Mezeg,Mid Rim,N-7,N,7
sw-04441,Pleida,Oricho,Outer Rim Territories,M-6,M,6
sw-04442,Pleknok,,Unknown Regions,G-9,G,9
sw-04443,Plesstil,Veragi,Outer Rim Territories,L-3,L,3
sw-04444,Plexis,,Core Worlds,L-13,L,13
sw-04445,Plin Minor,,Inner Rim,K-14,K,14
sw-04446,Ploo,Ploo,Expansion Region,N-7,N,7
sw-04447,Plood,Pacanth Reach,Outer Rim Territories,G-16,G,16
sw-04448,Plooriod,Ploo,Expansion Region,N-7,N,7
sw-04449,Pluthan,,Wild Space,U-8,U,8
sw-04450,Plympto,Corellian,Core Worlds,M-11,M,11
sw-04451,Poderis,Orus,Inner Rim,M-8,M,8
sw-04452,Polaar,Eidoloni,Mid Rim,L-16,L,16
sw-04453,Polanis,Corellian,Core Worlds,M-11,M,11
sw-04454,Polis Massa,Subterrel,Outer Rim Territories,K-20,K,20
sw-04455,Pollillus,Vannell,Core Worlds,J-10,J,10
sw-04456,Polmanar,Javin (Anoat),Outer Rim Territories,K-18,K,18
sw-04457,Poln,(Candoras),Outer Rim Territories,J-5,J,5
sw-04458,Polneye,Farlax,Core Worlds,K-10,K,10
sw-04459,Polomie,Oriolan,Mid Rim,J-16,J,16
sw-04460,Polordio,Danjar,Outer Rim Territories,M-19,M,19
sw-04461,Polus,Oricho,Outer Rim Territories,M-6,M,6
sw-04462,Polyneus,,Inner Rim,J-14,J,14
sw-04463,Pondakree,,Colonies,N-12,N,12
sw-04464,Pondut Station,Corporate Sector,Outer Rim Territories,S-4,S,4
sw-04465,Ponemah,Zuma (Spar),Outer Rim Territories,H-16,H,16
sw-04466,Ponolapo,Atravis,Outer Rim Territories,L-19,L,19
sw-04467,Ponton,Tharin,Outer Rim Territories,S-8,S,8
sw-04468,Porchello,Elbaran,Mid Rim,J-17,J,17
sw-04469,Poressi,Dantus,Outer Rim Territories,K-6,K,6
sw-04470,Pormthulis,Kira,Expansion Region,N-16,N,16
sw-04471,Porpor,Grohl,Outer Rim Territories,S-16,S,16
sw-04472,Port Bianco,,Colonies,L-13,L,13
sw-04473,Port Evokk,Senex,Mid Rim,L-18,L,18
sw-04474,Port Ferrule,Suolriep (Iotran Expanse),Outer Rim Territories,S-8,S,8
sw-04475,Port Jerrell,Koradin,Outer Rim Territories,J-18,J,18
sw-04476,Port Lasgo,Bheriz,Outer Rim Territories,U-10,U,10
sw-04477,Port Lennax,Ojoster,Outer Rim Territories,N-7,N,7
sw-04478,Port Nowhere,,Wild Space,H-19,H,19
sw-04479,Port Yonder,Pelgrin,Outer Rim Territories,R-18,R,18
sw-04480,Portminia,Sprizen,Outer Rim Territories,N-5,N,5
sw-04481,Portocari,Belmsuth,Outer Rim Territories,O-6,O,6
sw-04482,Porus Vida,,Inner Rim,O-9,O,9
sw-04483,Poseidenna,Calamari,Outer Rim Territories,U-7,U,7
sw-04484,Pothor,Roche,Mid Rim,Q-8,Q,8
sw-04485,Pouffra,Rolion,Outer Rim Territories,Q-7,Q,7
sw-04486,Povanaria,Gordian Reach,Outer Rim Territories,P-6,P,6
sw-04487,Poviduze,,Expansion Region,J-14,J,14
sw-04488,Poytta,,Hutt Space,T-12,T,12
sw-04489,Pozzi,Tapani,Colonies,L-13,L,13
sw-04490,Praadost,Nembus,Outer Rim Territories,P-4,P,4
sw-04491,Praesitlyn,Sluis,Outer Rim Territories,M-19,M,19
sw-04492,Prahvin,,Inner Rim,M-14,M,14
sw-04493,Praidaw,,Inner Rim,K-14,K,14
sw-04494,Prakith,,Deep Core,K-10,K,10
sw-04495,Prakith Minor,,Colonies,L-9,L,9
sw-04496,Praktin,Thusa,Mid Rim,O-7,O,7
sw-04497,Pral,,Wild Space,L-21,L,21
sw-04498,Praven Prime,Quelii,Outer Rim Territories,O-6,O,6
sw-04499,Praxat Sil,Jidlor Marches,Mid Rim,J-16,J,16
sw-04500,Praxlis,Praxlis,Core Worlds,J-10,J,10
sw-04501,Praya,Clacis,Outer Rim Territories,K-4,K,4
sw-04502,Prazhi,Cyrillian Protectorate,Expansion Region,O-12,O,12
sw-04503,Prefsbelt,Prefsbelt,Outer Rim Territories,K-5,K,5
sw-04504,Prekaz,,Core Worlds,K-9,K,9
sw-04505,Presbalin,Gordian Reach,Outer Rim Territories,P-6,P,6
sw-04506,Pressylla,Oricho,Outer Rim Territories,M-6,M,6
sw-04507,Presteen,Senex,Mid Rim,L-17,L,17
sw-04508,Prexiar,Steniplis,Outer Rim Territories,L-19,L,19
sw-04509,Pria,,Core Worlds,M-10,M,10
sw-04510,Prildaz,Farlax,Core Worlds,K-10,K,10
sw-04511,Primarin,,Inner Rim,M-13,M,13
sw-04512,Primea,Vak Combine*,Unknown Regions,F-7,F,7
sw-04513,Primtara,Primtara,Mid Rim,P-15,P,15
sw-04514,Primus Cabru,Allied Tion,Outer Rim Territories,S-6,S,6
sw-04515,Prine,Vilonis,Mid Rim,O-16,O,16
sw-04516,Priole Danna,Sprizen,Outer Rim Territories,O-5,O,5
sw-04517,Prishardia,Antemeridian,Outer Rim Territories,R-7,R,7
sw-04518,Prishella,Kessel,Outer Rim Territories,T-10,T,10
sw-04519,Procopia,Tapani,Colonies,L-13,L,13
sw-04520,Prolifera,Corosi,Outer Rim Territories,N-6,N,6
sw-04521,Promencius,Thanium,Outer Rim Territories,S-5,S,5
sw-04522,Prospera Jang,Kurost,Mid Rim,Q-11,Q,11
sw-04523,Protazk,Kwymar,Outer Rim Territories,Q-4,Q,4
sw-04524,Protobranch,,Core Worlds,J-13,J,13
sw-04525,Protogeyser,,Inner Rim,K-8,K,8
sw-04526,Proxima Dibal,,Wild Space,Q-3,Q,3
sw-04527,Pugal,Glythe,Mid Rim,J-7,J,7
sw-04528,Pulassas Minor,Koradin,Outer Rim Territories,J-18,J,18
sw-04529,Puloorn,Spinward,Outer Rim Territories,M-3,M,3
sw-04530,Purala,Kibilini,Outer Rim Territories,Q-17,Q,17
sw-04531,Purcassia,,Colonies,L-13,L,13
sw-04532,Purnham,Shelsha,Colonies,M-9,M,9
sw-04533,Pursin,Atravis,Outer Rim Territories,L-19,L,19
sw-04534,Pusat Station,Halla,Mid Rim,R-8,R,8
sw-04535,Pybus,,Hutt Space,S-11,S,11
sw-04536,Pygorix,Gordian Reach,Outer Rim Territories,Q-6,Q,6
sw-04537,Pyjridj,Agarix,Mid Rim,K-17,K,17
sw-04538,Pyolli,Seswenna,Outer Rim Territories,M-18,M,18
sw-04539,Pypin,Trianii Space*,Wild Space,R-3,R,3
sw-04540,Pyra,Fei Hu,Mid Rim,P-13,P,13
sw-04541,Pyros,,Colonies,K-13,K,13
sw-04542,Pyrr,,Wild Space,U-6,U,6
sw-04543,Pzandias,Bryx,Mid Rim,S-7,S,7
sw-04544,Pzob,Herios,Outer Rim Territories,T-15,T,15
sw-04545,Q'Maere,Kathol (Rift),Outer Rim Territories,M-21,M,21
sw-04546,Q'mara,Juvex,Mid Rim,L-18,L,18
sw-04547,Q'nithian,Nembus,Outer Rim Territories,P-4,P,4
sw-04548,Qalita Prime,,Inner Rim,J-13,J,13
sw-04549,Qalydon,Sertar,Outer Rim Territories,R-5,R,5
sw-04550,Qaras,(Minyavi),Mid Rim,I-16,I,16
sw-04551,Qat Chrystac,Parnabe,Expansion Region,L-16,L,16
sw-04552,Qeimet,Juris,Outer Rim Territories,P-17,P,17
sw-04553,Qemia,Strabin,Mid Rim,M-7,M,7
sw-04554,Qexis,Danjar,Outer Rim Territories,N-19,N,19
sw-04555,Qhulosk,Tharin,Outer Rim Territories,T-8,T,8
sw-04556,Qi Lozar,Grumani,Outer Rim Territories,M-17,M,17
sw-04557,Qiaxx,Cor'ric,Outer Rim Territories,P-18,P,18
sw-04558,Qiilura,Qiilura,Mid Rim,L-7,L,7
sw-04559,Qina,Zuma (Moddell),Outer Rim Territories,H-16,H,16
sw-04560,Qixoni Nebula,,Colonies,K-13,K,13
sw-04561,Qlothos,,Inner Rim,M-14,M,14
sw-04562,Qonto,,Wild Space,J-3,J,3
sw-04563,Qoribu,,Unknown Regions,H-7,H,7
sw-04564,Qotile,Colundra,Outer Rim Territories,S-5,S,5
sw-04565,Qretu,,Inner Rim,L-15,L,15
sw-04566,Qu'mock,Kathol (Outback),Outer Rim Territories,M-21,M,21
sw-04567,Quadrant Seven,Barsa,Mid Rim,J-6,J,6
sw-04568,Quaensan Prime,Gendius,Mid Rim,J-17,J,17
sw-04569,Quaggia,,Hutt Space,S-9,S,9
sw-04570,Qualai,Kallea,Outer Rim Territories,K-20,K,20
sw-04571,Qualthrough,Belsmuth,Outer Rim Territories,O-6,O,6
sw-04572,Quamar,Bruanii,Mid Rim,K-17,K,17
sw-04573,Quan-Shui,Montitian Grant,Expansion Region,J-15,J,15
sw-04574,Quanducial,Gordian Reach,Outer Rim Territories,Q-6,Q,6
sw-04575,Quanton,Obtrexta,Outer Rim Territories,K-4,K,4
sw-04576,Quarmendy,Yucrales,Mid Rim,R-15,R,15
sw-04577,Quarzite,,Inner Rim,M-13,M,13
sw-04578,Quas Killam,Terr'skiar,Mid Rim,P-10,P,10
sw-04579,Queel,Doldur,Mid Rim,P-15,P,15
sw-04580,Quelii,Quelii,Outer Rim Territories,O-6,O,6
sw-04581,Quell,Nuiri,Outer Rim Territories,Q-6,Q,6
sw-04582,Quellor,Quellor,Colonies,N-12,N,12
sw-04583,Quellus,,Wild Space,G-14,G,14
sw-04584,Queluhan Nebula,,Wild Space,H-12,H,12
sw-04585,Quenk,Corusca,Core Worlds,L-9,L,9
sw-04586,Quermia,Nilgaard,Outer Rim Territories,S-5,S,5
sw-04587,Ques,,Hutt Space,S-8,S,8
sw-04588,Quesaya,Andirma,Expansion Region,L-15,L,15
sw-04589,Quesh,,Hutt Space,S-10,S,10
sw-04590,Quesna,Toblain,Outer Rim Territories,O-18,O,18
sw-04591,Questal,Questal,Core Worlds,J-12,J,12
sw-04592,Quethold,,Unknown Regions,I-5,I,5
sw-04593,Queyta,Danjar,Outer Rim Territories,M-19,M,19
sw-04594,Quian,,Core Worlds,L-9,L,9
sw-04595,Quiberon,Quiberon,Outer Rim Territories,T-15,T,15
sw-04596,Quila,Rolion,Outer Rim Territories,P-7,P,7
sw-04597,Quilan,Roche,Mid Rim,Q-8,Q,8
sw-04598,Quilken,Abrion,Outer Rim Territories,R-15,R,15
sw-04599,Quint,,Inner Rim,M-8,M,8
sw-04600,Quintar Nebula,Surron,Expansion Region,O-13,O,13
sw-04601,"Quintarad, The",,Wild Space,H-18,H,18
sw-04602,Quintil,Svivreni,Outer Rim Territories,N-19,N,19
sw-04603,Quintus,Albarrio,Outer Rim Territories,K-5,K,5
sw-04604,Quockra,Minos Cluster,Outer Rim Territories,M-20,M,20
sw-04605,Quooria,Farstey,Expansion Region,O-8,O,8
sw-04606,Quyste,Thesme,Outer Rim Territories,O-6,O,6
sw-04607,R'alla,Corporate Sector,Outer Rim Territories,S-3,S,3
sw-04608,R'terleD'er,Kriz,Outer Rim Territories,J-18,J,18
sw-04609,R-Duba,Quiberon,Outer Rim Territories,T-15,T,15
sw-04610,Raada,D'Astan,Outer Rim Territories,O-5,O,5
sw-04611,Raamen,Tacuni,Expansion Region,N-15,N,15
sw-04612,Rachuk,Rachuk,Colonies,N-11,N,11
sw-04613,Radama Void,Esstran,Outer Rim Territories,Q-5,Q,5
sw-04614,Raddan,Tharin,Outer Rim Territories,S-8,S,8
sw-04615,Radhii,,Wild Space,I-18,I,18
sw-04616,Radnor,Daimar,Mid Rim,Q-16,Q,16
sw-04617,Raed,,Colonies,N-11,N,11
sw-04618,Rafa,Centrality,Outer Rim Territories,T-8,T,8
sw-04619,Rafft,,Inner Rim,J-8,J,8
sw-04620,Ragith,Majoor,Expansion Region,N-15,N,15
sw-04621,Ragmar,Karthakk,Outer Rim Territories,Q-17,Q,17
sw-04622,Ragna,Daimar,Mid Rim,Q-16,Q,16
sw-04623,Ragnar,Merel,Outer Rim Territories,Q-18,Q,18
sw-04624,Ragnook,Bothan,Mid Rim,R-14,R,14
sw-04625,Rago,,Wild Space,I-7,I,7
sw-04626,Ragoon,,Core Worlds,K-9,K,9
sw-04627,Raider's Point,Corellian,Core Worlds,M-11,M,11
sw-04628,Rainboh,Hapes Cluster,Inner Rim,O-9,O,9
sw-04629,Rainbow Nebulae,Hunnoverrs,Outer Rim Territories,R-16,R,16
sw-04630,Rainos Cluster,Rocantor,Expansion Region,L-15,L,15
sw-04631,Raithal,,Colonies,M-9,M,9
sw-04632,Rajtiri,Dona Laza,Expansion Region,P-9,P,9
sw-04633,Rakaa,,Core Worlds,J-12,J,12
sw-04634,Rakata Prime,,Unknown Regions,G-11,G,11
sw-04635,Rakhuuun,Mytaranor,Mid Rim,Q-10,Q,10
sw-04636,Rakrir,Kwymar,Outer Rim Territories,Q-4,Q,4
sw-04637,Ralgos,Esstran,Outer Rim Territories,Q-5,Q,5
sw-04638,Ralltiir,Darpa,Core Worlds,L-9,L,9
sw-04639,Ralme,Brak,Expansion Region,O-14,O,14
sw-04640,Raltac,,Inner Rim,K-8,K,8
sw-04641,Ramoa,Sprizen,Outer Rim Territories,N-5,N,5
sw-04642,Ramodi,Tregillis,Expansion Region,M-15,M,15
sw-04643,Ramook,,Wild Space,O-3,O,3
sw-04644,Ramordia,Majoor,Expansion Region,N-15,N,15
sw-04645,Ramorea,,Inner Rim,O-7,O,7
sw-04646,Rampa,Corporate Sector,Outer Rim Territories,S-4,S,4
sw-04647,Rampa Minor,Baxel,Outer Rim Territories,U-12,U,12
sw-04648,Ramsir,Jospro,Outer Rim Territories,S-7,S,7
sw-04649,Randa,Kessel,Outer Rim Territories,T-10,T,10
sw-04650,Randon,Mytaranor,Mid Rim,Q-10,Q,10
sw-04651,Randorn,Belderone,Outer Rim Territories,Q-6,Q,6
sw-04652,Rango Tan,Relgim,Outer Rim Territories,L-5,L,5
sw-04653,Rangorah,Calaron,Outer Rim Territories,T-9,T,9
sw-04654,Ranklinge,Shelsha,Colonies,M-9,M,9
sw-04655,Rannon,Instrop,Outer Rim Territories,T-17,T,17
sw-04656,Ranroon,Mortex,Outer Rim Territories,R-5,R,5
sw-04657,Rantine Space Station,Tamarin,Outer Rim Territories,N-19,N,19
sw-04658,Rantofar,,Core Worlds,M-11,M,11
sw-04659,Rapacc,Paccian Governance*,Unknown Regions,E-7,E,7
sw-04660,Raquish,Lambda,Mid Rim,Q-15,Q,15
sw-04661,Rarlech,,Unknown Regions,H-5,H,5
sw-04662,Rashfond,,Inner Rim,L-14,L,14
sw-04663,Raskane,Sepan,Expansion Region,P-13,P,13
sw-04664,Raspar,Tragan Cluster,Outer Rim Territories,N-5,N,5
sw-04665,Rasterous,,Inner Rim,O-10,O,10
sw-04666,Rata Nebula,Chiss Space*,Unknown Regions,E-9,E,9
sw-04667,Ratamesh,Farstey,Expansion Region,O-8,O,8
sw-04668,Rathalay,Taldot,Mid Rim,R-9,R,9
sw-04669,Ratit,,Inner Rim,M-14,M,14
sw-04670,Rattatak,Trilon,Outer Rim Territories,H-16,H,16
sw-04671,Ravaath,Pacanth Reach,Outer Rim Territories,H-16,H,16
sw-04672,Ravager's Rift,Iska,Mid Rim,J-17,J,17
sw-04673,Raxus Prime,Tion Hegemony,Outer Rim Territories,S-5,S,5
sw-04674,Raxxa,,Core Worlds,M-10,M,10
sw-04675,Raydonia,Belsmuth,Outer Rim Territories,O-6,O,6
sw-04676,Raysol Prime,Duluur,Colonies,M-13,M,13
sw-04677,Razia,,Colonies,M-13,M,13
sw-04678,Rbollea,Hapes Cluster,Inner Rim,O-9,O,9
sw-04679,Reamma,Corbett,Outer Rim Territories,I-17,I,17
sw-04680,Reaper's World,Nilgaard,Outer Rim Territories,S-5,S,5
sw-04681,Rearqu Cluster,Taldot,Mid Rim,P-8,P,8
sw-04682,Reboam,Hapes Cluster,Inner Rim,O-9,O,9
sw-04683,Recluse's Nebula,Irishi,Mid Rim,K-6,K,6
sw-04684,Recopia,,Core Worlds,M-11,M,11
sw-04685,Red Hand Cluster,Trax,Mid Rim,Q-10,Q,10
sw-04686,Red Nebula,,Wild Space,G-21,G,21
sw-04687,"Red Twins, The",,Wild Space,I-7,I,7
sw-04688,Red Yars,Croynar,Inner Rim,M-14,M,14
sw-04689,Redcap,Savareen,Outer Rim Territories,Q-17,Q,17
sw-04690,Redhurne,Metatessu,Mid Rim,R-9,R,9
sw-04691,"Redoubt, The",,Unknown Regions,H-7,H,7
sw-04692,Redrish,Kuat,Core Worlds,M-10,M,10
sw-04693,Redspace Reefs,Oktos,Mid Rim,R-12,R,12
sw-04694,Reecee,,Inner Rim,J-8,J,8
sw-04695,Reega,Demetras,Outer Rim Territories,P-7,P,7
sw-04696,Reegian,Sumitra,Expansion Region,O-7,O,7
sw-04697,Reena,Tapani,Colonies,L-13,L,13
sw-04698,Reena Minor,Bothan,Mid Rim,R-14,R,14
sw-04699,Reesaria,Bheriz,Outer Rim Territories,U-10,U,10
sw-04700,Refgar,Demophon,Core Worlds,M-10,M,10
sw-04701,Refnar,Pakuuni,Outer Rim Territories,T-6,T,6
sw-04702,Refnu,Sprizen,Outer Rim Territories,N-5,N,5
sw-04703,Refrax,Mortex,Outer Rim Territories,R-5,R,5
sw-04704,Regalia,Meram,Outer Rim Territories,O-4,O,4
sw-04705,Regalia Station,Cadavine,Outer Rim Territories,P-17,P,17
sw-04706,Regel,,Wild Space,I-7,I,7
sw-04707,Regellia,Minos Cluster,Outer Rim Territories,M-20,M,20
sw-04708,Reginard,Pakuuni,Outer Rim Territories,T-6,T,6
sw-04709,Regolith,,Colonies,N-12,N,12
sw-04710,Regor-Mada,Tantra,Outer Rim Territories,M-19,M,19
sw-04711,Regulan,Albanin,Outer Rim Territories,U-12,U,12
sw-04712,Regulgo,Ryndellian,Mid Rim,P-17,P,17
sw-04713,Rehemsa,,Core Worlds,M-11,M,11
sw-04714,Rehn,Brak,Expansion Region,O-14,O,14
sw-04715,Reibrin,Suolriep (Ansuroer),Outer Rim Territories,S-8,S,8
sw-04716,Reigalius,Yucrales,Mid Rim,Q-15,Q,15
sw-04717,Rekelos,Arc d'Stot,Expansion Region,K-15,K,15
sw-04718,Rekkana,,Core Worlds,L-9,L,9
sw-04719,Rekkiad,Chorlian,Outer Rim Territories,S-4,S,4
sw-04720,Relarr,,Core Worlds,M-10,M,10
sw-04721,Relatta,,Inner Rim,N-8,N,8
sw-04722,Relephon,Hapes Cluster,Inner Rim,O-9,O,9
sw-04723,Relkass,Saijo,Outer Rim Territories,K-20,K,20
sw-04724,Rellio,Tapani,Colonies,L-13,L,13
sw-04725,Rellnas,Har Worlds,Expansion Region,J-16,J,16
sw-04726,Reltooine,Corporate Sector,Outer Rim Territories,R-3,R,3
sw-04727,Remitik,Wazta,Outer Rim Territories,J-18,J,18
sw-04728,Remmon Nebula,Iskin,Mid Rim,O-16,O,16
sw-04729,Rena,,Colonies,K-13,K,13
sw-04730,Renatasia,Centrality,Outer Rim Territories,U-8,U,8
sw-04731,Rend,Surron,Expansion Region,O-13,O,13
sw-04732,Rendili,,Core Worlds,M-11,M,11
sw-04733,Renforra,Dalicron,Outer Rim Territories,K-20,K,20
sw-04734,Renigg,Kuat,Core Worlds,M-10,M,10
sw-04735,Renillis,,Inner Rim,L-14,L,14
sw-04736,Rennokk,Kessel,Outer Rim Territories,U-10,U,10
sw-04737,Rentalles,D'Astan,Outer Rim Territories,O-4,O,4
sw-04738,Rentaxius,,Inner Rim,O-8,O,8
sw-04739,Rentean,Jjannex,Outer Rim Territories,K-19,K,19
sw-04740,Rentor,Chiss Space*,Unknown Regions,F-8,F,8
sw-04741,Reo,(Maraqoo),Mid Rim,I-7,I,7
sw-04742,Reopi,,Core Worlds,M-10,M,10
sw-04743,Repea,Auril,Outer Rim Territories,R-7,R,7
sw-04744,Resh 9376,Nuiri,Outer Rim Territories,Q-6,Q,6
sw-04745,Resht,,Colonies,N-10,N,10
sw-04746,Resilon,Bortele,Mid Rim,S-8,S,8
sw-04747,Resti Kel,Juvex,Mid Rim,L-18,L,18
sw-04748,Retep,Daimar,Mid Rim,Q-16,Q,16
sw-04749,Rethel Point,Far Xandil,Mid Rim,P-16,P,16
sw-04750,Retta,,Wild Space,U-8,U,8
sw-04751,Rettna,Esaga,Mid Rim,Q-11,Q,11
sw-04752,Reuss,Portmoak,Outer Rim Territories,P-18,P,18
sw-04753,Revery,Noonian,Outer Rim Territories,N-6,N,6
sw-04754,Revkinn,Parmel,Outer Rim Territories,O-18,O,18
sw-04755,Revyia,Veragi,Outer Rim Territories,L-2,L,2
sw-04756,Rex Strata,Wazta,Outer Rim Territories,J-18,J,18
sw-04757,Reyna,Tapani,Colonies,L-13,L,13
sw-04758,Reyniu,Mayagil,Outer Rim Territories,N-18,N,18
sw-04759,Reynon,Albarrio,Outer Rim Territories,K-5,K,5
sw-04760,Reytha,Harron,Expansion Region,O-12,O,12
sw-04761,Rezi,Bajic,Outer Rim Territories,P-17,P,17
sw-04762,Rhamalai,Varada,Outer Rim Territories,I-19,I,19
sw-04763,Rhamsis Callo,Danjar,Outer Rim Territories,N-19,N,19
sw-04764,Rhelg,Esstran (Sith Worlds),Outer Rim Territories,R-5,R,5
sw-04765,Rhen Var,Thanium,Outer Rim Territories,R-6,R,6
sw-04766,Rhigar,Chiss Space*,Unknown Regions,E-9,E,9
sw-04767,Rhilithan,Indrexu,Outer Rim Territories,S-5,S,5
sw-04768,Rhinnal,Darpa,Core Worlds,L-9,L,9
sw-04769,Rhommamool,Merthian,Expansion Region,N-13,N,13
sw-04770,Rhuvia,Relgim,Outer Rim Territories,L-5,L,5
sw-04771,Rial Kroon,Noonian,Outer Rim Territories,M-6,M,6
sw-04772,Rianon,Tapani,Colonies,L-13,L,13
sw-04773,Ricaldi,Tapani,Colonies,L-13,L,13
sw-04774,Riddellia,Albanin,Outer Rim Territories,T-12,T,12
sw-04775,Ridlay,Lambda,Mid Rim,P-16,P,16
sw-04776,Riesa,Tapani,Colonies,L-13,L,13
sw-04777,Riflor,Narrant,Mid Rim,J-16,J,16
sw-04778,Rigel,Bheriz,Outer Rim Territories,U-11,U,11
sw-04779,Rigoron,Dimean,Expansion Region,P-13,P,13
sw-04780,Rigovia,,Inner Rim,N-8,N,8
sw-04781,Riileb,,Hutt Space,T-12,T,12
sw-04782,Rijel,Dalqan,Expansion Region,M-7,M,7
sw-04783,Rikadi,,Inner Rim,J-13,J,13
sw-04784,Rikmania,Steniplis,Outer Rim Territories,L-19,L,19
sw-04785,Rim,Kibilini,Outer Rim Territories,Q-17,Q,17
sw-04786,Rimbaux,Halthor,Outer Rim Territories,M-6,M,6
sw-04787,Rimcee Station,Braxant,Outer Rim Territories,J-3,J,3
sw-04788,Rimma,,Core Worlds,L-13,L,13
sw-04789,Rina Major,Stensen,Outer Rim Territories,I-17,I,17
sw-04790,Rinagom,Corporate Sector,Outer Rim Territories,S-3,S,3
sw-04791,Rindao,Hadar,Mid Rim,L-17,L,17
sw-04792,Rindia,Nembus,Outer Rim Territories,P-4,P,4
sw-04793,Rindoon,Rseik,Outer Rim Territories,N-19,N,19
sw-04794,Rine-cathe,,Core Worlds,L-9,L,9
sw-04795,Ring of Kafrene,Thand,Expansion Region,J-15,J,15
sw-04796,"Ring, The",Javin (Anoat),Outer Rim Territories,K-18,K,18
sw-04797,Ringali Nebula,Bormea,Core Worlds,L-9,L,9
sw-04798,Ringlite,Tamarin,Outer Rim Territories,N-19,N,19
sw-04799,Ringneldia,Centrality,Outer Rim Territories,T-8,T,8
sw-04800,Ringo Vinda,Eucer,Mid Rim,R-7,R,7
sw-04801,Rinn,Baxel,Outer Rim Territories,U-12,U,12
sw-04802,Rintonne,Lambda,Mid Rim,P-16,P,16
sw-04803,Rion,Kessel,Outer Rim Territories,T-10,T,10
sw-04804,Rior,Tamarin,Outer Rim Territories,N-18,N,18
sw-04805,Riosa,,Inner Rim,J-8,J,8
sw-04806,Rirsack,Belsmuth,Outer Rim Territories,O-6,O,6
sw-04807,Risban,Tion Hegemony,Outer Rim Territories,S-5,S,5
sw-04808,Rishi,Abrion,Outer Rim Territories,S-15,S,15
sw-04809,Risso,,Inner Rim,N-14,N,14
sw-04810,Rivoria,Tunka,Outer Rim Territories,J-19,J,19
sw-04811,Rivvidu,D'Astan,Outer Rim Territories,O-5,O,5
sw-04812,Ro-Loo Triangle,Lambda,Mid Rim,P-16,P,16
sw-04813,Rocantor,Rocantor,Expansion Region,L-15,L,15
sw-04814,Rocrin,Airam,Outer Rim Territories,M-20,M,20
sw-04815,Rocun Cluster,Yminis,Outer Rim Territories,S-14,S,14
sw-04816,Rodaj,,Inner Rim,L-15,L,15
sw-04817,Rodia,Savareen,Outer Rim Territories,R-16,R,16
sw-04818,Rodis,Zuma (Sugai),Outer Rim Territories,H-16,H,16
sw-04819,Rogue Antar,Steniplis,Outer Rim Territories,M-18,M,18
sw-04820,"Roil, The",Gordian Reach,Outer Rim Territories,Q-5,Q,5
sw-04821,Rokaria,Tynquay,Outer Rim Territories,Q-4,Q,4
sw-04822,Rokirex,Herios,Outer Rim Territories,T-16,T,16
sw-04823,Rol,Noonian,Outer Rim Territories,M-6,M,6
sw-04824,Roldalna,Kira,Expansion Region,N-16,N,16
sw-04825,Romar,Galov,Outer Rim Territories,T-13,T,13
sw-04826,Romik,Quelii,Outer Rim Territories,O-6,O,6
sw-04827,Romin,Romintine,Mid Rim,Q-8,Q,8
sw-04828,Romossobar,Eucer,Mid Rim,R-7,R,7
sw-04829,Rondai,,Inner Rim,J-8,J,8
sw-04830,Ronyards,,Inner Rim,N-13,N,13
sw-04831,Roon,Abrion,Outer Rim Territories,S-15,S,15
sw-04832,Roona,Bes Ber Bikade,Expansion Region,L-15,L,15
sw-04833,Roost,Bitrose,Outer Rim Territories,T-17,T,17
sw-04834,Ropagi,Kira,Expansion Region,N-16,N,16
sw-04835,Roqoo Depot,,Inner Rim,O-9,O,9
sw-04836,Rorak,,Hutt Space,S-12,S,12
sw-04837,Rordak,Pelgrin,Outer Rim Territories,R-17,R,17
sw-04838,Rorgam,Terr'skiar,Mid Rim,Q-10,Q,10
sw-04839,Rotas,Yminis,Outer Rim Territories,S-14,S,14
sw-04840,Rothana,Quiberon,Outer Rim Territories,T-15,T,15
sw-04841,Rotoga,Alchenaut,Expansion Region,L-16,L,16
sw-04842,Roundtree,,Inner Rim,M-14,M,14
sw-04843,Routh,Velcar,Outer Rim Territories,J-5,J,5
sw-04844,Rowacki,,Inner Rim,O-10,O,10
sw-04845,Roxuli,,Expansion Region,I-8,I,8
sw-04846,Rrulinn,Yushan,Mid Rim,K-17,K,17
sw-04847,Rseik,Rseik,Outer Rim Territories,N-20,N,20
sw-04848,RTK111,Yminis,Outer Rim Territories,S-14,S,14
sw-04849,Ruac,Lothal,Outer Rim Territories,U-7,U,7
sw-04850,Ruan,,Core Worlds,K-10,K,10
sw-04851,Rubinero,,Core Worlds,L-12,L,12
sw-04852,Rubogea,,Core Worlds,L-9,L,9
sw-04853,Rudrig,Tion Hegemony,Outer Rim Territories,S-6,S,6
sw-04854,Rudun,Kontahr,Mid Rim,R-11,R,11
sw-04855,Rugosa,Sanbra,Outer Rim Territories,O-17,O,17
sw-04856,Ruhe,Savareen,Outer Rim Territories,Q-17,Q,17
sw-04857,Ruhnuk,,Wild Space,H-11,H,11
sw-04858,Ruisto,Calamari,Outer Rim Territories,U-6,U,6
sw-04859,Rulaar,Senex,Mid Rim,L-17,L,17
sw-04860,Rullag,Cadma,Outer Rim Territories,T-8,T,8
sw-04861,Ruloosia,Oktos,Mid Rim,R-12,R,12
sw-04862,Rumil,Mezeg,Mid Rim,N-7,N,7
sw-04863,Runaway Prince,,Hutt Space,R-11,R,11
sw-04864,Ruoss Minor,,Colonies,M-9,M,9
sw-04865,Rurgavea,,Core Worlds,L-13,L,13
sw-04866,Rushan,Andirma,Expansion Region,L-15,L,15
sw-04867,Rustibar,Churnis,Mid Rim,J-7,J,7
sw-04868,Rutal,,Wild Space,J-13,J,13
sw-04869,Rutan,Atravis,Outer Rim Territories,L-20,L,20
sw-04870,Ruugia,Altier,Expansion Region,O-13,O,13
sw-04871,Ruul,,Core Worlds,M-10,M,10
sw-04872,Ruuria,Xappyh,Outer Rim Territories,Q-3,Q,3
sw-04873,Ruusan,Teraab,Mid Rim,P-11,P,11
sw-04874,Ruweln,Bothan,Mid Rim,R-14,R,14
sw-04875,Rya,Kwymar,Outer Rim Territories,P-4,P,4
sw-04876,Ryarten,Corthenia,Mid Rim,K-7,K,7
sw-04877,Ryborea,Ryborean,Expansion Region,J-8,J,8
sw-04878,Rycep,Jjannex,Outer Rim Territories,L-19,L,19
sw-04879,Rychel,Dalonbian,Outer Rim Territories,L-2,L,2
sw-04880,Rydar,Antemeridian,Outer Rim Territories,R-7,R,7
sw-04881,Rydonni Prime,,Core Worlds,M-11,M,11
sw-04882,Ryloon,Velcar,Outer Rim Territories,J-5,J,5
sw-04883,Rylorii Minor,Rocantor,Expansion Region,L-15,L,15
sw-04884,Ryloth,Gaulus (Ryloth),Outer Rim Territories,R-17,R,17
sw-04885,Ryndellia,Ryndellian,Mid Rim,O-17,O,17
sw-04886,Rynmar,Hapes Cluster,Inner Rim,O-9,O,9
sw-04887,Ryoone,Wazta,Outer Rim Territories,I-17,I,17
sw-04888,Rystan,,Wild Space,M-20,M,20
sw-04889,Ryvellia,Treffani,Expansion Region,O-14,O,14
sw-04890,Ryvester,Meridian,Outer Rim Territories,R-7,R,7
sw-04891,Ryyk Nebula,Trans-Vulta,Mid Rim,N-7,N,7
sw-04892,RZ7-6113-23,Chopani,Outer Rim Territories,L-4,L,4
sw-04893,Saarn,Esstran,Outer Rim Territories,P-5,P,5
sw-04894,Sab Rufo,,Inner Rim,N-8,N,8
sw-04895,Sabanash,Tyus,Mid Rim,N-16,N,16
sw-04896,Sabata,Halla,Mid Rim,R-9,R,9
sw-04897,Saberhing,Corellian,Core Worlds,M-11,M,11
sw-04898,Sabrash,Metatessu,Mid Rim,R-9,R,9
sw-04899,Sabrixin,Samix,Outer Rim Territories,Q-19,Q,19
sw-04900,Saclas,Corporate Sector,Outer Rim Territories,S-4,S,4
sw-04901,Sacorria,Corellian,Core Worlds,M-11,M,11
sw-04902,Saffa,Halla,Mid Rim,R-8,R,8
sw-04903,Saffalore,Corporate Sector,Outer Rim Territories,S-4,S,4
sw-04904,Safrifa,Videnda,Outer Rim Territories,M-18,M,18
sw-04905,Sag Kemper,Tamarin,Outer Rim Territories,N-18,N,18
sw-04906,Sagar,Wentrion,Inner Rim,N-13,N,13
sw-04907,Sagma,Illisurevimurasi,Outer Rim Territories,Q-4,Q,4
sw-04908,Sahbrontee,,Mid Rim,I-15,I,15
sw-04909,Saheelindeel,Tion Hegemony,Outer Rim Territories,S-6,S,6
sw-04910,Saijo,Saijo,Outer Rim Territories,K-20,K,20
sw-04911,Saila Na,Javin (Anoat),Outer Rim Territories,K-18,K,18
sw-04912,Sakavi Tar,,Outer Rim Territories,I-19,I,19
sw-04913,Saki,,Hutt Space,S-11,S,11
sw-04914,Sakidopa,,Hutt Space,S-11,S,11
sw-04915,Sakiduba,,Hutt Space,S-11,S,11
sw-04916,Sakifwanna,,Hutt Space,T-11,T,11
sw-04917,Sakreen,Ash Worlds,Outer Rim Territories,S-7,S,7
sw-04918,Sakuub,Pelgrin,Outer Rim Territories,R-18,R,18
sw-04919,Salagor,,Inner Rim,N-13,N,13
sw-04920,Salaktori Anchorage,,Inner Rim,O-10,O,10
sw-04921,Salaniss,,Wild Space,H-17,H,17
sw-04922,Saleucami,Suolriep,Outer Rim Territories,S-8,S,8
sw-04923,Salgarus,,Colonies,L-9,L,9
sw-04924,Salient,Aparo,Outer Rim Territories,R-3,R,3
sw-04925,Salin,Sprizen,Outer Rim Territories,N-5,N,5
sw-04926,Salissia,,Outer Rim Territories,T-5,T,5
sw-04927,Salliche,,Core Worlds,K-10,K,10
sw-04928,Salmagodro,,Inner Rim,M-8,M,8
sw-04929,Salobea,Noonian,Outer Rim Territories,M-6,M,6
sw-04930,Salstan,Marzoon,Mid Rim,I-16,I,16
sw-04931,Salteract,Rayter,Outer Rim Territories,J-19,J,19
sw-04932,Salvara,Tennuutta,Mid Rim,Q-7,Q,7
sw-04933,Samaria,,Core Worlds,M-11,M,11
sw-04934,Samarine,D'Astan (Samarine),Outer Rim Territories,O-5,O,5
sw-04935,Samhar,Grumani,Outer Rim Territories,N-17,N,17
sw-04936,Sammun,Ash Worlds (Batonn),Outer Rim Territories,T-7,T,7
sw-04937,Samovar,Koradin,Outer Rim Territories,I-18,I,18
sw-04938,Sanbra,Sanbra,Outer Rim Territories,O-17,O,17
sw-04939,Sandonia,,Inner Rim,N-14,N,14
sw-04940,Sanej,,Inner Rim,N-13,N,13
sw-04941,Sanjin,,Colonies,M-13,M,13
sw-04942,Sanrafsix,Grumani,Outer Rim Territories,N-17,N,17
sw-04943,Santarine,Hook Nebula,Outer Rim Territories,O-18,O,18
sw-04944,Santheria,Esuain,Mid Rim,Q-7,Q,7
sw-04945,Sanyassa,Zuma (Moddell),Outer Rim Territories,H-16,H,16
sw-04946,Sanza,Sloo,Mid Rim,P-14,P,14
sw-04947,Sapella,Kathol (Outback),Outer Rim Territories,M-21,M,21
sw-04948,Sappire,Dalicron,Outer Rim Territories,K-20,K,20
sw-04949,Saqqar,,Hutt Space,T-11,T,11
sw-04950,Saracor,Oriolan,Mid Rim,J-16,J,16
sw-04951,Saraf Cobar,Montitian Grant,Expansion Region,J-15,J,15
sw-04952,Sarapin,,Core Worlds,M-10,M,10
sw-04953,Sarconia,,Colonies,M-10,M,10
sw-04954,Sardoran,,Core Worlds,M-11,M,11
sw-04955,Sareet,Stensen,Outer Rim Territories,I-17,I,17
sw-04956,Sargesso,Tharin,Outer Rim Territories,S-8,S,8
sw-04957,Sargon,Hapes Cluster,Inner Rim,O-9,O,9
sw-04958,Sarina,Mektrun,Mid Rim,L-17,L,17
sw-04959,Sarjenn,Tragan Cluster,Outer Rim Territories,N-5,N,5
sw-04960,Sarka,Sarka,Mid Rim,Q-8,Q,8
sw-04961,Sarkania,,Inner Rim,M-14,M,14
sw-04962,Sarkhai,M'shinni,Mid Rim,M-7,M,7
sw-04963,Sarko,Venzeiia,Expansion Region,O-12,O,12
sw-04964,Sarlucif,,Wild Space,S-4,S,4
sw-04965,Sarm,,Wild Space,I-8,I,8
sw-04966,Sarnikken,Fakir,Colonies,K-9,K,9
sw-04967,Sarnus,,Wild Space,O-3,O,3
sw-04968,Sarpazia,Illodia,Core Worlds,K-13,K,13
sw-04969,Sarq,,Mid Rim,I-15,I,15
sw-04970,Sarrahban,Cyrillian Protectorate,Expansion Region,O-12,O,12
sw-04971,Sarranket,Brevost,Expansion Region,O-15,O,15
sw-04972,Sarrassia,Grumani,Outer Rim Territories,N-17,N,17
sw-04973,Sarrelon,Brevost,Expansion Region,O-15,O,15
sw-04974,Sarrish,Vensensor,Expansion Region,K-16,K,16
sw-04975,Sartoy,Mieru'kar,Outer Rim Territories,N-3,N,3
sw-04976,Saruwen Station,Tamarin,Outer Rim Territories,N-18,N,18
sw-04977,Sarvchi,Chiss Space*,Unknown Regions,F-9,F,9
sw-04978,Sathiemon,Illisurevimurasi,Outer Rim Territories,Q-4,Q,4
sw-04979,Sauwecera,,Inner Rim,N-8,N,8
sw-04980,Savareen,Savareen,Outer Rim Territories,Q-16,Q,16
sw-04981,Savek,Esstran (Sith Worlds),Outer Rim Territories,R-4,R,4
sw-04982,Sawaya,Thesme,Outer Rim Territories,O-6,O,6
sw-04983,Sayblohn,Quess,Mid Rim,N-16,N,16
sw-04984,Scarif,Abrion,Outer Rim Territories,S-15,S,15
sw-04985,Scarl,Tapani,Colonies,L-13,L,13
sw-04986,Schesa,Chiss Space*,Unknown Regions,F-8,F,8
sw-04987,Scillal,Centrality,Outer Rim Territories,T-8,T,8
sw-04988,Scipio,Albarrio,Outer Rim Territories,K-5,K,5
sw-04989,Seatos,Sluis,Outer Rim Territories,M-19,M,19
sw-04990,Sebaddon,,Mid Rim,Q-11,Q,11
sw-04991,Sebiris,Kathol,Outer Rim Territories,M-21,M,21
sw-04992,Sechar,Tharin (Divis Arm),Outer Rim Territories,S-8,S,8
sw-04993,Secundus Ando,Lambda,Mid Rim,Q-15,Q,15
sw-04994,Sedapard Cluster,,Mid Rim,O-16,O,16
sw-04995,Sedesia,Druess,Mid Rim,O-16,O,16
sw-04996,Sedratis,,Core Worlds,M-11,M,11
sw-04997,Sedri,Tharin (Periphery),Outer Rim Territories,S-8,S,8
sw-04998,Seelos,Kwymar,Outer Rim Territories,Q-4,Q,4
sw-04999,Seeratter,,Wild Space,G-14,G,14
sw-05000,Seezar's Planet,Jjannex,Outer Rim Territories,L-19,L,19
sw-05001,Sefon,Tapani,Colonies,L-13,L,13
sw-05002,Seftek,Vorzyd,Outer Rim Territories,R-6,R,6
sw-05003,Segra Milo,Jospro,Outer Rim Territories,R-7,R,7
sw-05004,Seidhkona,,Wild Space,T-5,T,5
sw-05005,Seikosha,Nembus,Outer Rim Territories,P-4,P,4
sw-05006,Seitia Prime,Seitia,Outer Rim Territories,K-19,K,19
sw-05007,Selab,Hapes Cluster,Inner Rim,O-9,O,9
sw-05008,Selaggis,Quelii,Outer Rim Territories,N-6,N,6
sw-05009,Selavia,Suolriep,Outer Rim Territories,S-10,S,10
sw-05010,Selenius,D'Aelgoth,Mid Rim,L-17,L,17
sw-05011,Seline,Dalonbian,Outer Rim Territories,M-3,M,3
sw-05012,Selitan,Gordian Reach,Outer Rim Territories,P-6,P,6
sw-05013,Sellasas,Jjannex,Outer Rim Territories,L-18,L,18
sw-05014,Selnesh,Irishi,Mid Rim,K-6,K,6
sw-05015,Selsor,Zarracina,Expansion Region,O-14,O,14
sw-05016,Seltaya Major,Mieru'kar,Outer Rim Territories,O-3,O,3
sw-05017,Seltos,Mulgard,Mid Rim,N-16,N,16
sw-05018,Seluket,,Inner Rim,I-9,I,9
sw-05019,Selvaris,,Wild Space,I-9,I,9
sw-05020,Semag,Semagi,Mid Rim,I-16,I,16
sw-05021,Sembla,Sertar (Mahrusha),Outer Rim Territories,S-5,S,5
sw-05022,Senex,Senex,Mid Rim,L-17,L,17
sw-05023,Sennatt,Bothan,Mid Rim,R-14,R,14
sw-05024,Sennex,Hapes Cluster,Inner Rim,O-9,O,9
sw-05025,Sennoa,Ojoster,Outer Rim Territories,N-7,N,7
sw-05026,Senthrodys,,Inner Rim,O-10,O,10
sw-05027,Seoul,,Wild Space,H-20,H,20
sw-05028,Sepan,Sepan,Expansion Region,P-13,P,13
sw-05029,Septevorres,Antemeridian,Outer Rim Territories,R-7,R,7
sw-05030,Seraphan,,Colonies,N-10,N,10
sw-05031,Serat,Senex,Mid Rim,L-18,L,18
sw-05032,Sereeda,Ash Worlds,Outer Rim Territories,T-7,T,7
sw-05033,Seregar,Calaron,Outer Rim Territories,U-9,U,9
sw-05034,Serelia,Oriolan,Mid Rim,J-16,J,16
sw-05035,Serenity,Tashtor,Mid Rim,J-16,J,16
sw-05036,Serenno,D'Astan,Outer Rim Territories,P-5,P,5
sw-05037,Sergia,Kalakan,Inner Rim,J-15,J,15
sw-05038,Serianan,,Wild Space,P-2,P,2
sw-05039,Sermeria,Locris,Expansion Region,O-8,O,8
sw-05040,Sern Prime,Sern,Colonies,L-13,L,13
sw-05041,Sernpidal,Dalonbian,Outer Rim Territories,L-3,L,3
sw-05042,Serolonis,Kriz,Outer Rim Territories,J-18,J,18
sw-05043,Serpine,Illisurevimurasi,Outer Rim Territories,Q-4,Q,4
sw-05044,Serria,Rocantor,Expansion Region,L-15,L,15
sw-05045,Serroco,Ploo,Expansion Region,N-7,N,7
sw-05046,Serule,,Core Worlds,K-9,K,9
sw-05047,Sesid,Corva,Outer Rim Territories,P-4,P,4
sw-05048,Sespe,Tharin (Periphery),Outer Rim Territories,S-9,S,9
sw-05049,Sestina,,Core Worlds,M-11,M,11
sw-05050,Sestooine,Relgim,Outer Rim Territories,L-5,L,5
sw-05051,Sestria,Testarr,Core Worlds,M-13,M,13
sw-05052,Seswenna,Seswenna,Outer Rim Territories,M-18,M,18
sw-05053,Setolio,Tapani,Colonies,L-13,L,13
sw-05054,Setor,,Colonies,L-8,L,8
sw-05055,Sev Tok,Kurost,Mid Rim,Q-11,Q,11
sw-05056,Sevarcos,Tamarin,Outer Rim Territories,N-19,N,19
sw-05057,Sevari,Chorlian,Outer Rim Territories,S-4,S,4
sw-05058,Sevetta,Sevetta,Outer Rim Territories,T-16,T,16
sw-05059,Sewalia,,Inner Rim,L-14,L,14
sw-05060,Seylott,Sarin,Outer Rim Territories,P-18,P,18
sw-05061,Seymarti,,Colonies,M-13,M,13
sw-05062,Seyugi,,Core Worlds,M-11,M,11
sw-05063,Sh'ung-tesk,Ciutric,Outer Rim Territories,N-4,N,4
sw-05064,Sha'rellia,,Hutt Space,S-12,S,12
sw-05065,Shackel,Chaykin,Expansion Region,O-14,O,14
sw-05066,Shadda Nebula,Toblain,Outer Rim Territories,O-18,O,18
sw-05067,Shador,Maerdocian,Mid Rim,Q-13,Q,13
sw-05068,Shadren,Belsmuth,Outer Rim Territories,O-6,O,6
sw-05069,Shafr,Toblain,Outer Rim Territories,O-17,O,17
sw-05070,Shahkir,,Inner Rim,M-14,M,14
sw-05071,Shalam,,Inner Rim,M-7,M,7
sw-05072,Shalankie,,Inner Rim,O-9,O,9
sw-05073,Shallow March,Mortex,Outer Rim Territories,S-5,S,5
sw-05074,Shalm,Zuma (Ikenomin),Outer Rim Territories,H-16,H,16
sw-05075,Shaltin,Thanium,Outer Rim Territories,S-6,S,6
sw-05076,Shalyvane,Indrexu,Outer Rim Territories,S-5,S,5
sw-05077,Shantipole,Roche,Mid Rim,Q-8,Q,8
sw-05078,Shar'Ack,Atrivis,Outer Rim Territories,L-5,L,5
sw-05079,Sharb,Chiss Space*,Unknown Regions,F-8,F,8
sw-05080,Shard,Wazta,Outer Rim Territories,J-18,J,18
sw-05081,Sharlissia,Bon'nyuw-Luq,Outer Rim Territories,N-18,N,18
sw-05082,Shasa,,Inner Rim,N-12,N,12
sw-05083,Shasfath,,Inner Rim,J-14,J,14
sw-05084,Shatuun,Kathol (Outback),Outer Rim Territories,M-21,M,21
sw-05085,Shaum Hii,Tragan Cluster,Outer Rim Territories,N-5,N,5
sw-05086,Shawken,,Core Worlds,L-9,L,9
sw-05087,Shawti,,Hutt Space,S-9,S,9
sw-05088,Shaylin,Pakuuni,Outer Rim Territories,T-6,T,6
sw-05089,Shaymore,Immerian Outback,Expansion Region,N-14,N,14
sw-05090,Shedu Maad,Hapes Cluster,Inner Rim,O-9,O,9
sw-05091,Sheela,Abrion,Outer Rim Territories,S-15,S,15
sw-05092,Sheh Soahi,Cassander,Outer Rim Territories,K-5,K,5
sw-05093,Shelkonwa,Shelsha,Colonies,M-9,M,9
sw-05094,Shella,Tapani,Colonies,L-13,L,13
sw-05095,Shenio,Kalamith,Outer Rim Territories,P-5,P,5
sw-05096,Sheris,Belsmuth,Outer Rim Territories,O-6,O,6
sw-05097,Shesharile,Minos Cluster,Outer Rim Territories,M-20,M,20
sw-05098,Sheva,Tapani,Colonies,L-13,L,13
sw-05099,Shi'kar Straits,Nembus,Outer Rim Territories,P-4,P,4
sw-05100,Shibric,,Inner Rim,N-14,N,14
sw-05101,Shifa,Tapani,Colonies,L-13,L,13
sw-05102,Shiffrin,Tammuz,Outer Rim Territories,T-15,T,15
sw-05103,Shihon,Chiss Space*,Unknown Regions,E-8,E,8
sw-05104,Shikitari,,Unknown Regions,G-14,G,14
sw-05105,Shili,Ehosiq,Expansion Region,L-8,L,8
sw-05106,Shimia,Dalchon,Outer Rim Territories,R-17,R,17
sw-05107,Shimmer,Rayter,Outer Rim Territories,J-19,J,19
sw-05108,Shinbone,,Wild Space,T-17,T,17
sw-05109,Shindra,Tapani,Colonies,L-13,L,13
sw-05110,Shintel,Kathol,Outer Rim Territories,M-21,M,21
sw-05111,Shiva,,Wild Space,L-21,L,21
sw-05112,Shogun,Quence,Outer Rim Territories,O-18,O,18
sw-05113,Shola,Tammuz,Outer Rim Territories,U-14,U,14
sw-05114,Shoon,Senex,Mid Rim,L-18,L,18
sw-05115,Shopani,Tapani,Colonies,L-13,L,13
sw-05116,Shoroni,,Colonies,M-9,M,9
sw-05117,Shosho,Graador,Mid Rim,I-17,I,17
sw-05118,Shotem,,Colonies,J-13,J,13
sw-05119,Shownar,Parmic,Outer Rim Territories,P-19,P,19
sw-05120,Shramar,Clacis,Outer Rim Territories,K-4,K,4
sw-05121,Shrokaan,Baroli,Expansion Region,N-14,N,14
sw-05122,Shu-Torun,Chaama,Mid Rim,J-7,J,7
sw-05123,Shuldene,Javin (Yarith),Outer Rim Territories,J-18,J,18
sw-05124,Shulstine,,Colonies,M-9,M,9
sw-05125,Shulxi,,Core Worlds,L-12,L,12
sw-05126,Shumari,Parmel,Outer Rim Territories,O-18,O,18
sw-05127,Shumavar,Atravis,Outer Rim Territories,L-19,L,19
sw-05128,Shumogi,,Core Worlds,M-12,M,12
sw-05129,Shuraden,Koradin,Outer Rim Territories,I-18,I,18
sw-05130,Shurrupak,Vulcusion,Expansion Region,L-16,L,16
sw-05131,Shusugaunt,Raioballo,Outer Rim Territories,L-4,L,4
sw-05132,Shuxl,Javin (Yarith),Outer Rim Territories,K-18,K,18
sw-05133,Sibensko,Bes Ber Bikade,Expansion Region,L-15,L,15
sw-05134,Sibilaar,Bozhnee,Outer Rim Territories,L-18,L,18
sw-05135,Sibisime,Sombure,Mid Rim,K-17,K,17
sw-05136,Sidi,Illisurevimurasi,Outer Rim Territories,Q-4,Q,4
sw-05137,Sif'kric,Mezeg,Mid Rim,M-7,M,7
sw-05138,Sif-Alula,Trestis,Expansion Region,K-8,K,8
sw-05139,Sif-Uwana,,Colonies,K-8,K,8
sw-05140,Sifuchi,Lostar,Expansion Region,M-7,M,7
sw-05141,Sigil,Chorlian,Outer Rim Territories,S-4,S,4
sw-05142,Sigma Station,Demetras,Mid Rim,P-7,P,7
sw-05143,Sika,Brevost,Expansion Region,O-15,O,15
sw-05144,Sikkem,Thanium,Outer Rim Territories,R-6,R,6
sw-05145,Sikurd,Tynquay,Outer Rim Territories,Q-4,Q,4
sw-05146,Sil Gohtta,Lol,Outer Rim Territories,Q-18,Q,18
sw-05147,Sil'Lume,Seitia,Outer Rim Territories,K-19,K,19
sw-05148,Sileria,Corellian,Core Worlds,M-11,M,11
sw-05149,Silken,,Wild Space,O-20,O,20
sw-05150,Silla,Strabin,Mid Rim,M-7,M,7
sw-05151,Silorna,Imberlin,Expansion Region,P-13,P,13
sw-05152,Silunes,Arc d'Stot,Expansion Region,K-15,K,15
sw-05153,Siluria,Atravis,Outer Rim Territories,L-19,L,19
sw-05154,Silver Station,Doldur,Mid Rim,P-15,P,15
sw-05155,Silversisi,,Inner Rim,M-8,M,8
sw-05156,Silvestri,Ado,Mid Rim,L-17,L,17
sw-05157,Sim'char'ser,Albanin,Outer Rim Territories,U-12,U,12
sw-05158,Simbarc,Cadma,Outer Rim Territories,T-8,T,8
sw-05159,Simento-Threk,Meram,Outer Rim Territories,O-4,O,4
sw-05160,Simik,,Inner Rim,L-14,L,14
sw-05161,Simocadia,,Inner Rim,J-13,J,13
sw-05162,Simoom,Senex,Mid Rim,L-18,L,18
sw-05163,Simoth,Mortex,Outer Rim Territories,R-5,R,5
sw-05164,Simpla,Kalamith,Outer Rim Territories,O-5,O,5
sw-05165,Simra,,Colonies,L-13,L,13
sw-05166,Sinded,D'Aelgoth,Mid Rim,L-17,L,17
sw-05167,Sinjan,Albarrio,Outer Rim Territories,K-5,K,5
sw-05168,Sinkar,Fakir,Colonies,K-9,K,9
sw-05169,Sinsang,Raioballo,Outer Rim Territories,L-4,L,4
sw-05170,Sinta,Hune,Mid Rim,Q-12,Q,12
sw-05171,Sintheti,Noonian,Outer Rim Territories,N-6,N,6
sw-05172,Sinton,Rago,Mid Rim,I-7,I,7
sw-05173,Siola,,Core Worlds,K-12,K,12
sw-05174,Sionia,,Hutt Space,S-10,S,10
sw-05175,Sipo,Kwymar,Outer Rim Territories,Q-4,Q,4
sw-05176,Sipsk,Kanz,Outer Rim Territories,N-4,N,4
sw-05177,Sirdar,Oricho,Outer Rim Territories,M-6,M,6
sw-05178,Siriamp,Halm,Mid Rim,J-16,J,16
sw-05179,Sirpar,Arkanis,Outer Rim Territories,R-17,R,17
sw-05180,Sisk,Calaron,Outer Rim Territories,U-9,U,9
sw-05181,Siskeen,Hunnoverrs,Outer Rim Territories,R-17,R,17
sw-05182,Sittana,,Core Worlds,L-9,L,9
sw-05183,Sivad,Iskin,Mid Rim,O-16,O,16
sw-05184,Siveria,Kibilini,Outer Rim Territories,Q-17,Q,17
sw-05185,Sivoria,Hapes Cluster,Inner Rim,O-9,O,9
sw-05186,Sixela,Thuris,Outer Rim Territories,P-18,P,18
sw-05187,Skako,,Core Worlds,L-9,L,9
sw-05188,Skangravi,Msst,Mid Rim,P-7,P,7
sw-05189,Skann,Astal,Outer Rim Territories,Q-18,Q,18
sw-05190,Skaradosh,,Inner Rim,N-13,N,13
sw-05191,Skaross,Morshdine,Outer Rim Territories,O-4,O,4
sw-05192,Skarpos,Grumani,Outer Rim Territories,N-17,N,17
sw-05193,Skartis,Senex,Mid Rim,L-17,L,17
sw-05194,Skeebo,Shadola,Outer Rim Territories,U-8,U,8
sw-05195,Skeressa,Cadma,Outer Rim Territories,T-8,T,8
sw-05196,Skine,Skine,Outer Rim Territories,Q-19,Q,19
sw-05197,Skone,Brak,Expansion Region,O-14,O,14
sw-05198,Skor,Airam,Outer Rim Territories,M-20,M,20
sw-05199,Skorrupon,Trans-Vulta,Mid Rim,N-7,N,7
sw-05200,Skree,Chitargahr,Expansion Region,K-15,K,15
sw-05201,Skuhl,Spadja,Outer Rim Territories,R-5,R,5
sw-05202,Skustell Cluster,Tarabba,Outer Rim Territories,N-19,N,19
sw-05203,Skuumaa,Mytaranor,Mid Rim,Q-9,Q,9
sw-05204,Skye,Varada,Outer Rim Territories,H-19,H,19
sw-05205,Skynara,Skine,Outer Rim Territories,P-19,P,19
sw-05206,Sleedara,,Core Worlds,L-12,L,12
sw-05207,Sleheyron,,Hutt Space,S-10,S,10
sw-05208,Slession,,Inner Rim,K-14,K,14
sw-05209,Slivia,Astal,Outer Rim Territories,Q-17,Q,17
sw-05210,Sljee,Ehosiq,Expansion Region,M-8,M,8
sw-05211,Sloogaria,Rseik,Outer Rim Territories,N-19,N,19
sw-05212,Slotern,Wazta,Outer Rim Territories,J-18,J,18
sw-05213,Sluis Van,Sluis,Outer Rim Territories,M-19,M,19
sw-05214,Sluudren,Chorlian,Outer Rim Territories,S-4,S,4
sw-05215,Smarab,Dohlbani,Mid Rim,R-14,R,14
sw-05216,Smarck,Cademimu,Outer Rim Territories,K-6,K,6
sw-05217,Smarteel,,Wild Space,U-14,U,14
sw-05218,Smuggler's Run,Gaulus,Outer Rim Territories,S-18,S,18
sw-05219,Sneeve,Kastolar,Mid Rim,Q-10,Q,10
sw-05220,Snevu,,Unknown Regions,H-7,H,7
sw-05221,Snowdn,Centrality,Outer Rim Territories,U-8,U,8
sw-05222,Snugano,Spirva,Mid Rim,L-17,L,17
sw-05223,Sochi,,Inner Rim,M-9,M,9
sw-05224,Soco-Jarel,Xappyh,Outer Rim Territories,Q-4,Q,4
sw-05225,Socorro,Kibilini,Outer Rim Territories,Q-17,Q,17
sw-05226,Soika,,Inner Rim,M-8,M,8
sw-05227,Sojourn,Carrion,Outer Rim Territories,J-4,J,4
sw-05228,Solacton,Tharin (Periphery),Outer Rim Territories,S-8,S,8
sw-05229,Solaest,Belsmuth,Outer Rim Territories,O-6,O,6
sw-05230,Solanus,Lothal,Outer Rim Territories,U-7,U,7
sw-05231,Solarine,Suolriep,Outer Rim Territories,S-8,S,8
sw-05232,Solassus,,Core Worlds,M-11,M,11
sw-05233,Solay,Lothal,Outer Rim Territories,U-7,U,7
sw-05234,Solem,Rayter,Outer Rim Territories,J-19,J,19
sw-05235,Solibus,Chitarghar,Expansion Region,K-15,K,15
sw-05236,Solitair,Garwian Unity*,Unknown Regions,D-8,D,8
sw-05237,Solloops,Kuat,Core Worlds,M-10,M,10
sw-05238,Solu,Meridian,Outer Rim Territories,R-6,R,6
sw-05239,Solubria,Shadola,Outer Rim Territories,T-8,T,8
sw-05240,Somavva,Tharin (Divis Arm),Outer Rim Territories,S-8,S,8
sw-05241,Someilk,Seswenna,Outer Rim Territories,M-17,M,17
sw-05242,Somov Rit,Onatos,Mid Rim,R-15,R,15
sw-05243,Son-tuul,Perinn,Outer Rim Territories,J-4,J,4
sw-05244,Sondarr,Sertar,Outer Rim Territories,R-5,R,5
sw-05245,Sonn Vilmari,Colundra,Outer Rim Territories,S-5,S,5
sw-05246,Sontara,,Core Worlds,M-12,M,12
sw-05247,Sontor,Tungra,Outer Rim Territories,K-19,K,19
sw-05248,Soola,Khuiumin,Outer Rim Territories,O-18,O,18
sw-05249,Sooma,Thanium,Outer Rim Territories,R-6,R,6
sw-05250,Sooncanoo,,Inner Rim,K-8,K,8
sw-05251,Sorca Retreat,,Inner Rim,O-8,O,8
sw-05252,Sorderia,Suolriep,Outer Rim Territories,S-9,S,9
sw-05253,Sorella,Tapani,Colonies,L-13,L,13
sw-05254,Sorfina,,Inner Rim,O-8,O,8
sw-05255,Sorgal,Mieru'kar,Outer Rim Territories,N-4,N,4
sw-05256,Sorgan,Karthakk,Outer Rim Territories,Q-17,Q,17
sw-05257,Sorimow,Pacanth Reach,Outer Rim Territories,H-16,H,16
sw-05258,Sorjus,Meridian,Outer Rim Territories,R-7,R,7
sw-05259,Sorl,Dantus,Outer Rim Territories,J-6,J,6
sw-05260,Sormahil,Corva,Outer Rim Territories,P-3,P,3
sw-05261,Sorotarr,Yushan,Mid Rim,K-17,K,17
sw-05262,Sorrus,Kalamith,Outer Rim Territories,O-5,O,5
sw-05263,Sortuvia,Xappyh,Outer Rim Territories,Q-3,Q,3
sw-05264,Soruus,Cronese Mandate,Outer Rim Territories,S-6,S,6
sw-05265,Soterios,Tapani,Colonies,L-13,L,13
sw-05266,Soul's Lament,Greater Plooriod,Expansion Region,M-7,M,7
sw-05267,Soule,,Core Worlds,L-12,L,12
sw-05268,Soullex,,Wild Space,P-3,P,3
sw-05269,Soun,,Expansion Region,J-8,J,8
sw-05270,Space Station Scardia,Null Zone,Expansion Region,P-12,P,12
sw-05271,Space Station Trenchant,Trax,Mid Rim,Q-10,Q,10
sw-05272,Spaceport THX1138,Fath,Outer Rim Territories,K-6,K,6
sw-05273,Spalex,Dantus,Outer Rim Territories,J-6,J,6
sw-05274,Spangled Veil Nebula,Meridian,Outer Rim Territories,R-7,R,7
sw-05275,Spanthaer,,Inner Rim,N-9,N,9
sw-05276,Sparingia,,Core Worlds,L-13,L,13
sw-05277,Sparth,Prefsbelt,Outer Rim Territories,K-6,K,6
sw-05278,Spawn Nebula,Corva,Outer Rim Territories,P-4,P,4
sw-05279,Speco,Bon'nyuw-Luq,Outer Rim Territories,N-18,N,18
sw-05280,Spee,Saijo,Outer Rim Territories,K-20,K,20
sw-05281,Spefik,Atrivis,Outer Rim Territories,L-5,L,5
sw-05282,Spellhaus,Meerian,Outer Rim Territories,O-6,O,6
sw-05283,Sperin,Bajic,Outer Rim Territories,P-17,P,17
sw-05284,Spice Terminus,Parmic,Outer Rim Territories,P-18,P,18
sw-05285,Spillwater,(Candoras),Outer Rim Territories,J-5,J,5
sw-05286,Spinax,Allied Tion,Outer Rim Territories,S-6,S,6
sw-05287,Spindrift,Rseik,Outer Rim Territories,N-20,N,20
sw-05288,Spintir,Spadja,Outer Rim Territories,Q-6,Q,6
sw-05289,Spira,Lytton,Core Worlds,L-10,L,10
sw-05290,Spirador,Tandon,Mid Rim,Q-14,Q,14
sw-05291,Spirana,,Inner Rim,N-13,N,13
sw-05292,Sposia,Chiss Space*,Unknown Regions,F-8,F,8
sw-05293,Sprizen,Sprizen,Outer Rim Territories,N-5,N,5
sw-05294,Spuma,Seswenna,Outer Rim Territories,M-18,M,18
sw-05295,Spunchina,,Wild Space,H-17,H,17
sw-05296,"Spur, The",Quence,Outer Rim Territories,O-18,O,18
sw-05297,Squamat,Mayagil,Outer Rim Territories,M-18,M,18
sw-05298,Squan Station,(Arboo),Outer Rim Territories,S-16,S,16
sw-05299,Squarr,Atrivis,Outer Rim Territories,L-5,L,5
sw-05300,Sran,Ash Worlds,Outer Rim Territories,T-6,T,6
sw-05301,Sriluur,Tharin (Periphery),Outer Rim Territories,S-8,S,8
sw-05302,Sronk,Oplovis,Outer Rim Territories,M-5,M,5
sw-05303,Ssi-ruuvi Cluster,,Unknown Regions,C-16,C,16
sw-05304,Ssori,Klina,Outer Rim Territories,S-13,S,13
sw-05305,Staggec,Bajic,Outer Rim Territories,P-17,P,17
sw-05306,Stalimur,Tion Hegemony,Outer Rim Territories,S-6,S,6
sw-05307,Stalsinek,Hapes Cluster,Inner Rim,O-9,O,9
sw-05308,StarForge Nebula,Ado,Mid Rim,M-17,M,17
sw-05309,Starlag,Hevvrol,Mid Rim,O-15,O,15
sw-05310,Starlyte Station,Ado,Mid Rim,M-17,M,17
sw-05311,Starport Borgo,Oricho,Outer Rim Territories,M-6,M,6
sw-05312,StarStation 12,,Wild Space,O-20,O,20
sw-05313,Starswarm Cluster,Koros,Deep Core,L-10,L,10
sw-05314,Stassia,,Deep Core,L-10,L,10
sw-05315,Station 88,Vorc,Mid Rim,J-7,J,7
sw-05316,Station Zeta,,Inner Rim,K-14,K,14
sw-05317,Steelious,,Core Worlds,K-13,K,13
sw-05318,Steergard,Thesme,Outer Rim Territories,O-6,O,6
sw-05319,Stellan,Hunnoverrs,Outer Rim Territories,R-16,R,16
sw-05320,Stend,Juris,Outer Rim Territories,P-17,P,17
sw-05321,Stennaros,Har Worlds (Stennes),Expansion Region,K-16,K,16
sw-05322,Stenness,Airon,Inner Rim,O-10,O,10
sw-05323,Stenos,Spadja,Outer Rim Territories,R-5,R,5
sw-05324,Stensen's Colony,Stensen,Outer Rim Territories,I-16,I,16
sw-05325,Sterdic,Ryndellian,Mid Rim,P-17,P,17
sw-05326,Stewjon,,Deep Core,M-10,M,10
sw-05327,Stic,Xappyh,Outer Rim Territories,Q-3,Q,3
sw-05328,Stieg,Calaron,Outer Rim Territories,T-9,T,9
sw-05329,Stivic,Garwian Unity*,Unknown Regions,D-8,D,8
sw-05330,Stobar,Boeus,Expansion Region,M-15,M,15
sw-05331,Stoga,Bitrose,Outer Rim Territories,T-17,T,17
sw-05332,Storinal,Noonian,Outer Rim Territories,N-6,N,6
sw-05333,Storthus,Churba,Mid Rim,P-15,P,15
sw-05334,Stovax,,Core Worlds,J-10,J,10
sw-05335,Strata,,Inner Rim,L-8,L,8
sw-05336,Stribos,,Core Worlds,M-10,M,10
sw-05337,Strokill Prime,Calamari,Outer Rim Territories,U-6,U,6
sw-05338,Stygeon,Nuiri,Outer Rim Territories,Q-6,Q,6
sw-05339,Stygian Caldera,Esstran (Sith Worlds),Outer Rim Territories,R-5,R,5
sw-05340,Stygmarn,Bri'ahl,Outer Rim Territories,I-17,I,17
sw-05341,Stylar Nebula,Corva,Outer Rim Territories,P-4,P,4
sw-05342,Styx,Baxel,Outer Rim Territories,U-11,U,11
sw-05343,Suarbi,Quence,Outer Rim Territories,O-19,O,19
sw-05344,Suba,Atravis,Outer Rim Territories,L-19,L,19
sw-05345,Subterrel,Subterrel,Outer Rim Territories,L-20,L,20
sw-05346,Sucharme,Grohl,Outer Rim Territories,R-15,R,15
sw-05347,Sufezz,Jubilar,Outer Rim Territories,T-8,T,8
sw-05348,Suhuurmin,Quence,Outer Rim Territories,P-18,P,18
sw-05349,Sukkult,,Inner Rim,L-14,L,14
sw-05350,Suliana,Senex,Mid Rim,L-18,L,18
sw-05351,Sulloria,Svivreni,Outer Rim Territories,O-19,O,19
sw-05352,Sullust,Brema,Outer Rim Territories,M-17,M,17
sw-05353,Sulorine,Suolriep,Outer Rim Territories,S-7,S,7
sw-05354,Sumarin,Abrion,Outer Rim Territories,S-15,S,15
sw-05355,Sumitra,Sumitra,Expansion Region,N-7,N,7
sw-05356,Sump,Koradin,Outer Rim Territories,I-18,I,18
sw-05357,Sunaj,Videnda,Outer Rim Territories,L-18,L,18
sw-05358,"Sundered Veil, The",Phelleem,Outer Rim Territories,S-7,S,7
sw-05359,Sunin,Tharin,Outer Rim Territories,S-8,S,8
sw-05360,Sunrise,,Unknown Regions,F-7,F,7
sw-05361,Sunshi,Rseik,Outer Rim Territories,N-20,N,20
sw-05362,Suntilla,,Colonies,N-12,N,12
sw-05363,Suolriep,Suolriep,Outer Rim Territories,S-8,S,8
sw-05364,Suraz,Kalamith (Mirrin),Outer Rim Territories,P-5,P,5
sw-05365,Surcaris,Trans-Vulta,Mid Rim,O-7,O,7
sw-05366,Surd Nebula,Atravis,Outer Rim Territories,L-19,L,19
sw-05367,Surdapan Station,Ojoster,Mid Rim,N-7,N,7
sw-05368,Suria,Kira,Expansion Region,N-16,N,16
sw-05369,Surrakea,Terr'skiar,Mid Rim,P-10,P,10
sw-05370,Surron,Surron,Expansion Region,O-13,O,13
sw-05371,Suurja,Ojoster,Outer Rim Territories,N-7,N,7
sw-05372,Sva'leer,Corva,Outer Rim Territories,P-3,P,3
sw-05373,Svaaha,,Core Worlds,K-9,K,9
sw-05374,Svivren,Svivreni,Outer Rim Territories,O-19,O,19
sw-05375,Svolten,Esstran (Sith Worlds),Outer Rim Territories,R-4,R,4
sw-05376,Swarquen,Videnda,Outer Rim Territories,M-18,M,18
sw-05377,Swedlan,Kathol (Outback),Outer Rim Territories,M-21,M,21
sw-05378,Swellen,Airam,Outer Rim Territories,L-20,L,20
sw-05379,Switchmount,Gendius,Mid Rim,J-17,J,17
sw-05380,Sy Myrth,Jospro,Outer Rim Territories,S-7,S,7
sw-05381,Syboona,Danjar,Outer Rim Territories,N-18,N,18
sw-05382,Symbia,Koros,Deep Core,K-10,K,10
sw-05383,Syndaar,Thrasybule,Outer Rim Territories,P-6,P,6
sw-05384,Syned,Grumani,Outer Rim Territories,N-17,N,17
sw-05385,Syngia,Sertar,Outer Rim Territories,R-5,R,5
sw-05386,Syni,,Wild Space,P-19,P,19
sw-05387,Synistahg,Lothal,Outer Rim Territories,U-7,U,7
sw-05388,Synjax,Maldrood,Mid Rim,R-7,R,7
sw-05389,Syruss,Pakuuni,Outer Rim Territories,T-5,T,5
sw-05390,Syvris,Al'Nasrl,Outer Rim Territories,T-13,T,13
sw-05391,T'olan,Tiala,Mid Rim,K-7,K,7
sw-05392,T'surr,Nuon e Safyd,Expansion Region,P-12,P,12
sw-05393,Taanab,,Inner Rim,O-8,O,8
sw-05394,Tabiid,Perkell,Mid Rim,Q-7,Q,7
sw-05395,Taboon,Airon,Inner Rim,O-10,O,10
sw-05396,Taborin,Mayagil,Outer Rim Territories,M-18,M,18
sw-05397,Tah'Nuhna,Haserian,Mid Rim,Q-14,Q,14
sw-05398,Tahina,Chorlian,Outer Rim Territories,R-4,R,4
sw-05399,Tahlboor,Thanium,Outer Rim Territories,R-5,R,5
sw-05400,Tais Brabbo,Shadola,Outer Rim Territories,U-8,U,8
sw-05401,Taka Shier,Tharin,Outer Rim Territories,S-8,S,8
sw-05402,Takobo,Noonian,Outer Rim Territories,N-6,N,6
sw-05403,Takodana,Tashtor,Mid Rim,J-16,J,16
sw-05404,Tal Nami,,Hutt Space,R-9,R,9
sw-05405,Tal Pi,D'Astan,Outer Rim Territories,P-5,P,5
sw-05406,Tala,,Inner Rim,N-9,N,9
sw-05407,Talasea,Morobe,Colonies,N-11,N,11
sw-05408,Talay,Dufilvian,Mid Rim,Q-16,Q,16
sw-05409,Talcene,Talcene,Mid Rim,Q-8,Q,8
sw-05410,Talcharaim,Hapes Cluster,Inner Rim,O-9,O,9
sw-05411,Talcim Cluster,Cegul,Outer Rim Territories,M-20,M,20
sw-05412,Taldorrah,Baroli,Expansion Region,N-14,N,14
sw-05413,Taldot,Taldot,Mid Rim,Q-9,Q,9
sw-05414,Talesia,Sarka,Mid Rim,Q-8,Q,8
sw-05415,Talfaglio,Corellian,Core Worlds,M-11,M,11
sw-05416,Talhovi,Juvex,Mid Rim,L-18,L,18
sw-05417,Talir,Tharin (Karstaxon),Outer Rim Territories,S-8,S,8
sw-05418,Talivar,Chorlian,Outer Rim Territories,S-4,S,4
sw-05419,Tallaan,Tapani,Colonies,L-13,L,13
sw-05420,Tallaso,D'Aelgoth,Mid Rim,K-17,K,17
sw-05421,Tallek,Dalicron,Outer Rim Territories,K-19,K,19
sw-05422,Tallia,,Core Worlds,K-10,K,10
sw-05423,Talofan,Bajic,Outer Rim Territories,P-18,P,18
sw-05424,Talor,Varada,Outer Rim Territories,H-19,H,19
sw-05425,Taloraan,,Expansion Region,I-15,I,15
sw-05426,Taloron,,Wild Space,I-6,I,6
sw-05427,Talpiddi,Koradin,Outer Rim Territories,I-18,I,18
sw-05428,Talravin,,Core Worlds,M-10,M,10
sw-05429,Talrezan,Tandon,Mid Rim,Q-14,Q,14
sw-05430,Talu,Ojoster,Outer Rim Territories,N-7,N,7
sw-05431,Talvaria,Phelleem,Outer Rim Territories,S-7,S,7
sw-05432,Tamazall,Boeus,Expansion Region,M-15,M,15
sw-05433,Tamban,,Core Worlds,K-10,K,10
sw-05434,Tamber,Tapani,Colonies,L-13,L,13
sw-05435,Tamboon,Tungra,Outer Rim Territories,K-19,K,19
sw-05436,Tambor Station,Belasco,Expansion Region,P-11,P,11
sw-05437,Tammar,Tharin,Outer Rim Territories,T-8,T,8
sw-05438,Tammuz-an,Tammuz,Outer Rim Territories,T-14,T,14
sw-05439,Tamra,Tolonda,Outer Rim Territories,Q-17,Q,17
sw-05440,Tamsye Prime,Thanium,Outer Rim Territories,R-5,R,5
sw-05441,Tanalorr,Varada,Outer Rim Territories,H-19,H,19
sw-05442,Tanaria,Esuain,Mid Rim,P-7,P,7
sw-05443,Tancon,Koradin,Outer Rim Territories,J-18,J,18
sw-05444,Tanda,Tapani,Colonies,L-13,L,13
sw-05445,Tandankin,Spadja,Outer Rim Territories,R-6,R,6
sw-05446,Tandgor,Sertar,Outer Rim Territories,R-5,R,5
sw-05447,Tandhor,Kwymar,Outer Rim Territories,P-4,P,4
sw-05448,Tandis,,Inner Rim,N-8,N,8
sw-05449,Tandun,Kalamith,Outer Rim Territories,P-5,P,5
sw-05450,Tangar,Fath,Outer Rim Territories,K-6,K,6
sw-05451,Tangenine,Tangenine,Core Worlds,M-12,M,12
sw-05452,Tanger,Tapani,Colonies,L-13,L,13
sw-05453,Tangrada-Nii,,Core Worlds,K-13,K,13
sw-05454,Tangrene,Morshdine,Outer Rim Territories,O-4,O,4
sw-05455,Tanis,Atravis,Outer Rim Territories,L-19,L,19
sw-05456,Tanjay,,Core Worlds,K-9,K,9
sw-05457,Tanquilla Beach,Kathol,Outer Rim Territories,M-21,M,21
sw-05458,Tansyl,Iskin,Mid Rim,O-16,O,16
sw-05459,Tanta Aurek,Grumani,Outer Rim Territories,M-17,M,17
sw-05460,Tanta Besh,Grumani,Outer Rim Territories,M-17,M,17
sw-05461,Tantajo,Halori,Mid Rim,P-7,P,7
sw-05462,Tantara,,Inner Rim,K-8,K,8
sw-05463,Tanthior,Corellian,Core Worlds,M-11,M,11
sw-05464,Tantiss Station,Dalonbian,Outer Rim Territories,M-3,M,3
sw-05465,Tantive,Kwymar,Outer Rim Territories,Q-4,Q,4
sw-05466,Tanto Winn,Alui,Mid Rim,O-17,O,17
sw-05467,Tantra,Tantra,Outer Rim Territories,M-19,M,19
sw-05468,Tantsor,,Unknown Regions,I-5,I,5
sw-05469,Tanya,Tapani,Colonies,L-13,L,13
sw-05470,Tanzis,Tapani,Colonies,L-13,L,13
sw-05471,Tao-Grant,Manda,Mid Rim,R-15,R,15
sw-05472,Tar Morden,Vensensor,Expansion Region,K-16,K,16
sw-05473,Tarabba Prime,Tarabba,Outer Rim Territories,M-19,M,19
sw-05474,Taral,Calamari,Outer Rim Territories,U-7,U,7
sw-05475,Taraloon,Surron,Expansion Region,O-13,O,13
sw-05476,Taratos,,Inner Rim,J-14,J,14
sw-05477,Tarawa,Steniplis,Outer Rim Territories,L-19,L,19
sw-05478,Tarchalia,Luuq,Mid Rim,L-7,L,7
sw-05479,Targappia,,Colonies,N-12,N,12
sw-05480,Targarth,Corosi,Outer Rim Territories,M-6,M,6
sw-05481,Targonn,,Outer Rim Territories,U-7,U,7
sw-05482,Tarhassan,Harron,Expansion Region,O-11,O,11
sw-05483,Taria,Lifh,Mid Rim,R-8,R,8
sw-05484,Taris,Ojoster (Taris),Outer Rim Territories,N-7,N,7
sw-05485,Tarivo,Lantillian,Mid Rim,P-9,P,9
sw-05486,Tarkenia,Karthakk,Outer Rim Territories,Q-17,Q,17
sw-05487,Tarlandia,,Core Worlds,L-9,L,9
sw-05488,Tarmidia,Kailion,Expansion Region,O-13,O,13
sw-05489,Tarn,Doldur,Mid Rim,P-15,P,15
sw-05490,Tarnith,Ojoster,Outer Rim Territories,N-7,N,7
sw-05491,Tarnoonga,Arkanis,Outer Rim Territories,R-17,R,17
sw-05492,Tarolax,Jidlor Marches,Mid Rim,I-15,I,15
sw-05493,Taronda,Corbett,Mid Rim,I-17,I,17
sw-05494,Taroon,Rseik,Outer Rim Territories,N-20,N,20
sw-05495,Tarsa,D'Aelgoth,Mid Rim,L-17,L,17
sw-05496,Tarshan,Maerdocian,Mid Rim,Q-12,Q,12
sw-05497,Tarsunt,Bothan,Mid Rim,R-14,R,14
sw-05498,Tartaglia,Hollan,Mid Rim,M-7,M,7
sw-05499,Tartaria,Alderaan,Core Worlds,M-10,M,10
sw-05500,Tas-La,,Hutt Space,S-9,S,9
sw-05501,Tasariq,,Inner Rim,J-14,J,14
sw-05502,Tascollan Nebula,Abrion,Outer Rim Territories,S-15,S,15
sw-05503,Tashtor Seneca,Tashtor,Mid Rim,J-16,J,16
sw-05504,Taskeed,Tharin,Outer Rim Territories,S-7,S,7
sw-05505,Taspir,Dynali,Outer Rim Territories,J-3,J,3
sw-05506,Tasrin,,Colonies,N-10,N,10
sw-05507,Tassahondee Station,Parmel,Outer Rim Territories,O-18,O,18
sw-05508,Tassar,D'Astan,Outer Rim Territories,P-5,P,5
sw-05509,Tassio Moon,Kuat,Core Worlds,M-10,M,10
sw-05510,Tastiged,Oricho,Outer Rim Territories,M-6,M,6
sw-05511,Tatooine,Arkanis,Outer Rim Territories,R-16,R,16
sw-05512,Tauber,Jaso,Inner Rim,L-14,L,14
sw-05513,Tavitz,Tapani,Colonies,L-13,L,13
sw-05514,Tavya,Tapani,Colonies,L-13,L,13
sw-05515,Taw Provode,Nuiri,Outer Rim Territories,Q-6,Q,6
sw-05516,Tawl,Tungra,Outer Rim Territories,K-18,K,18
sw-05517,Tay'ah'loo,Elbaran,Mid Rim,J-17,J,17
sw-05518,Tazan,Merthian,Expansion Region,N-13,N,13
sw-05519,Tcoleet,,Colonies,N-10,N,10
sw-05520,TD-10036-EM-1271,Montitian Grant,Expansion Region,J-15,J,15
sw-05521,Te Hasa,Veragi (Gree Enclave),Outer Rim Territories,K-2,K,2
sw-05522,Teagan,Kwymar,Outer Rim Territories,Q-4,Q,4
sw-05523,Teardrop,Shelsha,Colonies,M-9,M,9
sw-05524,Tebru,Juris,Outer Rim Territories,P-17,P,17
sw-05525,Tedel,Ehosiq,Expansion Region,L-8,L,8
sw-05526,Tedonia,Khuiumin,Outer Rim Territories,O-18,O,18
sw-05527,Teedio,Auril,Outer Rim Territories,R-7,R,7
sw-05528,Teevan,Kalamith,Outer Rim Territories,P-5,P,5
sw-05529,Tefau,Suolriep,Outer Rim Territories,S-9,S,9
sw-05530,Tegrat,Koradin,Outer Rim Territories,J-18,J,18
sw-05531,Teh'Jar,Minos Cluster,Outer Rim Territories,M-20,M,20
sw-05532,Tehar,,Mid Rim,I-7,I,7
sw-05533,Tei-Untis,,Core Worlds,K-10,K,10
sw-05534,Teirasa,Iskin,Mid Rim,O-16,O,16
sw-05535,Teklos,,Inner Rim,L-14,L,14
sw-05536,Tekurr'k,Senex,Mid Rim,L-18,L,18
sw-05537,Tel,Halthor,Outer Rim Territories,L-6,L,6
sw-05538,Tel Minor,Brak,Expansion Region,O-14,O,14
sw-05539,Telanka,Svivreni,Outer Rim Territories,O-19,O,19
sw-05540,Telaris,Pakuuni,Outer Rim Territories,T-6,T,6
sw-05541,Telepan,,Core Worlds,M-11,M,11
sw-05542,Telerath,,Inner Rim,N-7,N,7
sw-05543,Teljkon,Kossa,Expansion Region,O-11,O,11
sw-05544,Telkadis,Greater Plooriod,Expansion Region,M-7,M,7
sw-05545,Telkur Station,Hapes Cluster,Inner Rim,O-9,O,9
sw-05546,Tellanada,Bruanii,Mid Rim,K-18,K,18
sw-05547,Tellanroaeg,Gaulus,Outer Rim Territories,S-17,S,17
sw-05548,Tellik,,Inner Rim,N-7,N,7
sw-05549,Tellivar,,Colonies,M-9,M,9
sw-05550,Teloc Ol-sen,Eclorar,Mid Rim,Q-12,Q,12
sw-05551,Telos,Kwymar,Outer Rim Territories,Q-4,Q,4
sw-05552,Telti,,Inner Rim,N-10,N,10
sw-05553,Temako,Antemeridian,Outer Rim Territories,R-7,R,7
sw-05554,Temesher,Lantillian,Mid Rim,P-9,P,9
sw-05555,Tempes,Atravis,Outer Rim Territories,L-20,L,20
sw-05556,Tenara,Gordian Reach,Outer Rim Territories,Q-6,Q,6
sw-05557,Tendo,Quess,Mid Rim,N-17,N,17
sw-05558,Tenoo,Bri'ahl,Outer Rim Territories,I-17,I,17
sw-05559,Tensor,,Core Worlds,M-10,M,10
sw-05560,Tentator,,Colonies,L-9,L,9
sw-05561,Tentraxis,,Inner Rim,N-9,N,9
sw-05562,Tentrix,Baroli,Expansion Region,N-15,N,15
sw-05563,Tenupe,,Wild Space,I-8,I,8
sw-05564,Tepasi,Tagge Space,Core Worlds,L-9,L,9
sw-05565,Teptixii,,Unknown Regions,I-4,I,4
sw-05566,Ter Abbes,Locris,Expansion Region,O-8,O,8
sw-05567,Teralov,Ash Worlds,Outer Rim Territories,T-6,T,6
sw-05568,Terephon,Hapes Cluster,Inner Rim,O-9,O,9
sw-05569,Teres Lutha Minor,Farrfin,Core Worlds,K-9,K,9
sw-05570,Tergamenion,Grumani,Outer Rim Territories,M-17,M,17
sw-05571,Teriq Noi,Trailing Grant,Expansion Region,J-15,J,15
sw-05572,Terman,Tharin (Periphery),Outer Rim Territories,S-8,S,8
sw-05573,Terminus,Kallea,Outer Rim Territories,K-20,K,20
sw-05574,Ternin,Alchenaut,Expansion Region,L-16,L,16
sw-05575,Terr'skiar,Terr'skiar,Mid Rim,P-10,P,10
sw-05576,Terra Sool,Immeria,Expansion Region,O-14,O,14
sw-05577,TerraAsta,,Colonies,L-9,L,9
sw-05578,Terrelia,,Inner Rim,L-14,L,14
sw-05579,Terrijo,Venzeiia,Expansion Region,O-12,O,12
sw-05580,Tertiary Feswe,Gordian Reach,Outer Rim Territories,P-6,P,6
sw-05581,Tertiary Fujar,Tamarin,Outer Rim Territories,N-19,N,19
sw-05582,Tertiary Kesmere,Raioballo,Outer Rim Territories,L-4,L,4
sw-05583,Tertiary Usaita,,Inner Rim,M-13,M,13
sw-05584,Tervissis,Sertar,Outer Rim Territories,R-5,R,5
sw-05585,Tessen,Phelleem,Outer Rim Territories,S-7,S,7
sw-05586,Teth,Baxel,Outer Rim Territories,U-12,U,12
sw-05587,Tetso,,Core Worlds,M-10,M,10
sw-05588,Tevel,Prefsbelt,Outer Rim Territories,J-5,J,5
sw-05589,Tevraki,,Colonies,N-9,N,9
sw-05590,Teya,Lostar,Expansion Region,M-7,M,7
sw-05591,Teyr,,Colonies,L-13,L,13
sw-05592,Th'irus,,Wild Space,S-4,S,4
sw-05593,Thabeska,Morshdine,Outer Rim Territories,O-5,O,5
sw-05594,Thabit,,Inner Rim,M-14,M,14
sw-05595,Thaere,Thaere,Expansion Region,O-14,O,14
sw-05596,Thairwsthis,M'shinni,Mid Rim,M-7,M,7
sw-05597,Thakwaa,Tunka,Outer Rim Territories,I-19,I,19
sw-05598,Thalassia,Meram,Outer Rim Territories,P-4,P,4
sw-05599,Thaldo,Graador,Mid Rim,J-17,J,17
sw-05600,Thandon Nebula,Corporate Sector,Outer Rim Territories,S-3,S,3
sw-05601,Thandruss,Thand,Expansion Region,J-15,J,15
sw-05602,Thanium,Thanium,Outer Rim Territories,R-6,R,6
sw-05603,Thannt,Ryndellian,Mid Rim,O-17,O,17
sw-05604,Thanta Zilbra,Xappyh,Outer Rim Territories,Q-3,Q,3
sw-05605,Thape,Lambda,Mid Rim,Q-15,Q,15
sw-05606,Tharados,Onatos,Mid Rim,R-15,R,15
sw-05607,Tharkos,Thanium,Outer Rim Territories,R-6,R,6
sw-05608,Tharl,Zuma (Sugai),Outer Rim Territories,H-16,H,16
sw-05609,Tharnaka,Seitia,Outer Rim Territories,K-19,K,19
sw-05610,Thassalia,Albanin,Outer Rim Territories,U-12,U,12
sw-05611,Thaylia,Sprizen,Outer Rim Territories,N-5,N,5
sw-05612,Theal,,Mid Rim,J-15,J,15
sw-05613,Thearterra,Chiss Space*,Unknown Regions,E-8,E,8
sw-05614,Thebeon,,Core Worlds,K-12,K,12
sw-05615,Thedavio,,Expansion Region,I-8,I,8
sw-05616,Thela,Aparo,Outer Rim Territories,R-4,R,4
sw-05617,Themis,,Inner Rim,L-15,L,15
sw-05618,Thennqor,Sarka,Mid Rim,Q-8,Q,8
sw-05619,Therenor,Doldur,Mid Rim,P-15,P,15
sw-05620,Thermon,Juvex,Mid Rim,L-17,L,17
sw-05621,Theron,Vilonis,Mid Rim,O-16,O,16
sw-05622,Theros Major,Hollan,Mid Rim,M-7,M,7
sw-05623,Theselon,Hapes Cluster,Inner Rim,O-9,O,9
sw-05624,Thesme,Thesme,Outer Rim Territories,O-5,O,5
sw-05625,Thession,Bortele,Mid Rim,S-8,S,8
sw-05626,Thiafeña,Mulgard,Mid Rim,N-16,N,16
sw-05627,Thila,Illisurevimurasi,Outer Rim Territories,Q-4,Q,4
sw-05628,Thisspias,Farstey,Expansion Region,O-8,O,8
sw-05629,Thixia,Alderaan,Core Worlds,M-10,M,10
sw-05630,Thoadeye,,Deep Core,M-11,M,11
sw-05631,Thobek,Farlax,Core Worlds,K-10,K,10
sw-05632,Thodia,Perkell,Mid Rim,Q-7,Q,7
sw-05633,Thokos,,Core Worlds,L-9,L,9
sw-05634,Thokosia,Maerdocian,Mid Rim,Q-13,Q,13
sw-05635,Tholatin,Mytaranor,Mid Rim,P-10,P,10
sw-05636,Tholaz,Farlax,Core Worlds,K-10,K,10
sw-05637,Tholian,Meram,Outer Rim Territories,P-4,P,4
sw-05638,Tholon,,Wild Space,H-17,H,17
sw-05639,Tholoth,,Colonies,N-12,N,12
sw-05640,Thomork,,Core Worlds,L-12,L,12
sw-05641,Thomquizzar,Meerian,Outer Rim Territories,O-6,O,6
sw-05642,ThonBoka Nebula,Centrality,Outer Rim Territories,U-8,U,8
sw-05643,Thonner,Zuma (Moddell),Outer Rim Territories,H-16,H,16
sw-05644,Thoran,Bothan,Mid Rim,R-14,R,14
sw-05645,Thorat,Galov,Outer Rim Territories,T-14,T,14
sw-05646,Thorgeld,,Core Worlds,L-9,L,9
sw-05647,Thornhedge Nebula,Terr'skiar,Mid Rim,P-10,P,10
sw-05648,Thorsgild,Meerian,Outer Rim Territories,N-7,N,7
sw-05649,Thorum,Vendusii,Mid Rim,P-16,P,16
sw-05650,Thory Prime,Thory,Mid Rim,K-7,K,7
sw-05651,Thosa,Wyl,Outer Rim Territories,R-4,R,4
sw-05652,Thousand Moons,Circarpous,Expansion Region,O-12,O,12
sw-05653,Thovinack,Kanz,Outer Rim Territories,N-4,N,4
sw-05654,Thracior,,Core Worlds,K-12,K,12
sw-05655,Thrad,Phelleem,Outer Rim Territories,S-7,S,7
sw-05656,Thrago,Chiss Space*,Unknown Regions,H-8,H,8
sw-05657,Thraisai,,Wild Space,U-9,U,9
sw-05658,Thrakia,Hapes Cluster,Inner Rim,O-9,O,9
sw-05659,Thrantin,Ollonir Boundaries,Colonies,J-9,J,9
sw-05660,Threfal,Iska,Mid Rim,J-16,J,16
sw-05661,Threndria,Yminis,Outer Rim Territories,S-15,S,15
sw-05662,Thrinittik,,Colonies,L-8,L,8
sw-05663,Throffdon,,Inner Rim,J-9,J,9
sw-05664,Throova,,Colonies,M-12,M,12
sw-05665,Thrugii,Kibilini,Outer Rim Territories,Q-17,Q,17
sw-05666,Thrynka,Dohlbani,Mid Rim,R-14,R,14
sw-05667,Thule,Esstran,Outer Rim Territories,Q-5,Q,5
sw-05668,Thulia,Kurost,Mid Rim,Q-12,Q,12
sw-05669,Thull's Shroud,Senex,Mid Rim,L-17,L,17
sw-05670,Thull's Vault,Juvex,Mid Rim,K-18,K,18
sw-05671,Thumbsnapper's Bridge,Phelleem,Outer Rim Territories,S-7,S,7
sw-05672,Thuna,,Wild Space,I-6,I,6
sw-05673,Thune,Wazta,Outer Rim Territories,I-18,I,18
sw-05674,Thurhanna Minor,Tynquay,Outer Rim Territories,R-4,R,4
sw-05675,Thustra,Sumitra,Expansion Region,O-7,O,7
sw-05676,Thyferra,Jaso,Inner Rim,L-14,L,14
sw-05677,Thyron,,Colonies,M-9,M,9
sw-05678,Thyrsus,,Inner Rim,M-8,M,8
sw-05679,Tibrin,Hadar,Mid Rim,L-18,L,18
sw-05680,Tibro,Baronos,Colonies,N-9,N,9
sw-05681,Tiems,Belderone,Outer Rim Territories,R-6,R,6
sw-05682,Tieos,Abrion,Outer Rim Territories,S-15,S,15
sw-05683,Tierell,Thesme,Outer Rim Territories,O-6,O,6
sw-05684,Tierfon,Sumitra,Expansion Region,O-7,O,7
sw-05685,Tiferep Major,D'Aelgoth,Mid Rim,L-17,L,17
sw-05686,Tifnyl,Elrood,Outer Rim Territories,M-19,M,19
sw-05687,Tiikae,Koradin,Outer Rim Territories,J-18,J,18
sw-05688,Tiisheraan,,Core Worlds,L-13,L,13
sw-05689,Tikath,Noonian,Outer Rim Territories,M-6,M,6
sw-05690,Till Chorios,Meridian,Outer Rim Territories,R-6,R,6
sw-05691,Tillo,Tapani,Colonies,L-13,L,13
sw-05692,Tilth,,Colonies,M-12,M,12
sw-05693,Tilurus,Kessel,Outer Rim Territories,T-10,T,10
sw-05694,Timbra Ott,Kathol (Outback),Outer Rim Territories,M-21,M,21
sw-05695,Timja,Suolriep,Outer Rim Territories,S-8,S,8
sw-05696,Timora,Bakura,Outer Rim Territories,G-16,G,16
sw-05697,Tinallis,Juvex,Mid Rim,L-18,L,18
sw-05698,Tinnel,Quanta,Core Worlds,M-12,M,12
sw-05699,Tinoon,Javin (Anoat),Outer Rim Territories,K-18,K,18
sw-05700,Tinta,Hapes Cluster,Inner Rim,O-9,O,9
sw-05701,Tintel,Belasco,Expansion Region,P-11,P,11
sw-05702,Tinuvia,Tragan Cluster,Outer Rim Territories,N-5,N,5
sw-05703,Tion,Tion Hegemony,Outer Rim Territories,S-5,S,5
sw-05704,Tirac Munda,Hevvrol,Mid Rim,P-15,P,15
sw-05705,Tiragga,Mieru'kar,Outer Rim Territories,N-3,N,3
sw-05706,Tirahnn,Zeemacht Cluster,Inner Rim,N-8,N,8
sw-05707,Tirn,Esstran,Outer Rim Territories,Q-5,Q,5
sw-05708,Tirsa,Corporate Sector,Outer Rim Territories,S-4,S,4
sw-05709,Tisheraan,,Inner Rim,N-8,N,8
sw-05710,Tisht,,Hutt Space,T-11,T,11
sw-05711,Tiss'sharl,Xappyh,Outer Rim Territories,R-4,R,4
sw-05712,Tizon,Farlax,Core Worlds,K-10,K,10
sw-05713,Tlactehon,Kailion,Expansion Region,O-13,O,13
sw-05714,Tlönia,Demetras,Outer Rim Territories,P-7,P,7
sw-05715,To'hok Neige,Kriz,Outer Rim Territories,J-18,J,18
sw-05716,Tocan,Sumitra,Expansion Region,N-7,N,7
sw-05717,Tocco,Tapani,Colonies,L-13,L,13
sw-05718,Tocoya,Ktilac Regions,Inner Rim,N-9,N,9
sw-05719,Todirium,Demetras,Outer Rim Territories,P-7,P,7
sw-05720,Todola,Albarrio,Outer Rim Territories,K-5,K,5
sw-05721,Todouhar,Seswenna,Outer Rim Territories,M-18,M,18
sw-05722,Togominda,Javin (Yarith),Outer Rim Territories,K-18,K,18
sw-05723,Togoria,Taldot,Mid Rim,P-9,P,9
sw-05724,Tokmia,Javin (Anoat),Outer Rim Territories,K-18,K,18
sw-05725,Tokuut,Demetras,Mid Rim,P-7,P,7
sw-05726,Tol Ado,Seitia,Outer Rim Territories,K-19,K,19
sw-05727,Tol Amn,,Hutt Space,R-11,R,11
sw-05728,Tolan,,Colonies,L-9,L,9
sw-05729,Toledian,Narrant,Mid Rim,I-16,I,16
sw-05730,Tolfrania,,Inner Rim,N-9,N,9
sw-05731,Tolig,Mayagil,Outer Rim Territories,N-18,N,18
sw-05732,Tomark,Ividal,Mid Rim,Q-14,Q,14
sw-05733,Tomo-Reth,,Inner Rim,L-14,L,14
sw-05734,Ton-Falk,Pakuuni,Outer Rim Territories,T-5,T,5
sw-05735,Tonnis,Tonnis,Inner Rim,I-9,I,9
sw-05736,Toola,Nilgaard,Outer Rim Territories,S-5,S,5
sw-05737,Tooma,Colundra,Outer Rim Territories,S-5,S,5
sw-05738,Toong'l,Jubilar,Outer Rim Territories,T-7,T,7
sw-05739,Toorja,Tapani,Colonies,L-13,L,13
sw-05740,Toprawa,Kalamith,Outer Rim Territories,P-5,P,5
sw-05741,Torch Nebula,Torch Nebula,Outer Rim Territories,P-19,P,19
sw-05742,Toria-vic Nebula,,Wild Space,S-3,S,3
sw-05743,Torina,Elrood,Outer Rim Territories,M-19,M,19
sw-05744,Torize,Kathol,Outer Rim Territories,M-21,M,21
sw-05745,Tormin,Prackla,Expansion Region,O-8,O,8
sw-05746,Torn Station,Mytaranor,Mid Rim,P-10,P,10
sw-05747,Torolis,Bothan,Mid Rim,Q-13,Q,13
sw-05748,Torost,Bryx,Mid Rim,R-7,R,7
sw-05749,Torphlus,Roche,Mid Rim,Q-8,Q,8
sw-05750,Torpris,Uoti,Core Worlds,K-9,K,9
sw-05751,Torque,Gordian Reach,Outer Rim Territories,P-6,P,6
sw-05752,Torrad,Talcene,Mid Rim,Q-8,Q,8
sw-05753,Torrenoteer,Spadja,Outer Rim Territories,R-5,R,5
sw-05754,Torria,,Core Worlds,M-12,M,12
sw-05755,Tortali,Airam,Outer Rim Territories,L-19,L,19
sw-05756,Torve,Brak,Expansion Region,O-14,O,14
sw-05757,Toshara,Cadma,Outer Rim Territories,T-8,T,8
sw-05758,Toskhowwl,Ottega,Mid Rim,M-6,M,6
sw-05759,Tosste,Atravis,Outer Rim Territories,L-19,L,19
sw-05760,Tothis,Corporate Sector,Outer Rim Territories,S-3,S,3
sw-05761,Touksingal,Corva,Outer Rim Territories,P-3,P,3
sw-05762,Tourani,Yucrales,Mid Rim,R-15,R,15
sw-05763,Tovarskl,,Wild Space,J-4,J,4
sw-05764,Tovash Tchii,Alui,Mid Rim,O-17,O,17
sw-05765,Tovio,Aida,Mid Rim,Q-13,Q,13
sw-05766,Toydaria,,Hutt Space,R-11,R,11
sw-05767,Tozeer,Hunnoverrs,Outer Rim Territories,R-16,R,16
sw-05768,Tragrud,Tharin (Periphery),Outer Rim Territories,S-8,S,8
sw-05769,Trailia,Lothal,Outer Rim Territories,U-7,U,7
sw-05770,Tralfin,Xappyh,Outer Rim Territories,Q-3,Q,3
sw-05771,Tralgaria,Parmic,Outer Rim Territories,P-18,P,18
sw-05772,Trallan,,Colonies,K-9,K,9
sw-05773,Tramanos,Grumani,Outer Rim Territories,N-17,N,17
sw-05774,Trammen,Harron,Expansion Region,O-11,O,11
sw-05775,Trammis,Centrality,Outer Rim Territories,U-8,U,8
sw-05776,Tran Mariel,Farlax,Core Worlds,K-10,K,10
sw-05777,Tranchar,Belderone,Outer Rim Territories,R-6,R,6
sw-05778,Trancret,Perkell,Mid Rim,Q-7,Q,7
sw-05779,Transel,,Colonies,L-13,L,13
sw-05780,Tranthellix,Senex,Mid Rim,L-18,L,18
sw-05781,Trantor,,Core Worlds,M-10,M,10
sw-05782,Traptoforia,Thrasybule,Outer Rim Territories,P-6,P,6
sw-05783,Trascor,Corva,Outer Rim Territories,P-3,P,3
sw-05784,Trasemene,Phelleem,Outer Rim Territories,S-7,S,7
sw-05785,Trasse,Sarka,Mid Rim,Q-8,Q,8
sw-05786,Trassitan,Veragi,Outer Rim Territories,L-3,L,3
sw-05787,Traval-Pacor,Pacor,Mid Rim,K-7,K,7
sw-05788,Travnin,Minos Cluster,Outer Rim Territories,M-20,M,20
sw-05789,Trebela,Altier,Expansion Region,O-13,O,13
sw-05790,Treffani,Treffani,Expansion Region,O-14,O,14
sw-05791,Tregillis,Tregillis,Expansion Region,M-15,M,15
sw-05792,Trellen,,Core Worlds,M-10,M,10
sw-05793,Trenchenovu,Kriz,Outer Rim Territories,K-19,K,19
sw-05794,Trendivar,Hunnoverrs,Outer Rim Territories,R-16,R,16
sw-05795,Trenwyth,Stensen,Outer Rim Territories,I-16,I,16
sw-05796,Tresidiss,Quence,Outer Rim Territories,P-18,P,18
sw-05797,Trevi,Quess,Mid Rim,N-17,N,17
sw-05798,Trevura,,Inner Rim,K-14,K,14
sw-05799,Treylon,,Colonies,L-13,L,13
sw-05800,Tri-Barr Station,,Inner Rim,N-11,N,11
sw-05801,Trian,Trianii Space*,Wild Space,R-3,R,3
sw-05802,Triellus,Jospro,Outer Rim Territories,R-7,R,7
sw-05803,Triewahl,Homon,Mid Rim,M-7,M,7
sw-05804,Trif,Ciutric,Outer Rim Territories,N-4,N,4
sw-05805,Triffis,Hevvrol,Mid Rim,O-15,O,15
sw-05806,Trigalis,Juris,Outer Rim Territories,P-17,P,17
sw-05807,Trigaskian Blur,,Wild Space,W-10,W,10
sw-05808,Triitus,Corva,Outer Rim Territories,P-4,P,4
sw-05809,Trillia,Imberlin,Expansion Region,P-14,P,14
sw-05810,Trindello,Zuma (Moddell),Outer Rim Territories,H-16,H,16
sw-05811,Trinith,Mondress,Expansion Region,I-7,I,7
sw-05812,Trinovat,Gordian Reach,Outer Rim Territories,P-6,P,6
sw-05813,Trinta,Halthor,Outer Rim Territories,L-6,L,6
sw-05814,Trionak,Javin (Yarith),Outer Rim Territories,J-18,J,18
sw-05815,Tristall,,Colonies,L-9,L,9
sw-05816,Triton,Mayagil,Outer Rim Territories,M-18,M,18
sw-05817,Trivar,Nuiri,Outer Rim Territories,Q-6,Q,6
sw-05818,Trogan,Jospro,Outer Rim Territories,R-7,R,7
sw-05819,Troglofa,Belderone,Outer Rim Territories,R-6,R,6
sw-05820,Troika,Colundra,Outer Rim Territories,S-5,S,5
sw-05821,Troiken,Colundra,Outer Rim Territories,S-5,S,5
sw-05822,Troos,Gordian Reach,Outer Rim Territories,Q-5,Q,5
sw-05823,Trosh,Cegul,Outer Rim Territories,L-20,L,20
sw-05824,Troska,Dantus,Outer Rim Territories,J-6,J,6
sw-05825,Troxar,Bes Ber Bikade,Expansion Region,L-15,L,15
sw-05826,Trundalki,Xan,Mid Rim,Q-15,Q,15
sw-05827,Trunska,,Colonies,J-13,J,13
sw-05828,Trupellia,,Colonies,M-13,M,13
sw-05829,Truuine,,Inner Rim,O-11,O,11
sw-05830,Truuzdann,Corellian,Core Worlds,M-11,M,11
sw-05831,Truwel,Videnda,Outer Rim Territories,L-18,L,18
sw-05832,Trydara,Barsa,Mid Rim,J-6,J,6
sw-05833,Trymant,Subterrel,Outer Rim Territories,L-20,L,20
sw-05834,Tsevuka,Cademimu,Outer Rim Territories,M-6,M,6
sw-05835,Tsoss Beacon,,Deep Core,L-11,L,11
sw-05836,Tsukimitsurin,Churnis,Mid Rim,J-6,J,6
sw-05837,Tsukkia,Fakir,Colonies,K-9,K,9
sw-05838,Tsyk,,Hutt Space,T-13,T,13
sw-05839,Tu'oon,Juris,Outer Rim Territories,P-13,P,13
sw-05840,Tuerto,Brema,Outer Rim Territories,M-17,M,17
sw-05841,Tujiamoor,,Inner Rim,K-14,K,14
sw-05842,Tulatharri Junction,Veragi,Outer Rim Territories,K-3,K,3
sw-05843,Tumani,Hapes Cluster,Inner Rim,O-9,O,9
sw-05844,Tumus,Tapani,Colonies,L-13,L,13
sw-05845,Tun Wala,Ktilac Regions,Inner Rim,N-9,N,9
sw-05846,Tund,Centrality,Outer Rim Territories,U-8,U,8
sw-05847,Tungra,Tungra,Outer Rim Territories,K-18,K,18
sw-05848,Turak,Parmel,Outer Rim Territories,O-18,O,18
sw-05849,Turcan,Parmel,Outer Rim Territories,O-18,O,18
sw-05850,Turclom,Dustig,Mid Rim,N-16,N,16
sw-05851,Turco Prime,Sarka,Mid Rim,Q-8,Q,8
sw-05852,Tureen,Kriz,Outer Rim Territories,K-19,K,19
sw-05853,Turkana,Pakuuni,Outer Rim Territories,T-6,T,6
sw-05854,Turrani,Bheriz,Outer Rim Territories,U-11,U,11
sw-05855,Tusken's Eye,,Wild Space,I-8,I,8
sw-05856,Tuttin,,Inner Rim,M-14,M,14
sw-05857,"Twilight Void, The",,Unknown Regions,D-7,D,7
sw-05858,Twin Nebulae,Javin,Outer Rim Territories,K-18,K,18
sw-05859,Twin Sun Station,Garis,Outer Rim Territories,N-17,N,17
sw-05860,"Twins, The",Obtrexta,Outer Rim Territories,K-4,K,4
sw-05861,Twith,,Core Worlds,K-9,K,9
sw-05862,Twon Ketee,Quence,Outer Rim Territories,P-18,P,18
sw-05863,Tyan,Tyan,Mid Rim,K-7,K,7
sw-05864,Tyaonon,,Wild Space,R-18,R,18
sw-05865,Tyberious,,Inner Rim,L-8,L,8
sw-05866,Tydane,Bryx,Mid Rim,R-7,R,7
sw-05867,Tyed Kant,,Core Worlds,M-10,M,10
sw-05868,Tyegin,,Inner Rim,O-10,O,10
sw-05869,Tyluun,Juvex,Mid Rim,L-18,L,18
sw-05870,Tyne Albamon,Rseik,Outer Rim Territories,N-20,N,20
sw-05871,Tyne's Horky,Teraab,Mid Rim,Q-11,Q,11
sw-05872,Tynna,Tynna,Expansion Region,N-14,N,14
sw-05873,Typhonic Nebula,Trax,Mid Rim,Q-11,Q,11
sw-05874,Tyrellia,Minos Cluster,Outer Rim Territories,M-20,M,20
sw-05875,Tyria,Hevvrol,Mid Rim,P-15,P,15
sw-05876,Tyrusia,,Inner Rim,N-8,N,8
sw-05877,Tyshapahl,Kalamith,Outer Rim Territories,P-5,P,5
sw-05878,Tythe,Savareen,Outer Rim Territories,Q-16,Q,16
sw-05879,Tython,,Deep Core,L-10,L,10
sw-05880,Tyus Cluster,Tyus,Mid Rim,N-16,N,16
sw-05881,Tyybann,,Inner Rim,J-13,J,13
sw-05882,Tzarib,Mestani,Inner Rim,J-9,J,9
sw-05883,U'Dray,Hook Nebula,Outer Rim Territories,O-18,O,18
sw-05884,U-Tendik,Trans-Nebular,Mid Rim,Q-16,Q,16
sw-05885,Uaua,Centrality,Outer Rim Territories,U-8,U,8
sw-05886,Uba,Barsa,Mid Rim,J-6,J,6
sw-05887,Ubardia,,Colonies,N-12,N,12
sw-05888,Ubduria,,Inner Rim,N-8,N,8
sw-05889,Ubertica,Barsa,Mid Rim,J-6,J,6
sw-05890,Ubrikkia,Kastolar,Mid Rim,Q-10,Q,10
sw-05891,Ubuuga,Halori,Mid Rim,Q-7,Q,7
sw-05892,Ucret,,Core Worlds,K-10,K,10
sw-05893,Udine,,Inner Rim,M-15,M,15
sw-05894,Udnil,Airam,Outer Rim Territories,M-20,M,20
sw-05895,Udrin Cara,Lannik Wilds,Mid Rim,R-13,R,13
sw-05896,Uhltenden,Thrasybule,Outer Rim Territories,P-6,P,6
sw-05897,Ukatis,,Inner Rim,L-15,L,15
sw-05898,Ukio,Abrion,Outer Rim Territories,S-15,S,15
sw-05899,Ulda Frav,Hangshan,Expansion Region,P-11,P,11
sw-05900,Ulicia,Corporate Sector,Outer Rim Territories,S-3,S,3
sw-05901,Ulion,Kuat,Core Worlds,M-10,M,10
sw-05902,Ulkantha,Tharin,Outer Rim Territories,S-8,S,8
sw-05903,Ulmatra,,Hutt Space,S-10,S,10
sw-05904,Ulness Prime,Merthian,Expansion Region,N-13,N,13
sw-05905,Ultaar,Bortele,Mid Rim,R-8,R,8
sw-05906,Umaren'k,,Unknown Regions,G-9,G,9
sw-05907,Umbara,Ghost Nebula,Expansion Region,P-10,P,10
sw-05908,Umgul,Mulgard,Mid Rim,N-16,N,16
sw-05909,Umme,Trilon,Outer Rim Territories,G-15,G,15
sw-05910,Umthyg,Juvex,Mid Rim,K-18,K,18
sw-05911,Unagin,Al'Nasrl,Outer Rim Territories,T-13,T,13
sw-05912,Unavartan,Gaulus,Outer Rim Territories,S-17,S,17
sw-05913,Unguule Nebula,,Wild Space,I-20,I,20
sw-05914,Unnipar,,Wild Space,H-19,H,19
sw-05915,Unox,Astal,Outer Rim Territories,P-18,P,18
sw-05916,Unroola Dawn,Doldur,Mid Rim,P-15,P,15
sw-05917,Unzel,Lantillian,Mid Rim,P-9,P,9
sw-05918,Uogo'cor,Trax,Mid Rim,Q-10,Q,10
sw-05919,Upekzar,Esstran (Sith Worlds),Outer Rim Territories,R-5,R,5
sw-05920,Upell,Agarix,Mid Rim,K-18,K,18
sw-05921,Uphrades,,Inner Rim,M-8,M,8
sw-05922,Upper Brightday,Trestis,Expansion Region,K-8,K,8
sw-05923,Upper Etrega,,Colonies,M-10,M,10
sw-05924,Uquine,,Colonies,N-10,N,10
sw-05925,UR-1060,Zuma (Moddell),Outer Rim Territories,H-16,H,16
sw-05926,UR-2212-GR,,Unknown Regions,H-6,H,6
sw-05927,UR-2650,Zuma (Moddell),Outer Rim Territories,H-16,H,16
sw-05928,UR-3741,Zuma (Moddell),Outer Rim Territories,H-16,H,16
sw-05929,UR-5292-FH,,Wild Space,H-7,H,7
sw-05930,UR-6572-AK,,Unknown Regions,G-8,G,8
sw-05931,UR-8827,Zuma (Moddell),Outer Rim Territories,H-16,H,16
sw-05932,UR-9353,Zuma (Moddell),Outer Rim Territories,H-16,H,16
sw-05933,UR41-284,,Unknown Regions,G-8,G,8
sw-05934,Urajab,Vulcusion,Expansion Region,L-16,L,16
sw-05935,Urber,Videnda,Outer Rim Territories,L-18,L,18
sw-05936,Urce,Urce Space,Mid Rim,L-6,L,6
sw-05937,Urch,Tower Dimension*,Unknown Regions,F-7,F,7
sw-05938,Urdur,Corporate Sector,Outer Rim Territories,S-4,S,4
sw-05939,Uridia,Yucrales,Mid Rim,R-14,R,14
sw-05940,Uriek,Ash Worlds,Outer Rim Territories,T-7,T,7
sw-05941,Urkupp,Auril,Outer Rim Territories,R-6,R,6
sw-05942,Uro,Wazta,Outer Rim Territories,I-17,I,17
sw-05943,Ursellin,Noolian,Mid Rim,Q-13,Q,13
sw-05944,Urthak,Gendius,Mid Rim,J-17,J,17
sw-05945,Uru,Atravis,Outer Rim Territories,L-19,L,19
sw-05946,Urun,Belasco,Expansion Region,O-11,O,11
sw-05947,Usean,Tunka,Outer Rim Territories,I-18,I,18
sw-05948,Useria,,Inner Rim,N-9,N,9
sw-05949,Ushmin,Relgim,Outer Rim Territories,K-4,K,4
sw-05950,Ushruu,Altier,Expansion Region,O-13,O,13
sw-05951,Usk,,Hutt Space,T-10,T,10
sw-05952,Usnia,Senex,Mid Rim,L-18,L,18
sw-05953,Usta,Gordian Reach,Outer Rim Territories,Q-6,Q,6
sw-05954,Ut,Hapes Cluster,Inner Rim,O-9,O,9
sw-05955,Utapau,Tarabba,Outer Rim Territories,N-19,N,19
sw-05956,Utaruun,Arkanis,Outer Rim Territories,R-16,R,16
sw-05957,Utegetu Nebula,,Wild Space,I-8,I,8
sw-05958,Utharis,,Core Worlds,K-10,K,10
sw-05959,Uthor,Agarix,Mid Rim,K-18,K,18
sw-05960,Uthtara,Eucer,Mid Rim,R-7,R,7
sw-05961,Uthura,,Inner Rim,M-13,M,13
sw-05962,Utor,,Inner Rim,L-15,L,15
sw-05963,Utrica,Tamarin,Outer Rim Territories,N-19,N,19
sw-05964,Utrost,Corusca (Coruscant),Core Worlds,L-9,L,9
sw-05965,Uukaablis,Kathol (Outback),Outer Rim Territories,M-21,M,21
sw-05966,Uvadala,Ividal,Mid Rim,P-15,P,15
sw-05967,Uvena,Seswenna,Outer Rim Territories,M-18,M,18
sw-05968,Uviuy Exen,Shwuy,Colonies,L-9,L,9
sw-05969,Uvoss,Cassander (Tadrin),Outer Rim Territories,K-5,K,5
sw-05970,Uyter,Lantillian,Mid Rim,P-9,P,9
sw-05971,V'shar,,Wild Space,U-15,U,15
sw-05972,Va'art,Roche,Mid Rim,Q-8,Q,8
sw-05973,Vaal,Gordian Reach,Outer Rim Territories,P-5,P,5
sw-05974,Vaathkree,Tharin (Periphery),Outer Rim Territories,S-8,S,8
sw-05975,Vaced,Jalor,Mid Rim,J-7,J,7
sw-05976,Vactooine,Arkanis,Outer Rim Territories,R-16,R,16
sw-05977,Vadnay,Spinward,Outer Rim Territories,M-2,M,2
sw-05978,Vadooria,Halla,Mid Rim,S-9,S,9
sw-05979,Vadran,Rago,Mid Rim,I-7,I,7
sw-05980,Vaenrood,Pakuuni,Outer Rim Territories,T-6,T,6
sw-05981,Vagadarr,,Inner Rim,K-14,K,14
sw-05982,Vagar Praxut,,Unknown Regions,H-9,H,9
sw-05983,Vagneria,,Core Worlds,K-12,K,12
sw-05984,Vagran,Corellian,Core Worlds,M-11,M,11
sw-05985,Vahaba,Quelii,Outer Rim Territories,N-6,N,6
sw-05986,Vakkar,Fakir,Colonies,K-9,K,9
sw-05987,Vaklin,,Inner Rim,M-14,M,14
sw-05988,Valahari,D'Astan (Valahari),Outer Rim Territories,N-5,N,5
sw-05989,Valashar,Churnis,Mid Rim,I-7,I,7
sw-05990,Valc,Perinn,Outer Rim Territories,J-4,J,4
sw-05991,Vale,Atravis,Outer Rim Territories,L-19,L,19
sw-05992,Valera,,Colonies,L-13,L,13
sw-05993,Valeria,,Core Worlds,M-12,M,12
sw-05994,Valfin,Meram,Outer Rim Territories,O-4,O,4
sw-05995,Valgauth,Nojic,Expansion Region,P-9,P,9
sw-05996,Validusia,Bes Ber Bikade,Expansion Region,L-15,L,15
sw-05997,Vallt,Juris,Outer Rim Territories,P-17,P,17
sw-05998,Vallusk Cluster,Gordian Reach,Outer Rim Territories,Q-6,Q,6
sw-05999,Valnoos,Morshdine,Outer Rim Territories,O-5,O,5
sw-06000,Valo,Rseik,Outer Rim Territories,N-19,N,19
sw-06001,Valorsi,Juvex,Mid Rim,L-17,L,17
sw-06002,Valrar,Glythe,Mid Rim,J-7,J,7
sw-06003,Valron,Rocantor,Expansion Region,L-15,L,15
sw-06004,Valsedian,,Hutt Space,S-11,S,11
sw-06005,Valtava,Valtava,Inner Rim,I-8,I,8
sw-06006,Valtha Divide,,Wild Space,S-4,S,4
sw-06007,Valtos,,Wild Space,I-8,I,8
sw-06008,Vanahame,Grumani,Outer Rim Territories,N-17,N,17
sw-06009,Vanan,Atravis,Outer Rim Territories,L-19,L,19
sw-06010,Vanaria,Rseik,Outer Rim Territories,N-20,N,20
sw-06011,Vandelae,,Inner Rim,O-10,O,10
sw-06012,Vandelhelm,Epsi Collective,Expansion Region,M-15,M,15
sw-06013,Vandin,Tharin,Outer Rim Territories,S-8,S,8
sw-06014,Vandor,Sloo,Mid Rim,P-14,P,14
sw-06015,Vandos,Nuiri,Outer Rim Territories,Q-7,Q,7
sw-06016,Vandron,D'Aelgoth,Mid Rim,L-17,L,17
sw-06017,Vandyne,Morshdine,Outer Rim Territories,O-5,O,5
sw-06018,Vanguerre,Roche,Mid Rim,Q-8,Q,8
sw-06019,Vanik,,Inner Rim,L-14,L,14
sw-06020,Vanjervalis,,Colonies,N-11,N,11
sw-06021,Vannan,Nijune,Outer Rim Territories,O-4,O,4
sw-06022,Vannix,,Core Worlds,M-10,M,10
sw-06023,Vanooria,,Core Worlds,M-10,M,10
sw-06024,Vanqor,Sertar,Outer Rim Territories,R-5,R,5
sw-06025,Vanquo,Meerian,Outer Rim Territories,O-6,O,6
sw-06026,Vantillia,,Inner Rim,M-13,M,13
sw-06027,Vanzeist,Suolriep,Outer Rim Territories,S-8,S,8
sw-06028,Var-Shaa,Dustig,Mid Rim,N-17,N,17
sw-06029,Varada,Varada,Outer Rim Territories,I-19,I,19
sw-06030,Varadan,Senex,Mid Rim,L-18,L,18
sw-06031,Vardos,,Core Worlds,L-9,L,9
sw-06032,Vardoss,Vardoss,Expansion Region,J-8,J,8
sw-06033,Vargos,Mortex,Outer Rim Territories,R-5,R,5
sw-06034,Varic,Chorlian,Outer Rim Territories,S-4,S,4
sw-06035,Varkana,Quelii,Outer Rim Territories,O-6,O,6
sw-06036,Varl,,Hutt Space,S-11,S,11
sw-06037,Varlinaar,Koradin,Outer Rim Territories,J-18,J,18
sw-06038,Varn,Quelii,Outer Rim Territories,O-6,O,6
sw-06039,Varnak,Kurost,Mid Rim,Q-11,Q,11
sw-06040,Varonat,Javin (Anoat),Outer Rim Territories,K-18,K,18
sw-06041,Varristad,Abrion,Outer Rim Territories,S-15,S,15
sw-06042,Vartos,Tharin,Outer Rim Territories,S-8,S,8
sw-06043,Varvrona,Obtrexta,Outer Rim Territories,K-4,K,4
sw-06044,Varvva,Barsa,Mid Rim,J-6,J,6
sw-06045,Vasar,Corellian,Core Worlds,M-11,M,11
sw-06046,Vasch,Arkanis,Outer Rim Territories,R-17,R,17
sw-06047,Vasha,Zuma (Moddell),Outer Rim Territories,H-16,H,16
sw-06048,Vashka,Kibilini,Outer Rim Territories,Q-17,Q,17
sw-06049,Vassek,Wazta,Outer Rim Territories,I-17,I,17
sw-06050,Vastrip,,Inner Rim,N-7,N,7
sw-06051,Vasuuli,Kliap,Colonies,M-9,M,9
sw-06052,Vatleria,Calaron,Outer Rim Territories,T-9,T,9
sw-06053,Vatta,,Wild Space,M-21,M,21
sw-06054,Vavarna,Jjannex,Outer Rim Territories,L-18,L,18
sw-06055,Vaykaaris,,Colonies,K-13,K,13
sw-06056,Vaynai,Chorlian,Outer Rim Territories,S-4,S,4
sw-06057,Veccacopia,Tunka,Outer Rim Territories,I-19,I,19
sw-06058,Vectinia,Hewett,Mid Rim,M-7,M,7
sw-06059,Vedis,Mayagil,Outer Rim Territories,N-18,N,18
sw-06060,Veil Nebula,D'Astan,Outer Rim Territories,N-5,N,5
sw-06061,"Veil, The",Farstey,Expansion Region,O-8,O,8
sw-06062,Velabri,,Outer Rim Territories,S-18,S,18
sw-06063,Velanaria,Videnda,Outer Rim Territories,L-18,L,18
sw-06064,Velex,Locris,Expansion Region,O-8,O,8
sw-06065,Velga,Juvex,Mid Rim,L-18,L,18
sw-06066,Vellas Pavo,Grumani,Outer Rim Territories,M-17,M,17
sw-06067,Vellity,Trax,Mid Rim,Q-10,Q,10
sw-06068,Velmor,Halori,Mid Rim,P-7,P,7
sw-06069,Velossia,Manda,Mid Rim,R-15,R,15
sw-06070,Velusia,,Core Worlds,L-9,L,9
sw-06071,Velx-Shel,Corellian,Core Worlds,M-11,M,11
sw-06072,Vena,Nojic,Expansion Region,P-9,P,9
sw-06073,Venaari,Venaarian,Mid Rim,O-8,O,8
sw-06074,Vendara,Kwymar,Outer Rim Territories,Q-4,Q,4
sw-06075,Vendaxa,Chaykin,Expansion Region,O-14,O,14
sw-06076,Vendrak,Videnda,Outer Rim Territories,M-18,M,18
sw-06077,Vendusii,Vendusii,Mid Rim,P-16,P,16
sw-06078,Venedlia,Instrop,Outer Rim Territories,S-16,S,16
sw-06079,Venerable Stirta,Ghost Nebula,Expansion Region,P-10,P,10
sw-06080,Venestria,Clacis,Outer Rim Territories,K-4,K,4
sw-06081,Vengler,,Wild Space,H-18,H,18
sw-06082,Venir,Kuat,Core Worlds,M-10,M,10
sw-06083,Venjagga,,Colonies,K-9,K,9
sw-06084,Vensor,Vensori,Mid Rim,P-8,P,8
sw-06085,Ventil,Trax,Mid Rim,Q-10,Q,10
sw-06086,Vento,,Core Worlds,L-9,L,9
sw-06087,Ventooine,Corva,Outer Rim Territories,P-3,P,3
sw-06088,Ventran,Var Hagen,Mid Rim,M-16,M,16
sw-06089,Ventruun,Grumani,Outer Rim Territories,M-17,M,17
sw-06090,Ventrux,Thesme,Outer Rim Territories,O-6,O,6
sw-06091,Venustria,,Colonies,N-12,N,12
sw-06092,Venzeiia,Venzeiia,Expansion Region,O-12,O,12
sw-06093,Veragi,Veragi,Outer Rim Territories,L-3,L,3
sw-06094,Verdanaia,,Core Worlds,M-11,M,11
sw-06095,Verdanth,Bon'nyuw-Luq,Outer Rim Territories,N-17,N,17
sw-06096,Verde,Tharin (Periphery),Outer Rim Territories,S-8,S,8
sw-06097,Verdi,Rayter,Outer Rim Territories,J-19,J,19
sw-06098,Verdoria,,Core Worlds,M-11,M,11
sw-06099,Vergill,Hapes Cluster,Inner Rim,O-9,O,9
sw-06100,Verig,Raioballo,Outer Rim Territories,L-4,L,4
sw-06101,Verisin,Bajic,Outer Rim Territories,P-17,P,17
sw-06102,Verkuyl,Stensen,Outer Rim Territories,H-17,H,17
sw-06103,Vernet,Baroli,Expansion Region,N-14,N,14
sw-06104,Vernid,Kanz,Outer Rim Territories,M-4,M,4
sw-06105,Veroleem,,Unknown Regions,I-6,I,6
sw-06106,Veron,Senex,Mid Rim,L-17,L,17
sw-06107,Veron Minor,Mektrun,Mid Rim,L-17,L,17
sw-06108,Veronia,Oricho,Outer Rim Territories,M-6,M,6
sw-06109,Veros,Dimean,Expansion Region,P-13,P,13
sw-06110,Verossia,Strabin,Mid Rim,M-7,M,7
sw-06111,Verroth,Belsmuth,Outer Rim Territories,O-6,O,6
sw-06112,Vertseth,,Colonies,N-10,N,10
sw-06113,Verullia,Kira,Expansion Region,N-15,N,15
sw-06114,Vesari,,Inner Rim,O-10,O,10
sw-06115,Vesla,Corosi,Outer Rim Territories,N-6,N,6
sw-06116,Vesla Minor,,Wild Space,I-14,I,14
sw-06117,Vespaara,Suolriep,Outer Rim Territories,S-8,S,8
sw-06118,Vessitoar,Ottega,Mid Rim,M-6,M,6
sw-06119,Vestar,Rseik,Outer Rim Territories,N-20,N,20
sw-06120,Vestor Nebula,Trans-Nebular,Mid Rim,R-16,R,16
sw-06121,Vestral,Mortex,Outer Rim Territories,R-5,R,5
sw-06122,Vetine,Merrick,Inner Rim,L-14,L,14
sw-06123,Vex,Zuma (Moddell),Outer Rim Territories,H-16,H,16
sw-06124,Vexar,Corporate Sector,Outer Rim Territories,S-4,S,4
sw-06125,Vexos,,Wild Space,G-14,G,14
sw-06126,Vexta,Carrion,Outer Rim Territories,J-4,J,4
sw-06127,Viamarr,,Inner Rim,N-7,N,7
sw-06128,Vicondor,Vorc,Mid Rim,J-7,J,7
sw-06129,Videll,,Colonies,M-13,M,13
sw-06130,Vidicx,Eclorar,Mid Rim,Q-12,Q,12
sw-06131,Viga,Lostar,Expansion Region,M-7,M,7
sw-06132,Viidaav,Bryx,Mid Rim,R-7,R,7
sw-06133,Vilosoria,Lifh,Mid Rim,R-8,R,8
sw-06134,Vincorba,Piryn Shar,Expansion Region,K-16,K,16
sw-06135,Vindalia,,Colonies,L-13,L,13
sw-06136,Vinnax,,Wild Space,S-3,S,3
sw-06137,Vinsoth,Quelii,Outer Rim Territories,N-5,N,5
sw-06138,Vint,Sevetta,Outer Rim Territories,T-16,T,16
sw-06139,Vinth,Venzeiia,Expansion Region,O-13,O,13
sw-06140,Vintrus,Manda,Mid Rim,R-15,R,15
sw-06141,Vinzen Neela,Parmic,Outer Rim Territories,P-18,P,18
sw-06142,Vir Aphshire,Tharin,Outer Rim Territories,S-8,S,8
sw-06143,Viraanntesse,Dona Laza,Expansion Region,P-9,P,9
sw-06144,Virgillia,Koradin,Outer Rim Territories,I-18,I,18
sw-06145,Viridia,Halthor,Outer Rim Territories,M-6,M,6
sw-06146,Virkoi,,Inner Rim,N-9,N,9
sw-06147,Virmeude,Mayagil,Outer Rim Territories,M-18,M,18
sw-06148,Virujansi,,Inner Rim,O-10,O,10
sw-06149,Vishay,Vish,Mid Rim,N-16,N,16
sw-06150,Vispil,Thrasybule,Outer Rim Territories,P-6,P,6
sw-06151,Visseon,,Inner Rim,N-10,N,10
sw-06152,Vivonah,Atravis,Outer Rim Territories,L-19,L,19
sw-06153,Vixnix,Rago,Mid Rim,I-7,I,7
sw-06154,Vizcarra,Cegul,Outer Rim Territories,L-20,L,20
sw-06155,Vjun,Nuiri,Outer Rim Territories,Q-6,Q,6
sw-06156,Vlemoth Port,Instrop,Outer Rim Territories,S-16,S,16
sw-06157,Vnex,Gordian Reach,Outer Rim Territories,Q-6,Q,6
sw-06158,Vo Tunbren,Cegul (Tadra),Outer Rim Territories,M-20,M,20
sw-06159,Vob,Ktilac Regions,Inner Rim,N-9,N,9
sw-06160,Vobes,,Core Worlds,J-10,J,10
sw-06161,Vodran,,Hutt Space,S-9,S,9
sw-06162,Vogel,Var Hagen,Mid Rim,M-16,M,16
sw-06163,Vohai,Parmel,Outer Rim Territories,O-18,O,18
sw-06164,Void of Aogros,,Wild Space,H-18,H,18
sw-06165,Void of Chopani,Chopani,Outer Rim Territories,L-4,L,4
sw-06166,Void Station,Bothan,Mid Rim,R-14,R,14
sw-06167,Voidfire Nebula,Palamut,Expansion Region,N-13,N,13
sw-06168,Voktunma,,Core Worlds,M-11,M,11
sw-06169,Volgax,,Core Worlds,K-10,K,10
sw-06170,Volik,,Unknown Regions,H-7,H,7
sw-06171,Volta,Chaykin,Expansion Region,O-14,O,14
sw-06172,Voltare,,Inner Rim,K-8,K,8
sw-06173,Von-Alai,Locris,Expansion Region,O-8,O,8
sw-06174,Vonak,Dalonbian,Outer Rim Territories,L-3,L,3
sw-06175,Vondarc,Var Hagen,Mid Rim,M-16,M,16
sw-06176,Vondoru,,Unknown Regions,G-6,G,6
sw-06177,Voniss,,Mid Rim,I-7,I,7
sw-06178,Vontor,,Hutt Space,S-9,S,9
sw-06179,Voolukaria,,Core Worlds,K-13,K,13
sw-06180,Voon,Krenher,Core Worlds,K-9,K,9
sw-06181,Voorlach,Duluur,Colonies,M-13,M,13
sw-06182,Voorsbain,Senex,Mid Rim,L-18,L,18
sw-06183,Vor Deo,Arkanis,Outer Rim Territories,R-17,R,17
sw-06184,Vorian,Immalia,Expansion Region,K-8,K,8
sw-06185,Vorkaa,Graador,Mid Rim,I-17,I,17
sw-06186,Vorlag,Thuris,Outer Rim Territories,P-18,P,18
sw-06187,Vornax,Thanium,Outer Rim Territories,S-5,S,5
sw-06188,Vorpa'ya,Mandalore,Outer Rim Territories,O-7,O,7
sw-06189,Vorpal Nebula,Halthor,Outer Rim Territories,M-6,M,6
sw-06190,Vorrnti,,Inner Rim,L-8,L,8
sw-06191,Vorsia,,Inner Rim,N-9,N,9
sw-06192,Vortex,Glythe,Mid Rim,K-7,K,7
sw-06193,Vorusku,Juris,Outer Rim Territories,P-17,P,17
sw-06194,Vorzyd,Vorzyd,Outer Rim Territories,R-6,R,6
sw-06195,Vosch Cluster,Ado,Mid Rim,M-17,M,17
sw-06196,Voss,Allied Tion,Outer Rim Territories,S-6,S,6
sw-06197,Vosteltig,Oplovis,Outer Rim Territories,M-5,M,5
sw-06198,Voxx Cluster,Ash Worlds,Outer Rim Territories,S-7,S,7
sw-06199,Vr'gedia,Mytaranor,Mid Rim,P-9,P,9
sw-06200,Vrakolia,,Core Worlds,K-13,K,13
sw-06201,Vretha,Hollan,Mid Rim,M-7,M,7
sw-06202,Vrogas Vas,Sujimis,Outer Rim Territories,O-19,O,19
sw-06203,Vrosynri,Nijune,Outer Rim Territories,N-5,N,5
sw-06204,Vryssa,Dalicron,Outer Rim Territories,K-19,K,19
sw-06205,Vuchelle,Atrivis,Outer Rim Territories,L-5,L,5
sw-06206,Vulcar,Juvex,Mid Rim,L-18,L,18
sw-06207,Vulcusion,Vulcusion,Expansion Region,L-16,L,16
sw-06208,Vulderania,,Core Worlds,L-10,L,10
sw-06209,Vulpinus Nebula,Vatha,Expansion Region,K-16,K,16
sw-06210,Vulpter,,Deep Core,L-10,L,10
sw-06211,Vulta,Trans-Vulta,Mid Rim,N-7,N,7
sw-06212,Vultar,,Core Worlds,L-10,L,10
sw-06213,Vulvarch,,Colonies,L-13,L,13
sw-06214,Vuma,,Core Worlds,M-10,M,10
sw-06215,Vun'Hanna,,Unknown Regions,D-7,D,7
sw-06216,Vunakia,Phelleem,Outer Rim Territories,S-7,S,7
sw-06217,Vundaria,,Inner Rim,N-9,N,9
sw-06218,Vur,Ojoster,Outer Rim Territories,N-7,N,7
sw-06219,Vurdon Ka,Darlonn,Inner Rim,M-9,M,9
sw-06220,Vuundalla,Tungra,Outer Rim Territories,K-18,K,18
sw-06221,Vuzsa,Arkanis,Outer Rim Territories,R-16,R,16
sw-06222,VV-99-7JE-2N71,Shiwal,Mid Rim,L-7,L,7
sw-06223,Vvaw,Calaron,Outer Rim Territories,U-9,U,9
sw-06224,Vycinyth,Tapani,Colonies,L-13,L,13
sw-06225,Vykos,Relgim,Outer Rim Territories,L-5,L,5
sw-06226,Vyndal,Chorlian,Outer Rim Territories,S-4,S,4
sw-06227,Vyron,Kurost,Mid Rim,Q-11,Q,11
sw-06228,Wadi Raffa,Airam,Outer Rim Territories,M-20,M,20
sw-06229,Wakeelmui,,Colonies,L-9,L,9
sw-06230,Wakiza,Farlax,Core Worlds,K-10,K,10
sw-06231,Walalla,,Inner Rim,J-13,J,13
sw-06232,Walin'or,Shiwal,Mid Rim,M-7,M,7
sw-06233,Wann Tsir,Sepan,Expansion Region,P-13,P,13
sw-06234,Warchigade,Toblain,Outer Rim Territories,O-18,O,18
sw-06235,Warlentta,Strabin,Mid Rim,M-7,M,7
sw-06236,Warrin Station,Couronne,Expansion Region,P-10,P,10
sw-06237,Wasco,Bri'ahl,Outer Rim Territories,I-17,I,17
sw-06238,Waskiro,Jospro,Outer Rim Territories,R-7,R,7
sw-06239,Wayland,Ojoster,Outer Rim Territories,N-7,N,7
sw-06240,Waymancy,,Inner Rim,K-8,K,8
sw-06241,Wazta,Wazta,Outer Rim Territories,J-18,J,18
sw-06242,Wecacoe,,Colonies,K-13,K,13
sw-06243,Weerden,Corusca,Core Worlds,K-9,K,9
sw-06244,Wehttam,Farlax,Core Worlds,K-10,K,10
sw-06245,Weik,,Wild Space,H-20,H,20
sw-06246,Weldii,,Core Worlds,L-13,L,13
sw-06247,Wells,Perkell,Mid Rim,Q-7,Q,7
sw-06248,Wellsia,Illodia,Core Worlds,K-13,K,13
sw-06249,Wellte-ir,Trax,Mid Rim,Q-10,Q,10
sw-06250,Welsl,Brak,Expansion Region,O-14,O,14
sw-06251,Wen'he'dinae,Eidoloni,Mid Rim,L-16,L,16
sw-06252,Wenderal,Aparo,Outer Rim Territories,R-3,R,3
sw-06253,Werania,Biivren,Expansion Region,P-9,P,9
sw-06254,Werma,Xappyh,Outer Rim Territories,Q-3,Q,3
sw-06255,Werncin,Kwymar,Outer Rim Territories,Q-4,Q,4
sw-06256,Werta,Oriolan,Mid Rim,J-16,J,16
sw-06257,Wetyin's Colony,Gordian Reach,Outer Rim Territories,Q-5,Q,5
sw-06258,Weytta,Auril,Outer Rim Territories,S-6,S,6
sw-06259,"Wheel, The",Maldrood,Mid Rim,R-7,R,7
sw-06260,Whelori,,Colonies,K-13,K,13
sw-06261,Whendyll,Cademimu,Outer Rim Territories,L-6,L,6
sw-06262,Whiforla,,Inner Rim,M-13,M,13
sw-06263,Whinndor,Grumani,Outer Rim Territories,N-17,N,17
sw-06264,"Whirl, The",,Inner Rim,K-8,K,8
sw-06265,Wick,Instrop,Outer Rim Territories,S-16,S,16
sw-06266,Widek,Farlax,Core Worlds,K-10,K,10
sw-06267,Wielu,,Inner Rim,N-13,N,13
sw-06268,Wilpiet,Cademimu,Outer Rim Territories,M-6,M,6
sw-06269,Winagrew,Graador,Mid Rim,J-17,J,17
sw-06270,Winnikk,Sumitra,Expansion Region,O-7,O,7
sw-06271,Winsit,Cegul,Outer Rim Territories,L-20,L,20
sw-06272,Winter's Edge,Koradin,Outer Rim Territories,J-18,J,18
sw-06273,Wistril,Fath,Outer Rim Territories,K-6,K,6
sw-06274,Witch Nebula,,Colonies,L-9,L,9
sw-06275,Wizar,,Wild Space,I-8,I,8
sw-06276,Wobani,Bryx,Mid Rim,R-8,R,8
sw-06277,Wodan,Hapes Cluster,Inner Rim,O-9,O,9
sw-06278,Wodenstam,Skine,Outer Rim Territories,Q-19,Q,19
sw-06279,Wol Cabassh,Quelii,Outer Rim Territories,O-6,O,6
sw-06280,Woldona,Sevetta,Outer Rim Territories,T-16,T,16
sw-06281,Womrik,Dufilvian,Mid Rim,Q-15,Q,15
sw-06282,Woostri,Woostri,Expansion Region,M-16,M,16
sw-06283,Woqua,,Core Worlds,K-10,K,10
sw-06284,Wor Tandell,Dolomar,Core Worlds,K-9,K,9
sw-06285,Worru'du,Torranix,Core Worlds,K-10,K,10
sw-06286,Worxer,Elrood,Outer Rim Territories,M-20,M,20
sw-06287,Woteba,,Wild Space,I-8,I,8
sw-06288,Wranag,Bajic,Outer Rim Territories,P-17,P,17
sw-06289,Wrea,Gaulus,Outer Rim Territories,S-17,S,17
sw-06290,Wretch of Tayron,Videnda,Outer Rim Territories,L-18,L,18
sw-06291,Wrodi,Meerian,Outer Rim Territories,O-6,O,6
sw-06292,Wroona,,Inner Rim,L-15,L,15
sw-06293,Wukkar,,Core Worlds,L-10,L,10
sw-06294,Wxtm,Gaulus,Outer Rim Territories,R-17,R,17
sw-06295,Wyloff,Wyloff,Colonies,L-8,L,8
sw-06296,Wyndigal,Ash Worlds,Outer Rim Territories,S-7,S,7
sw-06297,Wynkahthu,Alderath,Mid Rim,L-7,L,7
sw-06298,Wynth,Wyloff,Colonies,L-8,L,8
sw-06299,Wyveral,Homon,Mid Rim,M-7,M,7
sw-06300,X3-299-11,,Wild Space,S-4,S,4
sw-06301,Xa Fel,Kanchen,Core Worlds,K-9,K,9
sw-06302,Xagobah,Mayagil,Outer Rim Territories,M-18,M,18
sw-06303,Xais,Yminis,Outer Rim Territories,S-14,S,14
sw-06304,Xal,Zuma (Ablajeck),Outer Rim Territories,H-16,H,16
sw-06305,Xala,,Wild Space,H-14,H,14
sw-06306,Xanas,Xan,Mid Rim,Q-15,Q,15
sw-06307,Xandil,Lambda,Mid Rim,P-16,P,16
sw-06308,Xandonia,Askarian,Expansion Region,P-11,P,11
sw-06309,Xandros,Locris,Expansion Region,O-8,O,8
sw-06310,Xanlanner,Wyl,Outer Rim Territories,S-4,S,4
sw-06311,Xantar,Corva,Outer Rim Territories,P-4,P,4
sw-06312,Xartun,Ojoster,Outer Rim Territories,O-7,O,7
sw-06313,Xaza,Xan,Mid Rim,Q-15,Q,15
sw-06314,Xend,,Inner Rim,M-8,M,8
sw-06315,Xendek,Calaron,Outer Rim Territories,T-9,T,9
sw-06316,Xenxiar,Trax,Mid Rim,P-10,P,10
sw-06317,Xeron,,Inner Rim,M-14,M,14
sw-06318,Xerthia,,Inner Rim,K-14,K,14
sw-06319,Xerton,,Wild Space,J-3,J,3
sw-06320,Xerxes,,Core Worlds,M-11,M,11
sw-06321,Xibariz,,Inner Rim,O-9,O,9
sw-06322,Xifal,Allied Tion,Outer Rim Territories,S-6,S,6
sw-06323,Xilxash,Yminis,Outer Rim Territories,S-15,S,15
sw-06324,Xirl,,Wild Space,O-20,O,20
sw-06325,Xiunsrus,Quence,Outer Rim Territories,P-18,P,18
sw-06326,Xo,Spinward,Outer Rim Territories,N-2,N,2
sw-06327,Xobome,,Colonies,N-10,N,10
sw-06328,Xochtl,Gordian Reach,Outer Rim Territories,P-6,P,6
sw-06329,Xoemefel,Marzoon,Mid Rim,I-16,I,16
sw-06330,Xolu,,Hutt Space,S-13,S,13
sw-06331,Xoman,Halla,Mid Rim,S-9,S,9
sw-06332,Xorao,Mezeg,Mid Rim,M-7,M,7
sw-06333,Xorrn,Ferra,Outer Rim Territories,S-16,S,16
sw-06334,Xorth,,Core Worlds,L-10,L,10
sw-06335,XT987,,Inner Rim,J-8,J,8
sw-06336,Xu'hu,Quiberon,Outer Rim Territories,S-15,S,15
sw-06337,Xuaquarres,Ash Worlds,Outer Rim Territories,S-7,S,7
sw-06338,XV-344H,Esstran,Outer Rim Territories,Q-5,Q,5
sw-06339,Xxan,Antemeridian,Outer Rim Territories,R-7,R,7
sw-06340,Xyquine,Corellian,Core Worlds,M-11,M,11
sw-06341,Y'Dar,Astal,Outer Rim Territories,P-17,P,17
sw-06342,Y'nybeth,Tokamac,Expansion Region,O-13,O,13
sw-06343,Y'Trella,Sarin,Outer Rim Territories,P-18,P,18
sw-06344,Yablari,Vorzyd,Outer Rim Territories,R-6,R,6
sw-06345,Yabol Opa,,Colonies,M-9,M,9
sw-06346,Yabosta,Rocantor,Expansion Region,L-15,L,15
sw-06347,Yag'Dhul,,Inner Rim,L-14,L,14
sw-06348,Yaga Minor,Prefsbelt,Outer Rim Territories,K-5,K,5
sw-06349,Yagara,Hadar,Mid Rim,L-17,L,17
sw-06350,Yaka,,Colonies,M-8,M,8
sw-06351,Yakorki,Pacanth Reach,Outer Rim Territories,G-16,G,16
sw-06352,Yalara,,Wild Space,I-21,I,21
sw-06353,Yalbec Prime,Rolion,Outer Rim Territories,P-7,P,7
sw-06354,Yaled,Jubilar,Outer Rim Territories,T-7,T,7
sw-06355,Yalln,Mortex,Outer Rim Territories,R-5,R,5
sw-06356,Yama'chen,Nicandra,Mid Rim,L-7,L,7
sw-06357,Yamradi,Varada,Outer Rim Territories,I-19,I,19
sw-06358,Yan Korelda,Prefsbelt,Outer Rim Territories,J-5,J,5
sw-06359,Yanibar,,Wild Space,R-19,R,19
sw-06360,Yanis,,Core Worlds,L-12,L,12
sw-06361,Yankirk,Ado,Mid Rim,L-17,L,17
sw-06362,Yantha,,Inner Rim,N-8,N,8
sw-06363,Yar Togna,Sarin,Outer Rim Territories,P-18,P,18
sw-06364,Yarille,Fath,Outer Rim Territories,K-6,K,6
sw-06365,Yarith,Javin (Yarith),Outer Rim Territories,J-18,J,18
sw-06366,Yarma,Tharin,Outer Rim Territories,T-8,T,8
sw-06367,Yarnil,Toblain,Outer Rim Territories,N-18,N,18
sw-06368,Yaronn,,Wild Space,T-5,T,5
sw-06369,Yarrv,,Core Worlds,K-13,K,13
sw-06370,Yartiga,Spirva,Mid Rim,K-17,K,17
sw-06371,Yashuvhu,,Unknown Regions,F-9,F,9
sw-06372,Yasilor,Bajic,Outer Rim Territories,P-17,P,17
sw-06373,Yathik,Boeus,Expansion Region,M-15,M,15
sw-06374,Yavin,Gordian Reach,Outer Rim Territories,P-6,P,6
sw-06375,Ychthyton,Belderone,Outer Rim Territories,R-6,R,6
sw-06376,Yde,Nicandra,Mid Rim,M-7,M,7
sw-06377,Yeksom,Antemeridian,Outer Rim Territories,R-7,R,7
sw-06378,Yelsain,Minos Cluster,Outer Rim Territories,M-20,M,20
sw-06379,Yerbana,Savareen,Outer Rim Territories,Q-17,Q,17
sw-06380,Yerej,Tungra,Outer Rim Territories,K-18,K,18
sw-06381,Yerphonia,,Core Worlds,L-9,L,9
sw-06382,Yeshocq,Mulgard,Mid Rim,N-16,N,16
sw-06383,Yethra,Bon'nyuw-Luq,Outer Rim Territories,N-17,N,17
sw-06384,Yetnis,,Inner Rim,K-8,K,8
sw-06385,Yetoom,Senex,Mid Rim,L-18,L,18
sw-06386,Yev,Yushan,Mid Rim,K-17,K,17
sw-06387,Yhifar,Juvex,Mid Rim,L-17,L,17
sw-06388,Yhuli,Jospro,Outer Rim Territories,R-7,R,7
sw-06389,Yinchorr,Fellwe,Expansion Region,L-8,L,8
sw-06390,Yir Tangee,,Colonies,L-8,L,8
sw-06391,Yirt-4138-Grek-12,Fakir,Colonies,K-9,K,9
sw-06392,Yisgga,,Inner Rim,M-13,M,13
sw-06393,Yitabo,Kastolar,Mid Rim,Q-10,Q,10
sw-06394,Yityl,Quence,Outer Rim Territories,O-18,O,18
sw-06395,Ylesia,,Hutt Space,T-12,T,12
sw-06396,Ylix,M'shinni,Mid Rim,M-7,M,7
sw-06397,Yllotat,Bothan,Mid Rim,R-14,R,14
sw-06398,Yn,,Inner Rim,K-14,K,14
sw-06399,Yntrann,,Wild Space,O-3,O,3
sw-06400,Yoberra,Airam,Outer Rim Territories,M-20,M,20
sw-06401,Yoggoy,,Unknown Regions,H-7,H,7
sw-06402,Yolthani,Nijune,Outer Rim Territories,N-5,N,5
sw-06403,Yoon Cloud,,Wild Space,V-9,V,9
sw-06404,Yordain Core,,Inner Rim,L-15,L,15
sw-06405,Yorgraxx,Prefsbelt,Outer Rim Territories,K-5,K,5
sw-06406,Yoribuunt,Tharin,Outer Rim Territories,S-8,S,8
sw-06407,Yorn Skot,,Inner Rim,N-14,N,14
sw-06408,Yoturba,,Mid Rim,I-7,I,7
sw-06409,Yout,Qiilura,Mid Rim,L-7,L,7
sw-06410,Yrrna,Tamarin,Outer Rim Territories,N-19,N,19
sw-06411,Ytha'ac Cluster,Airam,Outer Rim Territories,M-20,M,20
sw-06412,Yuga,Sanbra,Outer Rim Territories,O-17,O,17
sw-06413,Yugami,Atravis,Outer Rim Territories,L-19,L,19
sw-06414,Yulant,,Core Worlds,L-10,L,10
sw-06415,Yungbrii,Far Xandil,Mid Rim,O-16,O,16
sw-06416,Yunkor,Jjannex,Outer Rim Territories,K-19,K,19
sw-06417,Yurb,Suolriep,Outer Rim Territories,S-10,S,10
sw-06418,Yutan,Ombakond,Expansion Region,P-12,P,12
sw-06419,Yutusk,Mortex,Outer Rim Territories,R-5,R,5
sw-06420,Yuvern,Oplovis,Outer Rim Territories,M-5,M,5
sw-06421,Yuw,Herdessa,Mid Rim,Q-16,Q,16
sw-06422,Yvara,Kathol (Rift),Outer Rim Territories,M-21,M,21
sw-06423,Ywllandr,Prefsbelt,Outer Rim Territories,K-5,K,5
sw-06424,Z'fell,Farlax,Core Worlds,K-10,K,10
sw-06425,Z'trop,Tamarin,Outer Rim Territories,N-18,N,18
sw-06426,Z-LOQ,D'Aelgoth,Mid Rim,L-17,L,17
sw-06427,Zaadja,Savareen,Outer Rim Territories,R-16,R,16
sw-06428,Zabba,Bheriz,Outer Rim Territories,T-11,T,11
sw-06429,Zabian,Phelleem,Outer Rim Territories,S-7,S,7
sw-06430,Zadaria,Hapes Cluster,Inner Rim,O-9,O,9
sw-06431,Zaddja,Trilon,Outer Rim Territories,H-15,H,15
sw-06432,Zairona,Bon'nyuw-Luq,Outer Rim Territories,N-18,N,18
sw-06433,Zakuul,,Unknown Regions,F-4,F,4
sw-06434,Zallo,Tamarin,Outer Rim Territories,N-18,N,18
sw-06435,Zalori,Hapes Cluster,Inner Rim,O-9,O,9
sw-06436,Zaloriis,Askarian,Expansion Region,P-12,P,12
sw-06437,Zalso,,Core Worlds,M-11,M,11
sw-06438,Zamael,,Deep Core,K-12,K,12
sw-06439,Zanbar,Mandalore,Outer Rim Territories,O-7,O,7
sw-06440,Zandrax,Nilgaard,Outer Rim Territories,T-5,T,5
sw-06441,Zarak,Greater Plooriod,Expansion Region,M-7,M,7
sw-06442,Zaraksander,Imberlin,Expansion Region,P-14,P,14
sw-06443,Zardossa Stix,,Colonies,J-13,J,13
sw-06444,Zaria,Juvex,Mid Rim,L-17,L,17
sw-06445,Zarkis,Suolriep,Outer Rim Territories,S-9,S,9
sw-06446,Zarracina,Zarracina,Expansion Region,O-14,O,14
sw-06447,Zarsteck,,Core Worlds,M-12,M,12
sw-06448,Zastiga,Kallea,Outer Rim Territories,K-20,K,20
sw-06449,Zav Alox,Trilon,Outer Rim Territories,H-15,H,15
sw-06450,Zavian Abyss,Ghost Nebula,Expansion Region,P-10,P,10
sw-06451,Zaxxovia,Gomar,Inner Rim,K-14,K,14
sw-06452,Zchtek,Bortele,Mid Rim,R-8,R,8
sw-06453,Zebitrope,Centrality,Outer Rim Territories,T-8,T,8
sw-06454,Zeenada,Immerian Outback,Expansion Region,O-14,O,14
sw-06455,Zeffo,Kanz,Outer Rim Territories,M-3,M,3
sw-06456,ZeHeth,Dustig,Mid Rim,N-16,N,16
sw-06457,Zeitooine,,Inner Rim,N-13,N,13
sw-06458,Zekulae,Zeemacht Cluster,Inner Rim,N-8,N,8
sw-06459,Zelaba,Outer Jalor,Mid Rim,I-7,I,7
sw-06460,Zelos,Tyus,Mid Rim,N-16,N,16
sw-06461,Zeltros,,Inner Rim,O-10,O,10
sw-06462,Zemiah's Den,,Core Worlds,J-12,J,12
sw-06463,Zenezia,Thand,Expansion Region,J-15,J,15
sw-06464,Zenn-La,Venzeiia,Expansion Region,O-12,O,12
sw-06465,Zenox Cluster,,Colonies,K-13,K,13
sw-06466,Zeolosia,Mulgard (Hallu),Mid Rim,N-16,N,16
sw-06467,Zephry,Javin (Anoat),Outer Rim Territories,K-18,K,18
sw-06468,Zequardia,Dalchon,Outer Rim Territories,R-17,R,17
sw-06469,Zerm,Kessel,Outer Rim Territories,T-10,T,10
sw-06470,Zero Drift,Lantillian,Mid Rim,P-8,P,8
sw-06471,Zeta 0-9,,Wild Space,K-2,K,2
sw-06472,Zhadalene,Kanz,Outer Rim Territories,N-4,N,4
sw-06473,Zhann,,Colonies,M-13,M,13
sw-06474,Zhanox,Javin (Anoat),Outer Rim Territories,K-18,K,18
sw-06475,Zhina,Farlax,Core Worlds,K-10,K,10
sw-06476,Zhotta,Mayagil,Outer Rim Territories,M-18,M,18
sw-06477,Zi'Dek,Kallea,Outer Rim Territories,K-20,K,20
sw-06478,Zigoola,,Wild Space,U-6,U,6
sw-06479,Zimara,Calaron,Outer Rim Territories,U-9,U,9
sw-06480,Zin Taal,Carrion,Outer Rim Territories,J-4,J,4
sw-06481,Ziost,Esstran (Sith Worlds),Outer Rim Territories,R-4,R,4
sw-06482,Zipthar,Dalonbian,Outer Rim Territories,L-2,L,2
sw-06483,Zircon,Calaron,Outer Rim Territories,T-9,T,9
sw-06484,Zirulast,Belasco,Expansion Region,P-11,P,11
sw-06485,Zisia,,Hutt Space,S-10,S,10
sw-06486,Zissh,Brevost,Expansion Region,O-15,O,15
sw-06487,Ziugen,,Hutt Space,T-12,T,12
sw-06488,Zlarbv,,Inner Rim,O-10,O,10
sw-06489,Zobbera,Karthakk,Outer Rim Territories,Q-17,Q,17
sw-06490,Zoh,Sarka,Mid Rim,Q-8,Q,8
sw-06491,Zohakka,Corthenia,Mid Rim,K-7,K,7
sw-06492,Zolan,Lambda,Mid Rim,P-16,P,16
sw-06493,Zoma,Hunnoverrs,Outer Rim Territories,S-17,S,17
sw-06494,Zona Miki,Thrasybule,Outer Rim Territories,P-6,P,6
sw-06495,Zongorlu,Noonian,Outer Rim Territories,M-6,M,6
sw-06496,Zonju,,Wild Space,J-21,J,21
sw-06497,Zoph,Wazta,Outer Rim Territories,J-18,J,18
sw-06498,Zoraster,Zoraster,Outer Rim Territories,U-13,U,13
sw-06499,Zorb,Meram,Outer Rim Territories,O-4,O,4
sw-06500,Zorbia,Zuma (Moddell),Outer Rim Territories,H-16,H,16
sw-06501,Zosha,,Unknown Regions,F-6,F,6
sw-06502,Zrak,Nijune,Outer Rim Territories,N-5,N,5
sw-06503,Zuggit,,Inner Rim,M-13,M,13
sw-06504,Zuliria,Eucer,Mid Rim,R-7,R,7
sw-06505,Zusi,Var Hagen,Mid Rim,M-16,M,16
sw-06506,ZXK-100346,Atravis,Outer Rim Territories,L-19,L,19
sw-06507,Zybahhod,Herios,Outer Rim Territories,T-15,T,15
sw-06508,Zygerria,Chorlian,Outer Rim Territories,S-4,S,4
sw-06509,Zygia,Manda,Mid Rim,R-14,R,14
sw-06510,Zyluria,Juvex,Mid Rim,L-17,L,17
sw-06511,Zyzar,Astal,Outer Rim Territories,Q-17,Q,17
sw-06512,Zyzek,,Unknown Regions,F-9,F,9
sw-06513,Zznza,Yminis,Outer Rim Territories,S-14,S,14
